--
-- PostgreSQL database dump
--

-- Dumped from database version 17.5
-- Dumped by pg_dump version 17.5

-- Started on 2025-07-08 01:52:42

SET statement_timeout = 0;
SET lock_timeout = 0;
SET idle_in_transaction_session_timeout = 0;
SET transaction_timeout = 0;
SET client_encoding = 'UTF8';
SET standard_conforming_strings = on;
SELECT pg_catalog.set_config('search_path', '', false);
SET check_function_bodies = false;
SET xmloption = content;
SET client_min_messages = warning;
SET row_security = off;

SET default_tablespace = '';

SET default_table_access_method = heap;

--
-- TOC entry 220 (class 1259 OID 49163)
-- Name: attornies; Type: TABLE; Schema: public; Owner: postgres
--

CREATE TABLE public.attornies (
    id integer NOT NULL,
    name character varying(255) NOT NULL,
    phone_number character varying(20),
    status bit(1) DEFAULT '1'::"bit" NOT NULL,
    created_at timestamp without time zone NOT NULL,
    updated_at timestamp without time zone NOT NULL
);


ALTER TABLE public.attornies OWNER TO postgres;

--
-- TOC entry 219 (class 1259 OID 49162)
-- Name: attornies_id_seq; Type: SEQUENCE; Schema: public; Owner: postgres
--

CREATE SEQUENCE public.attornies_id_seq
    AS integer
    START WITH 1
    INCREMENT BY 1
    NO MINVALUE
    NO MAXVALUE
    CACHE 1;


ALTER SEQUENCE public.attornies_id_seq OWNER TO postgres;

--
-- TOC entry 4980 (class 0 OID 0)
-- Dependencies: 219
-- Name: attornies_id_seq; Type: SEQUENCE OWNED BY; Schema: public; Owner: postgres
--

ALTER SEQUENCE public.attornies_id_seq OWNED BY public.attornies.id;


--
-- TOC entry 224 (class 1259 OID 49183)
-- Name: bills; Type: TABLE; Schema: public; Owner: postgres
--

CREATE TABLE public.bills (
    id bigint NOT NULL,
    patient_id integer NOT NULL,
    attorney_id integer NOT NULL,
    location_id integer NOT NULL,
    description jsonb,
    visit_date date,
    billed_date date NOT NULL,
    total_billed_charges numeric(18,2) NOT NULL,
    status bit(1) DEFAULT '1'::"bit" NOT NULL,
    created_at timestamp without time zone NOT NULL,
    updated_at timestamp without time zone NOT NULL
);


ALTER TABLE public.bills OWNER TO postgres;

--
-- TOC entry 223 (class 1259 OID 49182)
-- Name: bills_id_seq; Type: SEQUENCE; Schema: public; Owner: postgres
--

CREATE SEQUENCE public.bills_id_seq
    START WITH 1
    INCREMENT BY 1
    NO MINVALUE
    NO MAXVALUE
    CACHE 1;


ALTER SEQUENCE public.bills_id_seq OWNER TO postgres;

--
-- TOC entry 4981 (class 0 OID 0)
-- Dependencies: 223
-- Name: bills_id_seq; Type: SEQUENCE OWNED BY; Schema: public; Owner: postgres
--

ALTER SEQUENCE public.bills_id_seq OWNED BY public.bills.id;


--
-- TOC entry 218 (class 1259 OID 49153)
-- Name: locations; Type: TABLE; Schema: public; Owner: postgres
--

CREATE TABLE public.locations (
    id integer NOT NULL,
    name character varying(255) NOT NULL,
    status bit(1) DEFAULT '1'::"bit" NOT NULL,
    created_at timestamp without time zone NOT NULL,
    updated_at timestamp without time zone NOT NULL
);


ALTER TABLE public.locations OWNER TO postgres;

--
-- TOC entry 217 (class 1259 OID 49152)
-- Name: locations_id_seq; Type: SEQUENCE; Schema: public; Owner: postgres
--

CREATE SEQUENCE public.locations_id_seq
    AS integer
    START WITH 1
    INCREMENT BY 1
    NO MINVALUE
    NO MAXVALUE
    CACHE 1;


ALTER SEQUENCE public.locations_id_seq OWNER TO postgres;

--
-- TOC entry 4982 (class 0 OID 0)
-- Dependencies: 217
-- Name: locations_id_seq; Type: SEQUENCE OWNED BY; Schema: public; Owner: postgres
--

ALTER SEQUENCE public.locations_id_seq OWNED BY public.locations.id;


--
-- TOC entry 228 (class 1259 OID 49227)
-- Name: patient_attorny_log; Type: TABLE; Schema: public; Owner: postgres
--

CREATE TABLE public.patient_attorny_log (
    id bigint NOT NULL,
    patient_id bigint NOT NULL,
    attorney_id bigint NOT NULL,
    visit_date date NOT NULL,
    created_at timestamp without time zone DEFAULT now(),
    updated_at timestamp without time zone DEFAULT now(),
    location_id integer
);


ALTER TABLE public.patient_attorny_log OWNER TO postgres;

--
-- TOC entry 227 (class 1259 OID 49226)
-- Name: patient_attorny_log_id_seq; Type: SEQUENCE; Schema: public; Owner: postgres
--

CREATE SEQUENCE public.patient_attorny_log_id_seq
    START WITH 1
    INCREMENT BY 1
    NO MINVALUE
    NO MAXVALUE
    CACHE 1;


ALTER SEQUENCE public.patient_attorny_log_id_seq OWNER TO postgres;

--
-- TOC entry 4983 (class 0 OID 0)
-- Dependencies: 227
-- Name: patient_attorny_log_id_seq; Type: SEQUENCE OWNED BY; Schema: public; Owner: postgres
--

ALTER SEQUENCE public.patient_attorny_log_id_seq OWNED BY public.patient_attorny_log.id;


--
-- TOC entry 226 (class 1259 OID 49208)
-- Name: patient_location_log; Type: TABLE; Schema: public; Owner: postgres
--

CREATE TABLE public.patient_location_log (
    id bigint NOT NULL,
    patient_id bigint NOT NULL,
    location_id bigint NOT NULL,
    visit_date date NOT NULL,
    created_at timestamp without time zone DEFAULT now(),
    updated_at timestamp without time zone DEFAULT now()
);


ALTER TABLE public.patient_location_log OWNER TO postgres;

--
-- TOC entry 225 (class 1259 OID 49207)
-- Name: patient_location_log_id_seq; Type: SEQUENCE; Schema: public; Owner: postgres
--

CREATE SEQUENCE public.patient_location_log_id_seq
    START WITH 1
    INCREMENT BY 1
    NO MINVALUE
    NO MAXVALUE
    CACHE 1;


ALTER SEQUENCE public.patient_location_log_id_seq OWNER TO postgres;

--
-- TOC entry 4984 (class 0 OID 0)
-- Dependencies: 225
-- Name: patient_location_log_id_seq; Type: SEQUENCE OWNED BY; Schema: public; Owner: postgres
--

ALTER SEQUENCE public.patient_location_log_id_seq OWNED BY public.patient_location_log.id;


--
-- TOC entry 222 (class 1259 OID 49173)
-- Name: patients; Type: TABLE; Schema: public; Owner: postgres
--

CREATE TABLE public.patients (
    id integer NOT NULL,
    external_mrn character varying(10) NOT NULL,
    first_name character varying(255) NOT NULL,
    middle_name character varying(255),
    last_name character varying(255),
    dob date,
    email character varying(255),
    phone_number character varying(20),
    status bit(1) DEFAULT '1'::"bit" NOT NULL,
    created_at timestamp without time zone NOT NULL,
    updated_at timestamp without time zone NOT NULL,
    gender character varying(10)
);


ALTER TABLE public.patients OWNER TO postgres;

--
-- TOC entry 221 (class 1259 OID 49172)
-- Name: patients_id_seq; Type: SEQUENCE; Schema: public; Owner: postgres
--

CREATE SEQUENCE public.patients_id_seq
    AS integer
    START WITH 1
    INCREMENT BY 1
    NO MINVALUE
    NO MAXVALUE
    CACHE 1;


ALTER SEQUENCE public.patients_id_seq OWNER TO postgres;

--
-- TOC entry 4985 (class 0 OID 0)
-- Dependencies: 221
-- Name: patients_id_seq; Type: SEQUENCE OWNED BY; Schema: public; Owner: postgres
--

ALTER SEQUENCE public.patients_id_seq OWNED BY public.patients.id;


--
-- TOC entry 230 (class 1259 OID 57348)
-- Name: settlements; Type: TABLE; Schema: public; Owner: postgres
--

CREATE TABLE public.settlements (
    id integer NOT NULL,
    patient_id integer,
    attorney_id integer,
    settlement_date date NOT NULL,
    total_billed_charges numeric(18,2) NOT NULL,
    status bit(1) DEFAULT '1'::"bit" NOT NULL,
    created_at timestamp without time zone NOT NULL,
    updated_at timestamp without time zone NOT NULL,
    settlement_percentage numeric(18,2),
    settlement_amount numeric(18,2) NOT NULL
);


ALTER TABLE public.settlements OWNER TO postgres;

--
-- TOC entry 229 (class 1259 OID 57347)
-- Name: selttlements_id_seq; Type: SEQUENCE; Schema: public; Owner: postgres
--

CREATE SEQUENCE public.selttlements_id_seq
    AS integer
    START WITH 1
    INCREMENT BY 1
    NO MINVALUE
    NO MAXVALUE
    CACHE 1;


ALTER SEQUENCE public.selttlements_id_seq OWNER TO postgres;

--
-- TOC entry 4986 (class 0 OID 0)
-- Dependencies: 229
-- Name: selttlements_id_seq; Type: SEQUENCE OWNED BY; Schema: public; Owner: postgres
--

ALTER SEQUENCE public.selttlements_id_seq OWNED BY public.settlements.id;


--
-- TOC entry 4774 (class 2604 OID 49166)
-- Name: attornies id; Type: DEFAULT; Schema: public; Owner: postgres
--

ALTER TABLE ONLY public.attornies ALTER COLUMN id SET DEFAULT nextval('public.attornies_id_seq'::regclass);


--
-- TOC entry 4778 (class 2604 OID 49186)
-- Name: bills id; Type: DEFAULT; Schema: public; Owner: postgres
--

ALTER TABLE ONLY public.bills ALTER COLUMN id SET DEFAULT nextval('public.bills_id_seq'::regclass);


--
-- TOC entry 4772 (class 2604 OID 49156)
-- Name: locations id; Type: DEFAULT; Schema: public; Owner: postgres
--

ALTER TABLE ONLY public.locations ALTER COLUMN id SET DEFAULT nextval('public.locations_id_seq'::regclass);


--
-- TOC entry 4783 (class 2604 OID 49230)
-- Name: patient_attorny_log id; Type: DEFAULT; Schema: public; Owner: postgres
--

ALTER TABLE ONLY public.patient_attorny_log ALTER COLUMN id SET DEFAULT nextval('public.patient_attorny_log_id_seq'::regclass);


--
-- TOC entry 4780 (class 2604 OID 49211)
-- Name: patient_location_log id; Type: DEFAULT; Schema: public; Owner: postgres
--

ALTER TABLE ONLY public.patient_location_log ALTER COLUMN id SET DEFAULT nextval('public.patient_location_log_id_seq'::regclass);


--
-- TOC entry 4776 (class 2604 OID 49176)
-- Name: patients id; Type: DEFAULT; Schema: public; Owner: postgres
--

ALTER TABLE ONLY public.patients ALTER COLUMN id SET DEFAULT nextval('public.patients_id_seq'::regclass);


--
-- TOC entry 4786 (class 2604 OID 57351)
-- Name: settlements id; Type: DEFAULT; Schema: public; Owner: postgres
--

ALTER TABLE ONLY public.settlements ALTER COLUMN id SET DEFAULT nextval('public.selttlements_id_seq'::regclass);


--
-- TOC entry 4964 (class 0 OID 49163)
-- Dependencies: 220
-- Data for Name: attornies; Type: TABLE DATA; Schema: public; Owner: postgres
--

COPY public.attornies (id, name, phone_number, status, created_at, updated_at) FROM stdin;
29	The Powell Law Firm TPLF	702-728-5500	1	2025-06-28 20:22:49.238559	2025-06-28 20:22:49.238562
30	Adam Kutner		1	2025-06-28 20:22:49.669839	2025-06-28 20:22:49.669841
31	Benson & Bingham	702-382-9797	1	2025-06-28 20:22:50.284056	2025-06-28 20:22:50.284058
32	Henness & Haight		1	2025-06-28 20:22:50.661382	2025-06-28 20:22:50.661384
33	Hicks & Brasier		1	2025-06-28 20:22:50.921854	2025-06-28 20:22:50.921856
34	Hunter Parker	702-544-1789	1	2025-06-28 20:22:51.256635	2025-06-28 20:22:51.256638
35	Morris Injury Law	855-667-7529	1	2025-06-28 20:22:51.655481	2025-06-28 20:22:51.655484
36	Sam & Ash Law		1	2025-06-28 20:22:51.937603	2025-06-28 20:22:51.937604
37	The Cottner Firm	702-382-1170	1	2025-06-28 20:22:52.330693	2025-06-28 20:22:52.330695
38	Vannah & Vannah		1	2025-06-28 20:22:52.856832	2025-06-28 20:22:52.856835
39	Brock Ohlson		1	2025-06-28 20:22:53.917202	2025-06-28 20:22:53.917205
40	Gallagher & Lipshutz	702-381-3770	1	2025-06-28 20:22:54.19346	2025-06-28 20:22:54.193463
41	Richard Harris Law Firm	702-550-7537	1	2025-06-28 20:22:54.588023	2025-06-28 20:22:54.588025
42	Winners Circle Injury Law	702-900-7722	1	2025-06-28 20:22:54.984366	2025-06-28 20:22:54.984369
43	BD&J	855-906-3699	1	2025-06-28 20:22:58.71887	2025-06-28 20:22:58.718872
44	O'Reily Law Group	702-382-2500	1	2025-06-28 20:22:58.969965	2025-06-28 20:22:58.969967
45	The Firm LA, PC		1	2025-06-28 20:22:59.61257	2025-06-28 20:22:59.612572
46	Vegas Valley Injury Law	702-444-5555	1	2025-06-28 20:22:59.884198	2025-06-28 20:22:59.884201
47	Cram Valdez Brigman & Nelson (CVBN)		1	2025-06-28 20:23:03.172903	2025-06-28 20:23:03.172906
48	Do Phu & Anh Tuan, PLC	714-590-1700	1	2025-06-28 20:23:03.545124	2025-06-28 20:23:03.545128
49	Nevada Legal Group	702-538-7824	1	2025-06-28 20:23:04.188494	2025-06-28 20:23:04.188497
50	Paul Padda Law	702-366-1888	1	2025-06-28 20:23:04.378518	2025-06-28 20:23:04.37852
51	Ryan Alexander		1	2025-06-28 20:23:05.611854	2025-06-28 20:23:05.611856
52	Glen Howard		1	2025-06-28 20:23:09.548725	2025-06-28 20:23:09.548728
53	Lerner and Rowe		1	2025-06-28 20:23:09.929515	2025-06-28 20:23:09.929517
54	Brian Boyer	702-514-1414	1	2025-06-28 20:23:12.33897	2025-06-28 20:23:12.338972
55	Sprenz Law	\N	1	2025-07-06 14:45:29.279297	2025-07-06 14:45:29.2793
56	Hutchings Law Group	\N	1	2025-07-06 14:46:59.999754	2025-07-06 14:46:59.999757
57	Edward M. Bernstein & Associates	\N	1	2025-07-06 14:47:00.211981	2025-07-06 14:47:00.211987
58	Shook & Stone	\N	1	2025-07-06 14:47:00.785787	2025-07-06 14:47:00.78579
59	Heaton & Associates	\N	1	2025-07-06 14:47:00.935591	2025-07-06 14:47:00.935595
60	Kung & Brown	\N	1	2025-07-06 14:47:01.479148	2025-07-06 14:47:01.479151
61	Moulton Law Firm (Meesha Moulton)	\N	1	2025-07-06 14:47:01.737514	2025-07-06 14:47:01.737517
62	Boyack Law Group	\N	1	2025-07-06 14:47:02.022857	2025-07-06 14:47:02.02286
63	The Cottner Law Firm	\N	1	2025-07-06 14:47:02.150747	2025-07-06 14:47:02.15075
64	Moss & Berg	\N	1	2025-07-06 14:47:02.709524	2025-07-06 14:47:02.709527
65	Tanner Law Firm	\N	1	2025-07-06 14:47:02.969362	2025-07-06 14:47:02.969366
66	David Sampson	\N	1	2025-07-06 14:47:03.113669	2025-07-06 14:47:03.113671
67	Eric Palacios & Associates	\N	1	2025-07-06 14:47:03.31121	2025-07-06 14:47:03.311213
68	KristOf Law Group	\N	1	2025-07-06 14:47:03.524108	2025-07-06 14:47:03.524111
69	Ladah Law Firm	\N	1	2025-07-06 14:47:04.414861	2025-07-06 14:47:04.414864
70	David Boehrer Law Firm	\N	1	2025-07-06 14:47:04.849583	2025-07-06 14:47:04.849586
71	Menocal Law Group	\N	1	2025-07-06 14:47:05.256118	2025-07-06 14:47:05.256121
72	Ace Lakhani Law Firm	\N	1	2025-07-06 14:47:05.495227	2025-07-06 14:47:05.49523
73	Law Office of Mauro Fiore Jr.	\N	1	2025-07-06 14:47:05.932503	2025-07-06 14:47:05.932506
74	ER Injury Attorneys	\N	1	2025-07-06 14:47:06.488686	2025-07-06 14:47:06.488689
75	Greenman Goldberg Raby and Martinez	\N	1	2025-07-06 14:47:06.950357	2025-07-06 14:47:06.95036
76	Albright, Stoddard, Warnick, & Albright	\N	1	2025-07-06 14:47:07.867538	2025-07-06 14:47:07.867541
77	Van Law Firm	\N	1	2025-07-06 14:47:08.353886	2025-07-06 14:47:08.35389
78	CEGA Law Group	\N	1	2025-07-06 14:47:08.670066	2025-07-06 14:47:08.670069
79	Clear Counsel Law Group	\N	1	2025-07-06 14:47:08.99103	2025-07-06 14:47:08.991033
80	RICHARD HARRIS LAW FIRM	\N	1	2025-07-06 14:47:09.77773	2025-07-06 14:47:09.777733
81	Huang & Associates	\N	1	2025-07-06 14:47:10.291617	2025-07-06 14:47:10.29162
82	Gallagher Law	\N	1	2025-07-06 14:47:10.553975	2025-07-06 14:47:10.553978
83	Craig P.Kenny & Associates	\N	1	2025-07-06 14:47:11.289741	2025-07-06 14:47:11.289744
84	The Advocates Law Group	\N	1	2025-07-06 14:47:14.124484	2025-07-06 14:47:14.124487
85	Saggese & Associates	\N	1	2025-07-06 14:47:14.701536	2025-07-06 14:47:14.701539
86	Nevada Injury Law	\N	1	2025-07-06 14:47:15.835707	2025-07-06 14:47:15.83571
87	The 702 Law Firm	\N	1	2025-07-06 14:47:16.697433	2025-07-06 14:47:16.697436
88	The Law Firm Daniel Kim	\N	1	2025-07-06 14:47:17.493413	2025-07-06 14:47:17.493415
89	YMPK Law Group, Inc	\N	1	2025-07-06 14:47:18.782474	2025-07-06 14:47:18.782478
90	Burk Injury Lawyers	\N	1	2025-07-06 14:47:19.488293	2025-07-06 14:47:19.488295
91	Dimopoulos Injury Law	\N	1	2025-07-06 14:47:20.354059	2025-07-06 14:47:20.354061
92	Dang Law Group	\N	1	2025-07-06 14:47:20.998676	2025-07-06 14:47:20.998679
93	G. Dallas Horton	\N	1	2025-07-06 14:47:21.367235	2025-07-06 14:47:21.367238
94	Victory Law	\N	1	2025-07-06 14:47:21.74859	2025-07-06 14:47:21.748593
95	The Firm LA, P.C.	\N	1	2025-07-06 14:47:22.738372	2025-07-06 14:47:22.738374
96	Anthony Paglia Injury Lawyer	\N	1	2025-07-06 14:47:22.88921	2025-07-06 14:47:22.889213
97	Lloyd Baker	\N	1	2025-07-06 14:47:24.626283	2025-07-06 14:47:24.626285
98	Karns & Karns	\N	1	2025-07-06 14:47:25.205096	2025-07-06 14:47:25.2051
99	Car Accident Lawyer Pros	\N	1	2025-07-06 15:14:55.372868	2025-07-06 15:14:55.372872
100	Drake Legal Group	\N	1	2025-07-06 15:14:57.180144	2025-07-06 15:14:57.180146
101	Hale Injury Law	\N	1	2025-07-06 15:14:57.601019	2025-07-06 15:14:57.601022
102	Willoughby Shulman Injury Lawyers	\N	1	2025-07-06 15:14:59.627029	2025-07-06 15:14:59.627033
103	Heshmati & Associates	\N	1	2025-07-06 15:15:00.087931	2025-07-06 15:15:00.087934
104	Law Offices Of Eric k.Chen	\N	1	2025-07-06 15:15:00.29982	2025-07-06 15:15:00.299823
105	Pacific West Injury Law	\N	1	2025-07-06 15:15:02.125636	2025-07-06 15:15:02.125643
106	Nwogbe Law Group	\N	1	2025-07-06 15:15:06.21074	2025-07-06 15:15:06.210747
107	Cram Valdez Brigman & Nelson	\N	1	2025-07-06 15:15:08.428871	2025-07-06 15:15:08.428874
108	The Hill Firm	\N	1	2025-07-06 15:15:10.810642	2025-07-06 15:15:10.810647
109	Aaron Law Group	\N	1	2025-07-06 15:15:14.358809	2025-07-06 15:15:14.358812
110	Naqvi Injury Law	\N	1	2025-07-06 15:15:15.700949	2025-07-06 15:15:15.700952
111	Nobles & Yanez	\N	1	2025-07-06 15:15:16.29119	2025-07-06 15:15:16.291194
112	Mitchell Rodger's Injury Law	\N	1	2025-07-06 15:15:17.011922	2025-07-06 15:15:17.011926
113	Jerez Law	\N	1	2025-07-06 15:15:24.580514	2025-07-06 15:15:24.580521
114	Eric Blank	\N	1	2025-07-06 15:15:26.32867	2025-07-06 15:15:26.328676
115	Pomponio Injury Law	\N	1	2025-07-06 15:15:34.292473	2025-07-06 15:15:34.292477
116	Christiansen Trial Lawyers	\N	1	2025-07-06 15:15:35.127243	2025-07-06 15:15:35.127246
117	Christmas Foster Injury Law	\N	1	2025-07-06 15:15:36.996198	2025-07-06 15:15:36.996202
118	Nehme-Tomalka & Associates	\N	1	2025-07-06 15:15:38.192405	2025-07-06 15:15:38.192408
119	Johnson & Gubler PC	\N	1	2025-07-06 15:15:43.733368	2025-07-06 15:15:43.733371
120	SJW Injury Law	\N	1	2025-07-06 15:15:44.772418	2025-07-06 15:15:44.772421
121	Hooks Meng & Clement	\N	1	2025-07-06 15:15:44.961307	2025-07-06 15:15:44.961311
122	Angulo Law Group	\N	1	2025-07-06 15:15:50.298085	2025-07-06 15:15:50.29809
123	Manuel Montelongo Law Offices	\N	1	2025-07-06 15:15:53.854528	2025-07-06 15:15:53.854541
124	Kevin R Hansen Law	\N	1	2025-07-06 15:15:56.854947	2025-07-06 15:15:56.854959
125	Adams, Ren Tavian	\N	1	2025-07-06 15:15:59.487624	2025-07-06 15:15:59.487627
126	Parke Injury Law Firm	\N	1	2025-07-06 15:16:00.219784	2025-07-06 15:16:00.219787
127	FriedMan Injury Law	\N	1	2025-07-06 15:16:06.940162	2025-07-06 15:16:06.940165
128	Griffin Law Group	\N	1	2025-07-06 15:16:09.754788	2025-07-06 15:16:09.754792
129	Gazda & Tadayon Lawyers	\N	1	2025-07-06 15:16:14.753091	2025-07-06 15:16:14.753096
130	Brent Carson / Winner & Carson	\N	1	2025-07-06 15:16:15.476097	2025-07-06 15:16:15.4761
131	Sin City Law	\N	1	2025-07-06 15:16:15.940447	2025-07-06 15:16:15.94045
132	O'Reilly Law Group	\N	1	2025-07-06 15:16:17.92947	2025-07-06 15:16:17.929474
133	Alcock & Associates P.C.	\N	1	2025-07-06 15:16:18.581017	2025-07-06 15:16:18.581024
134	Eric H Woods Law Offices	\N	1	2025-07-06 15:16:25.572128	2025-07-06 15:16:25.57214
135	Legal Ride Personal Injury & Criminal Defense Attorneys	\N	1	2025-07-06 15:16:36.633545	2025-07-06 15:16:36.633558
136	Steven Parke	\N	1	2025-07-06 15:16:46.957919	2025-07-06 15:16:46.957924
137	Connell Law	\N	1	2025-07-06 15:16:50.78854	2025-07-06 15:16:50.788544
138	Heidari Law Group	\N	1	2025-07-06 15:16:53.263791	2025-07-06 15:16:53.263805
139	Clark Law Group	\N	1	2025-07-06 15:16:53.855264	2025-07-06 15:16:53.855279
140	Injury Lawyers of Nevada	\N	1	2025-07-06 15:16:54.69377	2025-07-06 15:16:54.693784
141	Donn Prokopius & Beasley	\N	1	2025-07-06 15:16:59.697202	2025-07-06 15:16:59.697218
142	Remmel Law Firm	\N	1	2025-07-06 15:17:01.485063	2025-07-06 15:17:01.485076
143	DR Patti & Associates	\N	1	2025-07-06 15:17:17.700846	2025-07-06 15:17:17.700859
144	Maddox & Cisneros, llp	\N	1	2025-07-06 15:17:19.296028	2025-07-06 15:17:19.296043
145	LJU Law Firm	\N	1	2025-07-06 15:17:20.260643	2025-07-06 15:17:20.260655
146		\N	1	2025-07-06 15:17:33.192249	2025-07-06 15:17:33.192254
147	Loftus Law	\N	1	2025-07-06 15:17:36.54444	2025-07-06 15:17:36.544443
148	Bay Law	\N	1	2025-07-06 15:17:40.49897	2025-07-06 15:17:40.498973
149	Battle Born	\N	1	2025-07-06 15:17:41.277097	2025-07-06 15:17:41.2771
150	Greg D.Jenson	\N	1	2025-07-06 15:17:41.951682	2025-07-06 15:17:41.951685
151	Muaina Injury Law	\N	1	2025-07-06 15:17:42.627527	2025-07-06 15:17:42.62753
152	Boyack Law group	\N	1	2025-07-06 15:17:44.305286	2025-07-06 15:17:44.305289
153	Trachtman Law LLC	\N	1	2025-07-06 15:17:44.997174	2025-07-06 15:17:44.997178
154	Temple Injury Law	\N	1	2025-07-06 15:17:45.321948	2025-07-06 15:17:45.321951
155	Zhengyi Law Group	\N	1	2025-07-06 15:17:48.876594	2025-07-06 15:17:48.876598
156	De Vera Law Group	\N	1	2025-07-06 15:17:49.446068	2025-07-06 15:17:49.446071
157	The Law Offices of Glen A. Howard Esq., LLC.	\N	1	2025-07-06 15:17:52.012148	2025-07-06 15:17:52.012151
158	Benson Allred	\N	1	2025-07-06 15:17:55.134166	2025-07-06 15:17:55.134169
159	Howard & Howard	\N	1	2025-07-06 15:17:55.352744	2025-07-06 15:17:55.352747
160	Richard M. Lester	\N	1	2025-07-06 15:17:58.124806	2025-07-06 15:17:58.12481
161	Paul PADDA law	\N	1	2025-07-06 15:17:59.557044	2025-07-06 15:17:59.557047
162	Benjamin Durham	\N	1	2025-07-06 15:18:01.949996	2025-07-06 15:18:01.949999
163	The Ruiz Law Firm	\N	1	2025-07-06 15:18:05.606725	2025-07-06 15:18:05.606728
164	The 702 Firm	\N	1	2025-07-06 15:18:06.952404	2025-07-06 15:18:06.95241
165	Nemerof law	\N	1	2025-07-06 15:18:11.550247	2025-07-06 15:18:11.550251
166	Gina Corena	\N	1	2025-07-06 15:18:13.302738	2025-07-06 15:18:13.302741
167	Gladiator Injury Law	\N	1	2025-07-06 15:18:14.96193	2025-07-06 15:18:14.961933
168	Hawkins	\N	1	2025-07-06 15:18:18.562108	2025-07-06 15:18:18.562112
169	Law Firm of Parke Esquire	\N	1	2025-07-06 15:18:21.563065	2025-07-06 15:18:21.563068
170	The Hicks & Braiser	\N	1	2025-07-06 15:18:22.748776	2025-07-06 15:18:22.74878
171	Downtown L.A. Law Group	\N	1	2025-07-06 15:18:22.93716	2025-07-06 15:18:22.937163
172	Ameer Shah	\N	1	2025-07-06 15:18:24.21846	2025-07-06 15:18:24.218463
173	McAvoy Amaya & Revero, Attorneys	\N	1	2025-07-06 15:18:24.406911	2025-07-06 15:18:24.406915
174	Guido Injury Law	\N	1	2025-07-06 15:18:26.939882	2025-07-06 15:18:26.939889
175	De Castroverde	\N	1	2025-07-06 15:18:32.061272	2025-07-06 15:18:32.061275
176	Paradise	\N	1	2025-07-06 15:18:33.810027	2025-07-06 15:18:33.810032
177	Michael Hua	\N	1	2025-07-06 15:18:34.275261	2025-07-06 15:18:34.275264
178	Calgget	\N	1	2025-07-06 15:18:36.137019	2025-07-06 15:18:36.137031
179	Rivera Law Group	\N	1	2025-07-06 15:18:36.45117	2025-07-06 15:18:36.451181
180	Black Burn	\N	1	2025-07-06 15:18:42.852921	2025-07-06 15:18:42.852926
181	Cox & Wilson	\N	1	2025-07-06 15:18:44.69596	2025-07-06 15:18:44.695963
182	The Law Office Of Glen	\N	1	2025-07-06 15:18:47.103832	2025-07-06 15:18:47.103835
183	Law Office of William	\N	1	2025-07-06 15:18:47.313944	2025-07-06 15:18:47.313946
184	Mountain West	\N	1	2025-07-06 15:18:53.720838	2025-07-06 15:18:53.720843
185	Lastein	\N	1	2025-07-06 15:18:54.724977	2025-07-06 15:18:54.724981
186	Dallas	\N	1	2025-07-06 15:18:56.257664	2025-07-06 15:18:56.257667
187	Massi	\N	1	2025-07-06 15:18:56.907481	2025-07-06 15:18:56.907483
188	Eric	\N	1	2025-07-06 15:18:57.791678	2025-07-06 15:18:57.791681
189	ERIC PALACIOS & ASSOCIATES	\N	1	2025-07-06 15:18:58.357842	2025-07-06 15:18:58.357853
190	VEGAS VALLEY INJURY LAW	\N	1	2025-07-06 15:19:13.028962	2025-07-06 15:19:13.028974
191	GALLAGHER LAW	\N	1	2025-07-06 15:19:14.181447	2025-07-06 15:19:14.181459
192	The Firm	\N	1	2025-07-06 15:19:15.36127	2025-07-06 15:19:15.361289
193	Christiansen trial lawyers	\N	1	2025-07-06 15:19:32.858022	2025-07-06 15:19:32.858034
194	Paul Padda	\N	1	2025-07-06 15:19:35.915615	2025-07-06 15:19:35.915627
195	Sam & Aish	\N	1	2025-07-06 15:19:38.151686	2025-07-06 15:19:38.151703
196	The Personal Injury	\N	1	2025-07-06 15:19:40.94142	2025-07-06 15:19:40.941434
197	Law Offices OF Meesha	\N	1	2025-07-06 15:19:41.529151	2025-07-06 15:19:41.529166
198	SAGGESE & ASSOCIATES	\N	1	2025-07-06 15:19:41.964732	2025-07-06 15:19:41.964749
199	PACIFIC WEST INJURY LAW	\N	1	2025-07-06 15:19:42.77414	2025-07-06 15:19:42.774153
200	GGRM	\N	1	2025-07-06 15:19:44.770734	2025-07-06 15:19:44.770747
201	Sam & Ash	\N	1	2025-07-06 15:19:49.587902	2025-07-06 15:19:49.587917
202	Dufour Law	\N	1	2025-07-06 15:20:02.367501	2025-07-06 15:20:02.367504
203	Hicks & Braiser	\N	1	2025-07-06 15:20:02.670248	2025-07-06 15:20:02.670254
204	Christiansen Trial Law	\N	1	2025-07-06 15:20:03.33173	2025-07-06 15:20:03.331734
205	Dimopoulos Law Firm	\N	1	2025-07-06 15:20:04.233541	2025-07-06 15:20:04.233543
206	Paul	\N	1	2025-07-06 15:20:05.047138	2025-07-06 15:20:05.047142
207	The firm	\N	1	2025-07-06 15:20:07.897087	2025-07-06 15:20:07.89709
208	THE 702 Law Firm	\N	1	2025-07-06 15:20:08.10591	2025-07-06 15:20:08.105913
209	Michael Hua Law LLC	\N	1	2025-07-06 15:20:10.587295	2025-07-06 15:20:10.587297
210	Adam S. Kutner	\N	1	2025-07-06 15:20:15.422107	2025-07-06 15:20:15.42211
211	B Cas / Wi & Cas	\N	1	2025-07-06 15:20:17.35472	2025-07-06 15:20:17.354723
212	HESHMATI & ASSOCIATES	\N	1	2025-07-06 15:20:17.903253	2025-07-06 15:20:17.903261
213	BIGHORN LAW	\N	1	2025-07-06 15:20:20.366178	2025-07-06 15:20:20.366182
214	TANNER LAW FIRM	\N	1	2025-07-06 15:20:21.574615	2025-07-06 15:20:21.574619
215	Richard S. Johnson	\N	1	2025-07-06 15:20:23.293041	2025-07-06 15:20:23.293047
216	Lerner & Rowe	\N	1	2025-07-06 15:20:25.240774	2025-07-06 15:20:25.240785
217	The injury firm	\N	1	2025-07-06 15:20:27.643303	2025-07-06 15:20:27.64332
218	ILN Injury Law	\N	1	2025-07-06 15:20:31.469496	2025-07-06 15:20:31.46951
219	The May Firm	\N	1	2025-07-06 15:20:32.260275	2025-07-06 15:20:32.260288
220	Aisen, Gill & Associates	\N	1	2025-07-06 15:20:32.892772	2025-07-06 15:20:32.892784
221	Caig P. K	\N	1	2025-07-06 15:20:39.324575	2025-07-06 15:20:39.324589
222	MRI law	\N	1	2025-07-06 15:20:41.78283	2025-07-06 15:20:41.782843
223	Kch & Bim	\N	1	2025-07-06 15:20:42.941802	2025-07-06 15:20:42.941809
224	THE COTTNER FIRM	\N	1	2025-07-06 15:20:48.290663	2025-07-06 15:20:48.290676
225	JK Nelson	\N	1	2025-07-06 15:20:48.621762	2025-07-06 15:20:48.621776
226	Ladah Law	\N	1	2025-07-06 15:20:50.574232	2025-07-06 15:20:50.574245
227	Cofer & Geller	\N	1	2025-07-06 15:20:55.081858	2025-07-06 15:20:55.081872
228	Law Office of Eric K. Chen	\N	1	2025-07-06 15:20:55.415603	2025-07-06 15:20:55.415616
229	Vegas Valley	\N	1	2025-07-06 15:21:02.894616	2025-07-06 15:21:02.89463
230	Craig P. Kenny	\N	1	2025-07-06 15:21:04.806607	2025-07-06 15:21:04.806621
231	Richard Harris Law	\N	1	2025-07-06 15:21:12.03354	2025-07-06 15:21:12.033554
232	Cox and Wilson PLLC	\N	1	2025-07-06 15:21:12.950294	2025-07-06 15:21:12.950306
233	The Injury Firm	\N	1	2025-07-06 15:21:17.104426	2025-07-06 15:21:17.10444
234	Bcksm & Bcksm	\N	1	2025-07-06 15:21:20.365856	2025-07-06 15:21:20.365869
235	PAUL PADDA LAW	\N	1	2025-07-06 15:21:21.974759	2025-07-06 15:21:21.974772
236	Alemi Law Group, PC	\N	1	2025-07-06 15:21:23.013878	2025-07-06 15:21:23.013892
237	Hicks and brasier	\N	1	2025-07-06 15:21:27.365737	2025-07-06 15:21:27.36575
238	Deaver Crafton	\N	1	2025-07-06 15:21:28.899066	2025-07-06 15:21:28.899078
239	Christiansen Law Offices	\N	1	2025-07-06 15:21:34.856223	2025-07-06 15:21:34.856238
240	Bs & Bigham	\N	1	2025-07-06 15:21:38.253152	2025-07-06 15:21:38.253165
241	The Feldman Firm	\N	1	2025-07-06 15:21:49.104523	2025-07-06 15:21:49.104539
242	Karns & Karns LLP	\N	1	2025-07-06 15:21:50.985467	2025-07-06 15:21:50.985478
243	Hennes & Haight	\N	1	2025-07-06 15:21:51.731651	2025-07-06 15:21:51.731665
244	Saggese and Associates	\N	1	2025-07-06 15:21:55.469377	2025-07-06 15:21:55.469389
245	POWELL & PISMAN, PLLC	\N	1	2025-07-06 15:21:57.764783	2025-07-06 15:21:57.764795
246	Eic Palacis & Associates	\N	1	2025-07-06 15:22:05.620974	2025-07-06 15:22:05.620987
247	The Vegas Valley Injury	\N	1	2025-07-06 15:22:06.42288	2025-07-06 15:22:06.422893
248	Vannah Law	\N	1	2025-07-06 15:22:07.286806	2025-07-06 15:22:07.286819
249	Cap & Kudler	\N	1	2025-07-06 15:22:08.458978	2025-07-06 15:22:08.458991
250	Beckstrom Beckstrom	\N	1	2025-07-06 15:22:08.895774	2025-07-06 15:22:08.895787
251	Law Office of Lawrence Hill	\N	1	2025-07-06 15:22:09.619153	2025-07-06 15:22:09.619158
252	Mueller & Associates	\N	1	2025-07-06 15:22:10.094006	2025-07-06 15:22:10.094017
253	Azizi Law Firm	\N	1	2025-07-06 15:22:10.990012	2025-07-06 15:22:10.990025
254	Burris and Thomas	\N	1	2025-07-06 15:22:12.114862	2025-07-06 15:22:12.114875
255	The Paul Powell Law Firm	\N	1	2025-07-06 15:22:17.35693	2025-07-06 15:22:17.356943
256	Koch & Brim	\N	1	2025-07-06 15:22:22.814426	2025-07-06 15:22:22.814433
257	Eric K Chen	\N	1	2025-07-06 15:22:25.985924	2025-07-06 15:22:25.985937
258	Law offices of Jason W. Barrus	\N	1	2025-07-06 15:22:32.046118	2025-07-06 15:22:32.046131
259	West Coast Trial Lawyers	\N	1	2025-07-06 15:22:32.928969	2025-07-06 15:22:32.928981
260	Lawrence C. Hill & Associates	\N	1	2025-07-06 15:22:40.402048	2025-07-06 15:22:40.402061
261	Marzola & Ruiz	\N	1	2025-07-06 15:22:41.304935	2025-07-06 15:22:41.304948
262	Peralta Plank Law Firm	\N	1	2025-07-06 15:22:47.83193	2025-07-06 15:22:47.831943
263	Richard Harris	\N	1	2025-07-06 15:22:53.196615	2025-07-06 15:22:53.196626
264	Claggett & Sykes Law Firm	\N	1	2025-07-06 15:22:56.219288	2025-07-06 15:22:56.219299
265	ANKIN LAW OFFICE	\N	1	2025-07-06 15:22:57.432699	2025-07-06 15:22:57.432713
266	Zaman & Trippiedi PLLC	\N	1	2025-07-06 15:23:00.288614	2025-07-06 15:23:00.288628
267	Ofelia Markarian	\N	1	2025-07-06 15:23:01.407677	2025-07-06 15:23:01.407689
268	Jack Bernstein Injury Lawyers	\N	1	2025-07-06 15:23:02.924169	2025-07-06 15:23:02.924181
269	Hwang Law Group	\N	1	2025-07-06 15:23:09.493746	2025-07-06 15:23:09.493759
270	Marzola & Ruiz Law Group	\N	1	2025-07-06 15:23:10.405743	2025-07-06 15:23:10.405756
271	LBC Law Group	\N	1	2025-07-06 15:23:19.59776	2025-07-06 15:23:19.597772
272	Moss Berg Injury Lawyers	\N	1	2025-07-06 15:23:28.253078	2025-07-06 15:23:28.253091
\.


--
-- TOC entry 4968 (class 0 OID 49183)
-- Dependencies: 224
-- Data for Name: bills; Type: TABLE DATA; Schema: public; Owner: postgres
--

COPY public.bills (id, patient_id, attorney_id, location_id, description, visit_date, billed_date, total_billed_charges, status, created_at, updated_at) FROM stdin;
\.


--
-- TOC entry 4962 (class 0 OID 49153)
-- Dependencies: 218
-- Data for Name: locations; Type: TABLE DATA; Schema: public; Owner: postgres
--

COPY public.locations (id, name, status, created_at, updated_at) FROM stdin;
16	Aliante	1	2025-06-28 20:22:31.91513	2025-06-28 20:22:31.91513
17	Centennial	1	2025-06-28 20:22:32.138493	2025-06-28 20:22:32.138493
18	Nellis	1	2025-06-28 20:22:32.362105	2025-06-28 20:22:32.362105
19	Green Valley	1	2025-06-28 20:22:32.574347	2025-06-28 20:22:32.574347
20	Summerlin	1	2025-06-28 20:22:34.272135	2025-06-28 20:22:34.272135
21	MRI - Nellis	1	2025-06-28 20:22:34.770128	2025-06-28 20:22:34.770128
22	Decatur	1	2025-06-28 20:22:55.48479	2025-06-28 20:22:55.48479
23	Pain Management	1	2025-06-28 20:23:06.282478	2025-06-28 20:23:06.282478
24	Rhodes Ranch	1	2025-06-28 20:23:08.190802	2025-06-28 20:23:08.190802
\.


--
-- TOC entry 4972 (class 0 OID 49227)
-- Dependencies: 228
-- Data for Name: patient_attorny_log; Type: TABLE DATA; Schema: public; Owner: postgres
--

COPY public.patient_attorny_log (id, patient_id, attorney_id, visit_date, created_at, updated_at, location_id) FROM stdin;
120	159	29	2025-05-23	2025-06-28 20:22:49.462943	2025-06-28 20:22:49.462943	16
121	203	30	2025-05-23	2025-06-28 20:22:49.774972	2025-06-28 20:22:49.774972	16
122	204	30	2025-05-23	2025-06-28 20:22:50.113297	2025-06-28 20:22:50.113297	16
123	205	31	2025-05-23	2025-06-28 20:22:50.376863	2025-06-28 20:22:50.376863	16
124	206	32	2025-05-23	2025-06-28 20:22:50.76539	2025-06-28 20:22:50.76539	16
125	207	33	2025-05-23	2025-06-28 20:22:51.047581	2025-06-28 20:22:51.047581	16
126	208	34	2025-05-23	2025-06-28 20:22:51.36077	2025-06-28 20:22:51.36077	16
127	209	35	2025-05-23	2025-06-28 20:22:51.771046	2025-06-28 20:22:51.771046	16
128	210	36	2025-05-23	2025-06-28 20:22:52.036019	2025-06-28 20:22:52.036019	16
129	211	37	2025-05-23	2025-06-28 20:22:52.441792	2025-06-28 20:22:52.441792	16
130	202	29	2025-05-23	2025-06-28 20:22:52.576385	2025-06-28 20:22:52.576385	16
131	212	38	2025-05-23	2025-06-28 20:22:52.963272	2025-06-28 20:22:52.963272	16
132	174	30	2025-05-23	2025-06-28 20:22:53.217243	2025-06-28 20:22:53.217243	17
133	163	30	2025-05-23	2025-06-28 20:22:53.347297	2025-06-28 20:22:53.347297	17
134	194	30	2025-05-23	2025-06-28 20:22:53.577679	2025-06-28 20:22:53.577679	17
135	195	30	2025-05-23	2025-06-28 20:22:53.71321	2025-06-28 20:22:53.71321	17
136	160	39	2025-05-23	2025-06-28 20:22:54.030955	2025-06-28 20:22:54.030955	17
137	213	40	2025-05-23	2025-06-28 20:22:54.293871	2025-06-28 20:22:54.293871	17
138	182	35	2025-05-23	2025-06-28 20:22:54.490078	2025-06-28 20:22:54.490078	17
139	168	41	2025-05-23	2025-06-28 20:22:54.687167	2025-06-28 20:22:54.687167	17
140	169	41	2025-05-23	2025-06-28 20:22:54.880701	2025-06-28 20:22:54.880701	17
141	184	42	2025-05-23	2025-06-28 20:22:55.2065	2025-06-28 20:22:55.2065	17
142	216	30	2025-05-23	2025-06-28 20:22:55.581512	2025-06-28 20:22:55.581512	22
143	187	30	2025-05-23	2025-06-28 20:22:55.710391	2025-06-28 20:22:55.710391	22
144	198	30	2025-05-23	2025-06-28 20:22:55.888545	2025-06-28 20:22:55.888545	19
145	188	30	2025-05-23	2025-06-28 20:22:56.090772	2025-06-28 20:22:56.090772	19
146	219	30	2025-05-23	2025-06-28 20:22:56.505376	2025-06-28 20:22:56.505376	19
147	171	30	2025-05-23	2025-06-28 20:22:56.703741	2025-06-28 20:22:56.703741	19
148	200	30	2025-05-23	2025-06-28 20:22:56.82813	2025-06-28 20:22:56.82813	19
149	177	30	2025-05-23	2025-06-28 20:22:56.954493	2025-06-28 20:22:56.954493	19
150	162	30	2025-05-23	2025-06-28 20:22:57.261152	2025-06-28 20:22:57.261152	19
151	193	30	2025-05-23	2025-06-28 20:22:57.525788	2025-06-28 20:22:57.525788	19
152	222	30	2025-05-23	2025-06-28 20:22:57.848279	2025-06-28 20:22:57.848279	19
153	223	30	2025-05-23	2025-06-28 20:22:58.372969	2025-06-28 20:22:58.372969	19
154	224	30	2025-05-23	2025-06-28 20:22:58.56048	2025-06-28 20:22:58.56048	19
155	225	43	2025-05-23	2025-06-28 20:22:58.815053	2025-06-28 20:22:58.815053	19
156	176	44	2025-05-23	2025-06-28 20:22:59.061826	2025-06-28 20:22:59.061826	19
157	192	44	2025-05-23	2025-06-28 20:22:59.300637	2025-06-28 20:22:59.300637	19
158	201	36	2025-05-23	2025-06-28 20:22:59.442946	2025-06-28 20:22:59.442946	19
159	199	45	2025-05-23	2025-06-28 20:22:59.723889	2025-06-28 20:22:59.723889	19
160	181	46	2025-05-23	2025-06-28 20:22:59.983029	2025-06-28 20:22:59.983029	19
161	179	30	2025-05-23	2025-06-28 20:23:00.115032	2025-06-28 20:23:00.115032	18
162	191	30	2025-05-23	2025-06-28 20:23:00.251229	2025-06-28 20:23:00.251229	18
163	229	30	2025-05-23	2025-06-28 20:23:00.453562	2025-06-28 20:23:00.453562	18
164	190	30	2025-05-23	2025-06-28 20:23:00.583245	2025-06-28 20:23:00.583245	18
165	230	30	2025-05-23	2025-06-28 20:23:00.787226	2025-06-28 20:23:00.787226	18
166	189	30	2025-05-23	2025-06-28 20:23:00.912951	2025-06-28 20:23:00.912951	18
167	161	30	2025-05-23	2025-06-28 20:23:01.227593	2025-06-28 20:23:01.227593	18
168	232	30	2025-05-23	2025-06-28 20:23:01.428768	2025-06-28 20:23:01.428768	18
169	164	30	2025-05-23	2025-06-28 20:23:01.731677	2025-06-28 20:23:01.731677	18
170	197	30	2025-05-23	2025-06-28 20:23:01.978133	2025-06-28 20:23:01.978133	18
171	234	30	2025-05-23	2025-06-28 20:23:02.174825	2025-06-28 20:23:02.174825	18
172	183	30	2025-05-23	2025-06-28 20:23:02.503207	2025-06-28 20:23:02.503207	18
173	166	30	2025-05-23	2025-06-28 20:23:02.638034	2025-06-28 20:23:02.638034	18
174	236	30	2025-05-23	2025-06-28 20:23:02.829086	2025-06-28 20:23:02.829086	18
175	237	30	2025-05-23	2025-06-28 20:23:03.014255	2025-06-28 20:23:03.014255	18
176	238	47	2025-05-23	2025-06-28 20:23:03.265349	2025-06-28 20:23:03.265349	18
177	239	48	2025-05-23	2025-06-28 20:23:03.648078	2025-06-28 20:23:03.648078	18
178	167	35	2025-05-23	2025-06-28 20:23:03.899086	2025-06-28 20:23:03.899086	18
179	167	35	2025-05-23	2025-06-28 20:23:04.028045	2025-06-28 20:23:04.028045	18
180	240	49	2025-05-23	2025-06-28 20:23:04.282411	2025-06-28 20:23:04.282411	18
181	186	50	2025-05-23	2025-06-28 20:23:04.471176	2025-06-28 20:23:04.471176	18
182	185	50	2025-05-23	2025-06-28 20:23:04.601234	2025-06-28 20:23:04.601234	18
183	173	50	2025-05-23	2025-06-28 20:23:04.723229	2025-06-28 20:23:04.723229	18
184	241	50	2025-05-23	2025-06-28 20:23:05.140567	2025-06-28 20:23:05.140567	18
185	242	41	2025-05-23	2025-06-28 20:23:05.45383	2025-06-28 20:23:05.45383	18
186	243	51	2025-05-23	2025-06-28 20:23:05.723575	2025-06-28 20:23:05.723575	18
187	244	37	2025-05-23	2025-06-28 20:23:05.917656	2025-06-28 20:23:05.917656	18
188	245	46	2025-05-23	2025-06-28 20:23:06.12098	2025-06-28 20:23:06.12098	18
189	246	30	2025-05-23	2025-06-28 20:23:06.375489	2025-06-28 20:23:06.375489	23
190	247	42	2025-05-23	2025-06-28 20:23:06.591686	2025-06-28 20:23:06.591686	23
191	248	42	2025-05-23	2025-06-28 20:23:07.000276	2025-06-28 20:23:07.000276	23
192	249	42	2025-05-23	2025-06-28 20:23:07.300341	2025-06-28 20:23:07.300341	23
193	250	42	2025-05-23	2025-06-28 20:23:07.507168	2025-06-28 20:23:07.507168	23
194	251	42	2025-05-23	2025-06-28 20:23:07.696635	2025-06-28 20:23:07.696635	23
195	170	42	2025-05-23	2025-06-28 20:23:07.819724	2025-06-28 20:23:07.819724	23
196	252	42	2025-05-23	2025-06-28 20:23:08.017558	2025-06-28 20:23:08.017558	23
197	253	30	2025-05-23	2025-06-28 20:23:08.28446	2025-06-28 20:23:08.28446	24
198	254	30	2025-05-23	2025-06-28 20:23:08.504383	2025-06-28 20:23:08.504383	24
199	255	30	2025-05-23	2025-06-28 20:23:08.685291	2025-06-28 20:23:08.685291	24
200	256	31	2025-05-23	2025-06-28 20:23:08.871188	2025-06-28 20:23:08.871188	24
201	257	31	2025-05-23	2025-06-28 20:23:09.065853	2025-06-28 20:23:09.065853	24
202	258	39	2025-05-23	2025-06-28 20:23:09.379768	2025-06-28 20:23:09.379768	24
203	259	52	2025-05-23	2025-06-28 20:23:09.661661	2025-06-28 20:23:09.661661	24
204	260	53	2025-05-23	2025-06-28 20:23:10.021439	2025-06-28 20:23:10.021439	24
205	261	44	2025-05-23	2025-06-28 20:23:10.21304	2025-06-28 20:23:10.21304	24
206	262	41	2025-05-23	2025-06-28 20:23:10.401008	2025-06-28 20:23:10.401008	24
207	263	37	2025-05-23	2025-06-28 20:23:10.592306	2025-06-28 20:23:10.592306	24
208	264	37	2025-05-23	2025-06-28 20:23:10.888611	2025-06-28 20:23:10.888611	24
209	265	29	2025-05-23	2025-06-28 20:23:11.10593	2025-06-28 20:23:11.10593	24
210	196	46	2025-05-23	2025-06-28 20:23:11.29793	2025-06-28 20:23:11.29793	24
211	267	42	2025-05-23	2025-06-28 20:23:11.611634	2025-06-28 20:23:11.611634	24
212	268	30	2025-05-23	2025-06-28 20:23:11.812279	2025-06-28 20:23:11.812279	20
213	175	30	2025-05-23	2025-06-28 20:23:11.940335	2025-06-28 20:23:11.940335	20
214	172	30	2025-05-23	2025-06-28 20:23:12.067922	2025-06-28 20:23:12.067922	20
215	269	54	2025-05-23	2025-06-28 20:23:12.432942	2025-06-28 20:23:12.432942	20
216	270	54	2025-05-23	2025-06-28 20:23:12.656051	2025-06-28 20:23:12.656051	20
\.


--
-- TOC entry 4970 (class 0 OID 49208)
-- Dependencies: 226
-- Data for Name: patient_location_log; Type: TABLE DATA; Schema: public; Owner: postgres
--

COPY public.patient_location_log (id, patient_id, location_id, visit_date, created_at, updated_at) FROM stdin;
88	159	16	2025-05-23	2025-06-28 20:22:32.072618	2025-06-28 20:22:32.072618
89	160	17	2025-05-23	2025-06-28 20:22:32.289746	2025-06-28 20:22:32.289746
90	161	18	2025-05-23	2025-06-28 20:22:32.513778	2025-06-28 20:22:32.513778
91	162	19	2025-05-23	2025-06-28 20:22:32.842369	2025-06-28 20:22:32.842369
92	163	17	2025-05-23	2025-06-28 20:22:33.011918	2025-06-28 20:22:33.011918
93	164	18	2025-05-23	2025-06-28 20:22:33.172696	2025-06-28 20:22:33.172696
94	165	19	2025-05-23	2025-06-28 20:22:33.443146	2025-06-28 20:22:33.443146
95	166	18	2025-05-23	2025-06-28 20:22:33.612819	2025-06-28 20:22:33.612819
96	167	18	2025-05-23	2025-06-28 20:22:33.766361	2025-06-28 20:22:33.766361
97	168	17	2025-05-23	2025-06-28 20:22:34.041445	2025-06-28 20:22:34.041445
98	169	17	2025-05-23	2025-06-28 20:22:34.210859	2025-06-28 20:22:34.210859
99	170	20	2025-05-23	2025-06-28 20:22:34.424868	2025-06-28 20:22:34.424868
100	171	19	2025-05-23	2025-06-28 20:22:34.709206	2025-06-28 20:22:34.709206
101	172	21	2025-05-23	2025-06-28 20:22:34.928611	2025-06-28 20:22:34.928611
102	173	18	2025-05-23	2025-06-28 20:22:35.08361	2025-06-28 20:22:35.08361
103	174	17	2025-05-23	2025-06-28 20:22:35.238364	2025-06-28 20:22:35.238364
104	175	18	2025-05-23	2025-06-28 20:22:35.394795	2025-06-28 20:22:35.394795
105	176	19	2025-05-23	2025-06-28 20:22:35.552193	2025-06-28 20:22:35.552193
106	177	19	2025-05-23	2025-06-28 20:22:35.709288	2025-06-28 20:22:35.709288
107	178	17	2025-05-23	2025-06-28 20:22:35.867242	2025-06-28 20:22:35.867242
108	179	18	2025-05-23	2025-06-28 20:22:36.021442	2025-06-28 20:22:36.021442
109	180	17	2025-05-23	2025-06-28 20:22:36.178326	2025-06-28 20:22:36.178326
110	181	19	2025-05-23	2025-06-28 20:22:36.324813	2025-06-28 20:22:36.324813
111	182	17	2025-05-23	2025-06-28 20:22:36.479951	2025-06-28 20:22:36.479951
112	183	18	2025-05-23	2025-06-28 20:22:36.651241	2025-06-28 20:22:36.651241
113	184	17	2025-05-23	2025-06-28 20:22:36.809287	2025-06-28 20:22:36.809287
114	185	18	2025-05-23	2025-06-28 20:22:36.963596	2025-06-28 20:22:36.963596
115	186	18	2025-05-23	2025-06-28 20:22:37.228063	2025-06-28 20:22:37.228063
116	187	20	2025-05-23	2025-06-28 20:22:37.397925	2025-06-28 20:22:37.397925
117	188	19	2025-05-23	2025-06-28 20:22:37.554712	2025-06-28 20:22:37.554712
118	189	18	2025-05-23	2025-06-28 20:22:37.814423	2025-06-28 20:22:37.814423
119	190	18	2025-05-23	2025-06-28 20:22:37.973605	2025-06-28 20:22:37.973605
120	191	18	2025-05-23	2025-06-28 20:22:38.130179	2025-06-28 20:22:38.130179
121	192	19	2025-05-23	2025-06-28 20:22:38.401183	2025-06-28 20:22:38.401183
122	193	21	2025-05-23	2025-06-28 20:22:38.557566	2025-06-28 20:22:38.557566
123	194	17	2025-05-23	2025-06-28 20:22:38.82627	2025-06-28 20:22:38.82627
124	195	17	2025-05-23	2025-06-28 20:22:38.989586	2025-06-28 20:22:38.989586
125	196	20	2025-05-23	2025-06-28 20:22:39.147225	2025-06-28 20:22:39.147225
126	197	19	2025-05-23	2025-06-28 20:22:39.304987	2025-06-28 20:22:39.304987
127	198	19	2025-05-23	2025-06-28 20:22:39.465667	2025-06-28 20:22:39.465667
128	199	19	2025-05-23	2025-06-28 20:22:39.740259	2025-06-28 20:22:39.740259
129	200	19	2025-05-23	2025-06-28 20:22:39.903271	2025-06-28 20:22:39.903271
130	201	19	2025-05-23	2025-06-28 20:22:40.060962	2025-06-28 20:22:40.060962
\.


--
-- TOC entry 4966 (class 0 OID 49173)
-- Dependencies: 222
-- Data for Name: patients; Type: TABLE DATA; Schema: public; Owner: postgres
--

COPY public.patients (id, external_mrn, first_name, middle_name, last_name, dob, email, phone_number, status, created_at, updated_at, gender) FROM stdin;
159	AGOAA000	Aaron	Scott	Agosto	1980-06-08	agostolandscape@yahoo.com	702-412-4525	1	2025-06-28 20:22:32.009905	2025-06-28 20:22:32.009905	male
160	AGUSA003	Sarah		Aguirre	1977-02-27	4girlsforme05@gmail.com	213-626-9110	1	2025-06-28 20:22:32.22969	2025-06-28 20:22:32.22969	female
161	CAMJA011	Jared	S	Campos	2001-12-31	jay_red_lv@hotmail.com	702-817-7973	1	2025-06-28 20:22:32.45288	2025-06-28 20:22:32.45288	male
162	CAMJO011	Jose	R	Campos	1958-07-14		702-330-2373	1	2025-06-28 20:22:32.776848	2025-06-28 20:22:32.776848	male
163	CHABR011	Brenda		Chaparro-Lopez	1972-05-15		702-205-1392	1	2025-06-28 20:22:32.939499	2025-06-28 20:22:32.939499	female
164	COKMA000	Maria	Elena	Coker	1957-07-12	momluv6@hotmail.com 	702-808-8989	1	2025-06-28 20:22:33.109946	2025-06-28 20:22:33.109946	female
165	 CAMA001	Manley		Cotilla Rodriguez	1994-09-17	manley.cotilla@gmail.com	702-858-7573	1	2025-06-28 20:22:33.376983	2025-06-28 20:22:33.376983	male
166	GERAN000	Angelica		De lara Gerrero	1982-06-20		702-542-0732	1	2025-06-28 20:22:33.551567	2025-06-28 20:22:33.551567	female
167	DORKA001	Karina		Dorado	1998-05-28	Doradokarina@gmail.com	702-587-7620	1	2025-06-28 20:22:33.706454	2025-06-28 20:22:33.706454	female
168	ENRKA000	Katherine		Enriquez Salazar	1972-08-06	ks.enriquez@yahoo.com	702-908-0530	1	2025-06-28 20:22:33.981005	2025-06-28 20:22:33.981005	female
169	ENRRE001	Reynold	Earl	Enriquez	1969-07-29	earlenriquez@gmail.com	702-849-7462	1	2025-06-28 20:22:34.14396	2025-06-28 20:22:34.14396	male
170	FONRE001	Reydel		Fonseca Besada	1993-01-27		941-667-1395	1	2025-06-28 20:22:34.361455	2025-06-28 20:22:34.361455	male
171	FONNI000	Nicolas	Alberto	Fonseca	1984-07-24	nicolas8424@gmail.com	702-883-1025	1	2025-06-28 20:22:34.647248	2025-06-28 20:22:34.647248	male
172	MOOBR003	Brooke		Frieman	1999-03-09	Brooke.frieman1999@gmail.com	505-709-7952	1	2025-06-28 20:22:34.862839	2025-06-28 20:22:34.862839	female
173	GARAL022	Alberto		Garcia-Alvarez	1992-02-28	Garciaalberto8228@gmail.com	702-771-3180	1	2025-06-28 20:22:35.021855	2025-06-28 20:22:35.021855	male
174	HASGH000	Hasina		Ghafarshad	1972-09-15	Hasina89129@gmail.com	702-882-1090	1	2025-06-28 20:22:35.176224	2025-06-28 20:22:35.176224	female
175	GOMAL010	Alejandro		Gomez-Cordova	1970-08-26	agomez736@yahoo.com	702-210-9079	1	2025-06-28 20:22:35.334879	2025-06-28 20:22:35.334879	male
176	GONDA014	Darcy	Renee	Gonzales	1961-08-04	ycrad3@aol.com	702-280-0533	1	2025-06-28 20:22:35.491093	2025-06-28 20:22:35.491093	female
177	GUEAN004	Analia		Guevara	1988-04-30	leylabrophy1@gmail.com	725-259-9165	1	2025-06-28 20:22:35.645366	2025-06-28 20:22:35.645366	female
178	HANDE003	Eric		Haynes	1956-08-04	mentat8456@yahoo.com	415-606-5116	1	2025-06-28 20:22:35.802263	2025-06-28 20:22:35.802263	male
179	JAQAD000	Adriana		Jaquez-Garcia	1986-04-04	ajaquez64@gmail.com	702-559-7315	1	2025-06-28 20:22:35.959026	2025-06-28 20:22:35.959026	female
180	JOBPE000	Pete		Jobst	1947-06-26	pete47@cox.net	702-245-2519	1	2025-06-28 20:22:36.115355	2025-06-28 20:22:36.115355	male
181	LECBA000	Barbara	Chantel M	Leclair	1975-06-23		702-741-6147	1	2025-06-28 20:22:36.269377	2025-06-28 20:22:36.269377	female
182	LORJA006	James	M	Loros	1980-03-10	warriorking702@gmail.com	702-428-3194	1	2025-06-28 20:22:36.419028	2025-06-28 20:22:36.419028	male
183	MELKA005	Karla	M	Melendrez Padilla	1977-07-02		702-502-5839	1	2025-06-28 20:22:36.585927	2025-06-28 20:22:36.585927	female
184	NICJA004	Jatyah		Nichols	2002-08-20		970-888-4247	1	2025-06-28 20:22:36.748162	2025-06-28 20:22:36.748162	female
185	ODUYU000	Yunieski		Oduardo Almeida	1990-07-04	Yunieskioduardo@gmail.com	602-662-0894	1	2025-06-28 20:22:36.905064	2025-06-28 20:22:36.905064	male
186	OLIAR001	Arlettis		Olivera Viamontes	1999-10-04	Aoliverac99@gmail.com	813-999-5198	1	2025-06-28 20:22:37.05452	2025-06-28 20:22:37.05452	female
187	ORNFA000	Fatima		Ornelas Torres	2004-05-05	 fatimaornelas189@gmail.com	702-750-5062	1	2025-06-28 20:22:37.336867	2025-06-28 20:22:37.336867	female
188	ORTGA002	Gabriel	Evertt	Ortega	1978-02-25	ortegagb@yahoo.com	239-450-4481	1	2025-06-28 20:22:37.489978	2025-06-28 20:22:37.489978	male
189	RAMYA002	Yasmin		Ramos Gonzalez	1991-08-21	yr953789@gmail.com	702-824-2537	1	2025-06-28 20:22:37.645082	2025-06-28 20:22:37.645082	female
190	RIZNA000	Napoleon		Rizo Valenzuela	1963-05-02	Rizonapooleon@yahoo.com	702-488-1980	1	2025-06-28 20:22:37.910814	2025-06-28 20:22:37.910814	male
191	ROJLL000	Roxana		Rojas-Llera	1998-10-29	roxanallera4@gmail.com	201-381-8847	1	2025-06-28 20:22:38.06867	2025-06-28 20:22:38.06867	female
192	SERJE004	Jeffrey		Serrano	1962-03-05	serrano45@gmail.com	206-930-4911	1	2025-06-28 20:22:38.226604	2025-06-28 20:22:38.226604	male
193	SOTAL003	Alexander		Soto Garcia	1987-10-19	jmvj27.28@gmail.com	702-303-0343	1	2025-06-28 20:22:38.497938	2025-06-28 20:22:38.497938	male
194	STUCH003	Christopher		Studeman	1984-10-13	csfisheries@yahoo.com 	541-361-0141	1	2025-06-28 20:22:38.758922	2025-06-28 20:22:38.758922	male
195	STUSA001	Sarah		Studeman	1982-07-12	sarahbusby21@yahoo.com 	541-217-9812	1	2025-06-28 20:22:38.929054	2025-06-28 20:22:38.929054	female
196	THUMA000	Matthew	Garrett	Thurmond	1986-09-10	thurmondmatthew020@gmail.com	775-545-8349	1	2025-06-28 20:22:39.083123	2025-06-28 20:22:39.083123	male
197	TURJO003	Joseph		Turley	1981-04-10	joseph.wkturley@gmail.com	702-461-7512	1	2025-06-28 20:22:39.241087	2025-06-28 20:22:39.241087	male
198	TURNI000	Nicole	Ashly	Turley	1987-07-17	smilepurdy@gmail.com	702-272-3942	1	2025-06-28 20:22:39.402501	2025-06-28 20:22:39.402501	female
199	UBAFR000	Froilan	Montillano	Ubaldo	1973-12-14	goodroy14@gmail.com	847-650-9636	1	2025-06-28 20:22:39.670465	2025-06-28 20:22:39.670465	male
200	VALPA005	Pablo		Valladares	1980-12-26		702-684-3850	1	2025-06-28 20:22:39.839021	2025-06-28 20:22:39.839021	male
201	VALIS005	Isreal		Vallejo	1990-05-24	israelvallejo310@gmail.co	775-209-8495	1	2025-06-28 20:22:39.997647	2025-06-28 20:22:39.997647	female
202	AGOAA000	Aaron Scott		Agosto	1980-06-08		702-412-4525	1	2025-06-28 20:22:49.12952	2025-06-28 20:22:49.12952	
203	JEFJE001	Jennie		Jefferson-Edward	1942-04-08		702-290-5386	1	2025-06-28 20:22:49.561573	2025-06-28 20:22:49.561573	
204	FLOMA033	Martha M		Flores-Soto	1979-08-28		702-541-5722	1	2025-06-28 20:22:49.96408	2025-06-28 20:22:49.96408	
205	WHIJA010	James Brad		Whitlock	1953-08-25		818-674-1218	1	2025-06-28 20:22:50.188667	2025-06-28 20:22:50.188667	
206	MITMO000	Monique		Mitchell	1980-10-04		310-242-3784	1	2025-06-28 20:22:50.455098	2025-06-28 20:22:50.455098	
207	PERJO044	Joel		Perez	2005-09-06		702-945-9797	1	2025-06-28 20:22:50.831762	2025-06-28 20:22:50.831762	
208	DANRH000	Rhomio		Daniels	2002-10-17		702-465-8387	1	2025-06-28 20:22:51.155382	2025-06-28 20:22:51.155382	
209	MARWA000	Walter		Martinez-Henriquez	1969-04-02		702-683-6477	1	2025-06-28 20:22:51.437923	2025-06-28 20:22:51.437923	
210	GONMA037	Maria Elvira		Gonzalez	1979-07-03		702-439-1170	1	2025-06-28 20:22:51.840249	2025-06-28 20:22:51.840249	
211	WILDO011	Dominic		Willis	2007-03-11		901-653-6410	1	2025-06-28 20:22:52.106165	2025-06-28 20:22:52.106165	
212	KERCA000	Cameron Zimori		Kerr	1998-05-08		702-758-1589	1	2025-06-28 20:22:52.760535	2025-06-28 20:22:52.760535	
213	BROAS004	Asia Tifandra		Brooklyn	1994-10-25		702-415-4114	1	2025-06-28 20:22:54.10244	2025-06-28 20:22:54.10244	
214	LORJA006	James M		Loros	1980-03-10		702-428-3194	1	2025-06-28 20:22:54.359709	2025-06-28 20:22:54.359709	
215	ENRRE001	Reynold  Earl		Enriquez	1969-07-29		702-849-7462	1	2025-06-28 20:22:54.76096	2025-06-28 20:22:54.76096	
216	VALAN015	Anabel		Valdovinos	1980-11-23		725-300-1073	1	2025-06-28 20:22:55.278974	2025-06-28 20:22:55.278974	
217	TURNI000	Nicole  Ashly		Turley	1987-07-17		702-272-3942	1	2025-06-28 20:22:55.774512	2025-06-28 20:22:55.774512	
218	ORTGA002	Gabriel Evertt		Ortega	1978-02-25		239-450-4481	1	2025-06-28 20:22:55.960261	2025-06-28 20:22:55.960261	
219	CAMA001	Manley		Cotilla Rodriguez	1994-09-17		702-858-7573	1	2025-06-28 20:22:56.26162	2025-06-28 20:22:56.26162	
220	FONNI000	Nicolas  Alberto		Fonseca	1984-07-24		702-883-1025	1	2025-06-28 20:22:56.573963	2025-06-28 20:22:56.573963	
221	CAMJO011	Jose R		Campos	1958-07-14		702-330-2373	1	2025-06-28 20:22:57.017303	2025-06-28 20:22:57.017303	
222	MARMA109	Martin		Mariscal-Aguilar	1973-07-01		424-789-3367	1	2025-06-28 20:22:57.721234	2025-06-28 20:22:57.721234	
223	WILTW000	Twanie Lamar		Williams	1984-03-22		626-654-7145	1	2025-06-28 20:22:57.913134	2025-06-28 20:22:57.913134	
224	MIRBR000	Brenda Guadalupe		Miranda Mendoza	2001-06-06		702-272-8924	1	2025-06-28 20:22:58.436852	2025-06-28 20:22:58.436852	
225	PERAM003	Amaya		Perez	2000-09-28		209-202-8754	1	2025-06-28 20:22:58.621649	2025-06-28 20:22:58.621649	
226	GONDA014	Darcy Renee		Gonzales	1961-08-04		702-280-0533	1	2025-06-28 20:22:58.88108	2025-06-28 20:22:58.88108	
227	UBAFR000	Froilan Montillano		Ubaldo	1973-12-14		847-650-9636	1	2025-06-28 20:22:59.516689	2025-06-28 20:22:59.516689	
228	LECBA000	Barbara Chantel M		Leclair	1975-06-23		702-741-6147	1	2025-06-28 20:22:59.789616	2025-06-28 20:22:59.789616	
229	HERLO004	Lorena		Herrera Diaz	2005-05-20		725-263-5198	1	2025-06-28 20:23:00.313252	2025-06-28 20:23:00.313252	
230	PERCA007	Carlos R		Peraza Betancourt	1983-10-08		725-293-2930	1	2025-06-28 20:23:00.644977	2025-06-28 20:23:00.644977	
231	CAMJA011	Jared S		Campos	2001-12-31		702-817-7973	1	2025-06-28 20:23:00.977602	2025-06-28 20:23:00.977602	
232	CASHO000	Horacio		Castellanos Santos	1975-01-02		702-742-6929	1	2025-06-28 20:23:01.296415	2025-06-28 20:23:01.296415	
233	COKMA000	Maria Elena		Coker	1957-07-12		702-808-8989	1	2025-06-28 20:23:01.494157	2025-06-28 20:23:01.494157	
234	VARBR001	Brian R		Vargas Castillo	2002-05-11		702-771-6549	1	2025-06-28 20:23:02.045349	2025-06-28 20:23:02.045349	
235	MELKA005	Karla  M		Melendrez Padilla	1977-07-02		702-502-5839	1	2025-06-28 20:23:02.248848	2025-06-28 20:23:02.248848	
236	MARMA108	Martha A		Maravilla Valencia	1977-12-12		702-684-9506	1	2025-06-28 20:23:02.706105	2025-06-28 20:23:02.706105	
237	LEAEN001	Engracia A		Leal	1963-03-05		702-779-9252	1	2025-06-28 20:23:02.889237	2025-06-28 20:23:02.889237	
238	LEAOS000	Oscar Adrian		Leal	1998-01-31		725-577-0699	1	2025-06-28 20:23:03.083134	2025-06-28 20:23:03.083134	
239	TRULO001	Long Leroy		Truong	1965-06-04		916-308-9888	1	2025-06-28 20:23:03.33093	2025-06-28 20:23:03.33093	
240	CORJU009	Juan Carlos		Corona Gonzalez	1989-06-09		702-786-5255	1	2025-06-28 20:23:04.09449	2025-06-28 20:23:04.09449	
241	GARAL021	Alexander		Garcia-Alvarez	1995-09-20		702-612-0866	1	2025-06-28 20:23:04.786988	2025-06-28 20:23:04.786988	
242	SALGU001	Gustavo		Siliezar-Adolfo	1964-12-18		702-542-1447	1	2025-06-28 20:23:05.213663	2025-06-28 20:23:05.213663	
243	GONOM003	Omar  Gustavo		Gonzalez	1996-11-01		702-881-0609	1	2025-06-28 20:23:05.51742	2025-06-28 20:23:05.51742	
244	TY0ST000	Stafhanie D		Ty	1959-06-07		702-609-0295	1	2025-06-28 20:23:05.790449	2025-06-28 20:23:05.790449	
245	CHAER006	Ernesto		Chavez-Hernandez	2005-08-19		725-400-2482	1	2025-06-28 20:23:05.993196	2025-06-28 20:23:05.993196	
246	SHAKO000	Koretta		Sharp	1983-01-20		702-619-4869	1	2025-06-28 20:23:06.186549	2025-06-28 20:23:06.186549	
247	REYED001	Eduardo Ivan		Reyes	1994-10-14		702-557-5701	1	2025-06-28 20:23:06.44486	2025-06-28 20:23:06.44486	
248	PICRA002	Ramal		Pickens	1979-05-15		702-717-7759	1	2025-06-28 20:23:06.654026	2025-06-28 20:23:06.654026	
249	SPAAN001	Anthony Lamar		Spann-Stewart	1989-03-13		725-400-6322	1	2025-06-28 20:23:07.069311	2025-06-28 20:23:07.069311	
250	JOHMA022	Mary  Ellen		Johnson	1980-07-12		806-451-0012	1	2025-06-28 20:23:07.364253	2025-06-28 20:23:07.364253	
251	FONED000	Eddy		Fonseca Besada	1999-01-07		725-400-2701	1	2025-06-28 20:23:07.567581	2025-06-28 20:23:07.567581	
252	WUEAL000	Alan Donald		Wuest	1960-05-31		949-648-0074	1	2025-06-28 20:23:07.888157	2025-06-28 20:23:07.888157	
253	MAHSA002	Sarath		Mahamarakkalage	1967-04-09		702-556-4274	1	2025-06-28 20:23:08.08676	2025-06-28 20:23:08.08676	
254	DELZA000	Zaskya Subidya		Deleon-Cedeno	1985-09-09		702-981-0401	1	2025-06-28 20:23:08.349469	2025-06-28 20:23:08.349469	
255	QUILI003	Liliana		Quintana Rodriguez	1973-09-10		702-351-1810	1	2025-06-28 20:23:08.565996	2025-06-28 20:23:08.565996	
256	STAJO014	Joseph Richard		Stalis	1971-10-06		650-302-4277	1	2025-06-28 20:23:08.750047	2025-06-28 20:23:08.750047	
257	CARAM004	Amalia Lissette		Carriel-Alvarez	1990-10-12		702-686-4639	1	2025-06-28 20:23:08.937348	2025-06-28 20:23:08.937348	
258	SANSO000	Socorro  Noemi		Santos	1971-05-10		702-816-6447	1	2025-06-28 20:23:09.236898	2025-06-28 20:23:09.236898	
259	LACGR000	Grace Kelly		Lacuesta	1984-11-25		702-266-3642	1	2025-06-28 20:23:09.456508	2025-06-28 20:23:09.456508	
260	MCNYO000	Yolanda Yvette		McNeese	1968-05-18		702-717-7912	1	2025-06-28 20:23:09.734431	2025-06-28 20:23:09.734431	
261	JERCH000	Christina Kwan		Jeremiah	1984-12-03		808-256-4403	1	2025-06-28 20:23:10.088009	2025-06-28 20:23:10.088009	
262	MATMI001	Miguel Angel-Landeros		Mata	2001-04-18		702-793-5595	1	2025-06-28 20:23:10.284077	2025-06-28 20:23:10.284077	
263	LEGDE000	Dennis Bredes		Legaspi	1980-10-20		702-592-8625	1	2025-06-28 20:23:10.464917	2025-06-28 20:23:10.464917	
264	SILAN002	Andy Jose		Silveira	1990-09-25		716-910-8625	1	2025-06-28 20:23:10.65841	2025-06-28 20:23:10.65841	
265	ZOGMI001	Michele Lisa		Zogg	1967-09-23		951-231-3119	1	2025-06-28 20:23:10.96078	2025-06-28 20:23:10.96078	
266	THUMA000	Matthew Garrett		Thurmond	1986-09-10		775-545-8349	1	2025-06-28 20:23:11.169121	2025-06-28 20:23:11.169121	
267	MOOLI003	Lisa Jacklyn		Ribacoff	1987-06-23		516-314-1089	1	2025-06-28 20:23:11.371939	2025-06-28 20:23:11.371939	
268	SIGNA000	Natalie		Sigaran	2001-12-17		702-721-1823	1	2025-06-28 20:23:11.677984	2025-06-28 20:23:11.677984	
269	EURE000	Rebecca		Eubanks	1979-02-20		626-494-8653	1	2025-06-28 20:23:12.131832	2025-06-28 20:23:12.131832	
270	AYAMA007	Mabior Ajok		Ayai	1965-01-01		702-418-8116	1	2025-06-28 20:23:12.516612	2025-06-28 20:23:12.516612	
\.


--
-- TOC entry 4974 (class 0 OID 57348)
-- Dependencies: 230
-- Data for Name: settlements; Type: TABLE DATA; Schema: public; Owner: postgres
--

COPY public.settlements (id, patient_id, attorney_id, settlement_date, total_billed_charges, status, created_at, updated_at, settlement_percentage, settlement_amount) FROM stdin;
1	209	35	2024-07-17	6855.00	1	2025-07-06 15:10:46.515646	2025-07-06 15:10:46.515646	0.55	3770.25
2	\N	55	2024-01-02	7835.00	1	2025-07-06 15:14:15.355507	2025-07-06 15:14:15.355507	0.55	4309.25
3	\N	39	2024-01-23	15735.00	1	2025-07-06 15:14:15.466106	2025-07-06 15:14:15.466106	0.60	9441.00
4	\N	29	2024-02-13	612.20	1	2025-07-06 15:14:15.69149	2025-07-06 15:14:15.69149	0.82	505.00
5	\N	56	2024-04-08	11165.00	1	2025-07-06 15:14:15.801875	2025-07-06 15:14:15.801875	0.50	5582.50
6	\N	33	2024-04-15	11510.00	1	2025-07-06 15:14:15.91131	2025-07-06 15:14:15.91131	0.50	5755.00
7	\N	57	2024-04-15	9420.00	1	2025-07-06 15:14:16.049055	2025-07-06 15:14:16.049055	0.44	4170.00
8	\N	33	2024-04-23	2995.00	1	2025-07-06 15:14:16.274541	2025-07-06 15:14:16.274541	0.35	1048.25
9	\N	39	2024-04-27	11640.00	1	2025-07-06 15:14:16.393239	2025-07-06 15:14:16.393239	0.60	7030.80
10	\N	39	2024-04-27	12615.00	1	2025-07-06 15:14:16.517993	2025-07-06 15:14:16.517993	0.58	7287.70
11	\N	58	2024-04-30	2245.00	1	2025-07-06 15:14:16.628121	2025-07-06 15:14:16.628121	0.35	785.75
12	\N	59	2024-04-30	12760.00	1	2025-07-06 15:14:16.74466	2025-07-06 15:14:16.74466	0.50	6380.00
13	\N	33	2024-05-01	5885.00	1	2025-07-06 15:14:17.098557	2025-07-06 15:14:17.098557	0.45	2648.25
14	\N	33	2024-05-02	1195.00	1	2025-07-06 15:14:17.43637	2025-07-06 15:14:17.43637	0.45	537.75
15	\N	33	2024-05-03	1365.00	1	2025-07-06 15:14:17.54914	2025-07-06 15:14:17.54914	0.45	614.25
16	\N	33	2024-05-07	500.00	1	2025-07-06 15:14:17.686227	2025-07-06 15:14:17.686227	0.55	275.00
17	\N	60	2024-05-14	12285.00	1	2025-07-06 15:14:17.793571	2025-07-06 15:14:17.793571	0.48	5890.00
18	\N	61	2024-05-15	760.00	1	2025-07-06 15:14:17.892379	2025-07-06 15:14:17.892379	0.50	380.00
19	\N	36	2024-05-21	8855.00	1	2025-07-06 15:14:18.008059	2025-07-06 15:14:18.008059	0.71	6250.00
20	\N	33	2024-05-23	500.00	1	2025-07-06 15:14:18.220215	2025-07-06 15:14:18.220215	0.60	300.00
21	\N	62	2024-05-28	7980.00	1	2025-07-06 15:14:18.448372	2025-07-06 15:14:18.448372	0.55	4389.00
22	\N	63	2024-05-29	8010.00	1	2025-07-06 15:14:18.569783	2025-07-06 15:14:18.569783	0.50	4005.00
23	\N	30	2024-06-03	6990.00	1	2025-07-06 15:14:18.816286	2025-07-06 15:14:18.816286	0.54	3780.00
24	\N	38	2024-06-03	2610.00	1	2025-07-06 15:14:18.928176	2025-07-06 15:14:18.928176	0.85	2218.50
25	\N	31	2024-06-03	5630.00	1	2025-07-06 15:14:19.152513	2025-07-06 15:14:19.152513	0.50	2815.00
26	\N	64	2024-06-03	1200.00	1	2025-07-06 15:14:19.293081	2025-07-06 15:14:19.293081	0.50	600.00
27	\N	63	2024-06-03	1810.00	1	2025-07-06 15:14:19.400537	2025-07-06 15:14:19.400537	0.60	1086.00
28	\N	30	2024-06-03	3290.00	1	2025-07-06 15:14:19.509444	2025-07-06 15:14:19.509444	0.70	2303.00
29	\N	65	2024-06-03	10700.00	1	2025-07-06 15:14:19.618896	2025-07-06 15:14:19.618896	0.50	5350.00
30	\N	66	2024-06-04	7450.00	1	2025-07-06 15:14:19.747019	2025-07-06 15:14:19.747019	0.55	4061.75
31	\N	30	2024-06-04	11360.00	1	2025-07-06 15:14:19.853362	2025-07-06 15:14:19.853362	0.53	6055.63
32	\N	67	2024-06-04	16870.00	1	2025-07-06 15:14:19.955239	2025-07-06 15:14:19.955239	0.90	15183.00
33	\N	67	2024-06-04	11300.00	1	2025-07-06 15:14:20.0879	2025-07-06 15:14:20.0879	0.67	7571.00
34	\N	68	2024-06-04	11655.00	1	2025-07-06 15:14:20.188647	2025-07-06 15:14:20.188647	0.34	4000.00
35	\N	30	2024-06-04	7495.00	1	2025-07-06 15:14:20.290815	2025-07-06 15:14:20.290815	0.71	5284.56
36	\N	30	2024-06-04	7685.00	1	2025-07-06 15:14:20.41892	2025-07-06 15:14:20.41892	0.44	3398.40
37	\N	66	2024-06-04	9390.00	1	2025-07-06 15:14:20.516927	2025-07-06 15:14:20.516927	0.53	5000.00
38	\N	33	2024-06-04	8240.00	1	2025-07-06 15:14:20.715991	2025-07-06 15:14:20.715991	0.50	4107.50
39	\N	67	2024-06-05	2290.00	1	2025-07-06 15:14:20.841637	2025-07-06 15:14:20.841637	0.26	600.00
40	\N	29	2024-06-05	1000.00	1	2025-07-06 15:14:21.079583	2025-07-06 15:14:21.079583	0.75	750.00
41	\N	46	2024-06-05	8780.00	1	2025-07-06 15:14:21.201287	2025-07-06 15:14:21.201287	0.57	5000.00
42	\N	38	2024-06-05	10880.00	1	2025-07-06 15:14:21.321212	2025-07-06 15:14:21.321212	0.41	4512.50
43	\N	39	2024-06-05	11165.00	1	2025-07-06 15:14:21.441313	2025-07-06 15:14:21.441313	0.40	4466.00
44	\N	69	2024-06-06	11715.00	1	2025-07-06 15:14:21.573786	2025-07-06 15:14:21.573786	0.60	7029.00
45	\N	67	2024-06-06	2795.00	1	2025-07-06 15:14:21.71796	2025-07-06 15:14:21.71796	0.75	2096.25
46	\N	67	2024-06-06	6260.00	1	2025-07-06 15:14:21.85189	2025-07-06 15:14:21.85189	0.50	3130.00
47	\N	30	2024-06-06	9045.00	1	2025-07-06 15:14:21.979243	2025-07-06 15:14:21.979243	0.37	3381.66
48	\N	30	2024-06-06	550.00	1	2025-07-06 15:14:22.095617	2025-07-06 15:14:22.095617	0.23	128.27
49	\N	70	2024-06-07	4255.00	1	2025-07-06 15:14:22.219281	2025-07-06 15:14:22.219281	0.60	2553.00
50	\N	70	2024-06-07	2140.00	1	2025-07-06 15:14:22.359061	2025-07-06 15:14:22.359061	0.60	1284.00
51	\N	30	2024-06-07	9535.00	1	2025-07-06 15:14:22.487305	2025-07-06 15:14:22.487305	0.68	6465.92
52	\N	71	2024-06-09	3615.00	1	2025-07-06 15:14:22.613411	2025-07-06 15:14:22.613411	0.65	2349.75
53	\N	29	2024-06-10	1675.00	1	2025-07-06 15:14:22.755815	2025-07-06 15:14:22.755815	0.50	837.50
54	\N	72	2024-06-10	3575.00	1	2025-07-06 15:14:22.994979	2025-07-06 15:14:22.994979	0.70	2500.00
55	\N	72	2024-06-10	8400.00	1	2025-07-06 15:14:23.106776	2025-07-06 15:14:23.106776	0.50	4200.00
56	\N	72	2024-06-10	7990.00	1	2025-07-06 15:14:23.216669	2025-07-06 15:14:23.216669	0.65	5193.00
57	\N	72	2024-06-10	7790.00	1	2025-07-06 15:14:23.33471	2025-07-06 15:14:23.33471	0.65	5063.00
58	\N	72	2024-06-10	6885.00	1	2025-07-06 15:14:23.565216	2025-07-06 15:14:23.565216	0.65	4475.00
59	\N	73	2024-06-11	12730.00	1	2025-07-06 15:14:23.687993	2025-07-06 15:14:23.687993	0.47	6000.00
60	\N	30	2024-06-11	8585.00	1	2025-07-06 15:14:23.798092	2025-07-06 15:14:23.798092	0.28	2437.22
61	\N	33	2024-06-11	11313.20	1	2025-07-06 15:14:23.929726	2025-07-06 15:14:23.929726	0.35	4000.00
62	\N	32	2024-06-11	10430.00	1	2025-07-06 15:14:24.16762	2025-07-06 15:14:24.16762	0.80	8324.00
63	\N	30	2024-06-11	9135.00	1	2025-07-06 15:14:24.287407	2025-07-06 15:14:24.287407	0.53	4878.83
64	\N	74	2024-06-12	3320.00	1	2025-07-06 15:14:24.394785	2025-07-06 15:14:24.394785	0.50	1660.00
65	\N	30	2024-06-13	6520.00	1	2025-07-06 15:14:24.512046	2025-07-06 15:14:24.512046	0.38	2500.00
66	\N	33	2024-06-13	16570.00	1	2025-07-06 15:14:24.63164	2025-07-06 15:14:24.63164	0.55	9113.50
67	\N	30	2024-06-15	6065.00	1	2025-07-06 15:14:24.751046	2025-07-06 15:14:24.751046	0.60	3639.00
68	\N	62	2024-06-15	9490.00	1	2025-07-06 15:14:24.881222	2025-07-06 15:14:24.881222	0.65	6168.50
69	\N	75	2024-06-15	850.00	1	2025-07-06 15:14:25.113495	2025-07-06 15:14:25.113495	0.70	595.00
70	\N	38	2024-06-16	4045.00	1	2025-07-06 15:14:25.342642	2025-07-06 15:14:25.342642	0.50	2022.50
71	\N	38	2024-06-16	2465.00	1	2025-07-06 15:14:25.480935	2025-07-06 15:14:25.480935	0.71	1750.50
72	\N	57	2024-06-17	14715.00	1	2025-07-06 15:14:25.616199	2025-07-06 15:14:25.616199	0.50	7357.50
73	\N	29	2024-06-17	1950.00	1	2025-07-06 15:14:25.843304	2025-07-06 15:14:25.843304	0.90	1750.00
74	\N	64	2024-06-18	9455.00	1	2025-07-06 15:14:25.971885	2025-07-06 15:14:25.971885	0.50	4727.50
75	\N	64	2024-06-18	2165.00	1	2025-07-06 15:14:26.111002	2025-07-06 15:14:26.111002	0.50	1082.50
76	\N	35	2024-06-18	7270.00	1	2025-07-06 15:14:26.345013	2025-07-06 15:14:26.345013	0.50	3602.50
77	\N	35	2024-06-18	7335.00	1	2025-07-06 15:14:26.48074	2025-07-06 15:14:26.48074	0.50	3635.00
78	\N	33	2024-06-18	5200.00	1	2025-07-06 15:14:26.61542	2025-07-06 15:14:26.61542	0.55	2860.00
79	\N	76	2024-06-18	11460.00	1	2025-07-06 15:14:26.862838	2025-07-06 15:14:26.862838	0.50	5730.00
80	\N	35	2024-06-18	10080.00	1	2025-07-06 15:14:26.98771	2025-07-06 15:14:26.98771	0.54	5436.21
81	\N	31	2024-06-18	5740.00	1	2025-07-06 15:14:27.133189	2025-07-06 15:14:27.133189	0.38	2200.00
82	\N	30	2024-06-18	6730.00	1	2025-07-06 15:14:27.287623	2025-07-06 15:14:27.287623	0.44	2941.00
83	\N	77	2024-06-18	7465.00	1	2025-07-06 15:14:27.427283	2025-07-06 15:14:27.427283	0.56	4200.00
84	\N	63	2024-06-20	6105.00	1	2025-07-06 15:14:27.56867	2025-07-06 15:14:27.56867	0.50	3052.50
85	\N	78	2024-06-20	11485.00	1	2025-07-06 15:14:27.693085	2025-07-06 15:14:27.693085	0.20	2297.00
86	\N	31	2024-06-20	6945.00	1	2025-07-06 15:14:27.820562	2025-07-06 15:14:27.820562	0.50	3472.50
87	\N	63	2024-06-20	2295.00	1	2025-07-06 15:14:27.944393	2025-07-06 15:14:27.944393	0.50	1147.50
88	\N	79	2024-06-20	4500.00	1	2025-07-06 15:14:28.069398	2025-07-06 15:14:28.069398	0.60	2700.00
89	\N	46	2024-06-20	8170.00	1	2025-07-06 15:14:28.193865	2025-07-06 15:14:28.193865	0.50	4060.00
90	\N	38	2024-06-21	7970.00	1	2025-07-06 15:14:28.424124	2025-07-06 15:14:28.424124	0.67	5339.90
91	\N	69	2024-06-21	7300.60	1	2025-07-06 15:14:28.532392	2025-07-06 15:14:28.532392	0.60	4377.00
92	\N	38	2024-06-21	4175.00	1	2025-07-06 15:14:28.64389	2025-07-06 15:14:28.64389	0.70	2922.50
93	\N	33	2024-06-21	3930.00	1	2025-07-06 15:14:28.765922	2025-07-06 15:14:28.765922	0.65	2554.50
94	\N	71	2024-06-22	4205.00	1	2025-07-06 15:14:28.903462	2025-07-06 15:14:28.903462	0.50	2102.50
95	\N	29	2024-06-24	550.00	1	2025-07-06 15:14:29.014257	2025-07-06 15:14:29.014257	0.73	400.00
96	\N	46	2024-06-24	7330.00	1	2025-07-06 15:14:29.127315	2025-07-06 15:14:29.127315	0.71	5200.00
97	\N	59	2024-06-24	1495.00	1	2025-07-06 15:14:29.364572	2025-07-06 15:14:29.364572	0.70	1046.50
98	\N	80	2024-06-24	1715.00	1	2025-07-06 15:14:29.487616	2025-07-06 15:14:29.487616	0.58	1000.00
99	\N	50	2024-06-24	5150.00	1	2025-07-06 15:14:29.598203	2025-07-06 15:14:29.598203	0.45	2317.50
100	\N	80	2024-06-24	7805.00	1	2025-07-06 15:14:29.71006	2025-07-06 15:14:29.71006	0.53	4127.50
101	\N	30	2024-06-25	8685.00	1	2025-07-06 15:14:29.954232	2025-07-06 15:14:29.954232	0.64	5587.66
102	\N	50	2024-06-25	3205.00	1	2025-07-06 15:14:30.081574	2025-07-06 15:14:30.081574	0.31	1000.00
103	\N	30	2024-06-25	6245.00	1	2025-07-06 15:14:30.209139	2025-07-06 15:14:30.209139	0.50	3097.50
104	\N	81	2024-06-25	2025.00	1	2025-07-06 15:14:30.346412	2025-07-06 15:14:30.346412	0.52	1060.00
105	\N	82	2024-06-25	8290.00	1	2025-07-06 15:14:30.466913	2025-07-06 15:14:30.466913	0.60	5000.00
106	\N	32	2024-06-25	7860.00	1	2025-07-06 15:14:30.592931	2025-07-06 15:14:30.592931	0.59	4600.00
107	\N	50	2024-06-25	5795.00	1	2025-07-06 15:14:30.7221	2025-07-06 15:14:30.7221	0.50	2897.50
108	\N	30	2024-06-26	3140.00	1	2025-07-06 15:14:30.853128	2025-07-06 15:14:30.853128	0.70	2198.00
109	\N	30	2024-06-26	5385.00	1	2025-07-06 15:14:30.98028	2025-07-06 15:14:30.98028	0.57	3069.45
110	\N	30	2024-06-26	8000.00	1	2025-07-06 15:14:31.235835	2025-07-06 15:14:31.235835	0.62	4939.27
111	\N	30	2024-06-26	11440.00	1	2025-07-06 15:14:31.363815	2025-07-06 15:14:31.363815	0.51	5873.33
112	\N	46	2024-06-26	1550.00	1	2025-07-06 15:14:31.600223	2025-07-06 15:14:31.600223	0.39	600.00
113	\N	50	2024-06-26	9535.00	1	2025-07-06 15:14:31.84627	2025-07-06 15:14:31.84627	0.50	4767.50
114	\N	83	2024-06-26	9435.00	1	2025-07-06 15:14:31.970886	2025-07-06 15:14:31.970886	0.64	6000.00
115	\N	30	2024-06-26	3330.00	1	2025-07-06 15:14:32.099045	2025-07-06 15:14:32.099045	0.48	1604.33
116	\N	30	2024-06-26	6660.00	1	2025-07-06 15:14:32.230135	2025-07-06 15:14:32.230135	0.45	3000.00
117	\N	61	2024-06-26	3970.00	1	2025-07-06 15:14:32.368411	2025-07-06 15:14:32.368411	0.49	1928.40
118	\N	29	2024-06-26	2930.00	1	2025-07-06 15:14:32.478513	2025-07-06 15:14:32.478513	0.52	1530.00
119	\N	63	2024-06-26	8460.00	1	2025-07-06 15:14:32.597314	2025-07-06 15:14:32.597314	0.50	4230.00
120	\N	67	2024-06-26	7300.00	1	2025-07-06 15:14:32.73798	2025-07-06 15:14:32.73798	0.54	3942.00
121	\N	30	2024-06-27	7550.00	1	2025-07-06 15:14:32.862432	2025-07-06 15:14:32.862432	0.70	5257.00
122	\N	31	2024-06-27	6115.00	1	2025-07-06 15:14:32.990953	2025-07-06 15:14:32.990953	0.50	3057.50
123	\N	30	2024-06-27	8900.00	1	2025-07-06 15:14:33.106384	2025-07-06 15:14:33.106384	0.70	6230.00
124	\N	30	2024-06-27	7250.00	1	2025-07-06 15:14:33.239703	2025-07-06 15:14:33.239703	0.57	4120.00
125	\N	30	2024-06-27	10085.00	1	2025-07-06 15:14:33.360469	2025-07-06 15:14:33.360469	0.47	4734.33
126	\N	30	2024-06-27	4210.00	1	2025-07-06 15:14:33.490882	2025-07-06 15:14:33.490882	0.32	1347.00
127	\N	38	2024-06-27	4375.00	1	2025-07-06 15:14:33.721467	2025-07-06 15:14:33.721467	0.65	2843.75
128	\N	30	2024-06-27	7945.00	1	2025-07-06 15:14:33.846642	2025-07-06 15:14:33.846642	0.48	3829.33
129	\N	32	2024-06-27	9985.00	1	2025-07-06 15:14:34.075013	2025-07-06 15:14:34.075013	0.60	5991.00
130	\N	30	2024-06-27	2230.00	1	2025-07-06 15:14:34.213932	2025-07-06 15:14:34.213932	0.51	1146.66
131	\N	31	2024-06-27	1305.00	1	2025-07-06 15:14:34.334844	2025-07-06 15:14:34.334844	0.50	652.50
132	\N	30	2024-06-27	5695.00	1	2025-07-06 15:14:34.464452	2025-07-06 15:14:34.464452	0.18	1000.00
133	\N	68	2024-06-27	10740.00	1	2025-07-06 15:14:34.591275	2025-07-06 15:14:34.591275	0.70	7518.00
134	\N	63	2024-06-27	7755.00	1	2025-07-06 15:14:34.736768	2025-07-06 15:14:34.736768	0.50	3877.50
135	\N	30	2024-06-27	3895.00	1	2025-07-06 15:14:34.866983	2025-07-06 15:14:34.866983	0.64	2495.00
136	\N	35	2024-06-27	3610.00	1	2025-07-06 15:14:34.994811	2025-07-06 15:14:34.994811	0.65	2346.50
137	\N	30	2024-06-28	8760.00	1	2025-07-06 15:14:35.14597	2025-07-06 15:14:35.14597	0.74	6478.66
138	\N	30	2024-06-28	4295.00	1	2025-07-06 15:14:35.263827	2025-07-06 15:14:35.263827	0.70	3006.50
139	\N	30	2024-06-28	3640.00	1	2025-07-06 15:14:35.393053	2025-07-06 15:14:35.393053	0.50	1807.66
140	\N	30	2024-06-28	7045.00	1	2025-07-06 15:14:35.512637	2025-07-06 15:14:35.512637	0.66	4669.90
141	\N	30	2024-06-28	8790.00	1	2025-07-06 15:14:35.647108	2025-07-06 15:14:35.647108	0.70	6153.00
142	\N	30	2024-06-28	6215.00	1	2025-07-06 15:14:35.766074	2025-07-06 15:14:35.766074	0.50	3107.50
143	\N	38	2024-06-28	8585.00	1	2025-07-06 15:14:35.884921	2025-07-06 15:14:35.884921	0.72	6181.20
144	\N	30	2024-07-02	6205.00	1	2025-07-06 15:14:36.01496	2025-07-06 15:14:36.01496	0.55	3427.14
145	\N	46	2024-07-02	3545.00	1	2025-07-06 15:14:36.148844	2025-07-06 15:14:36.148844	0.62	2214.00
146	\N	72	2024-07-02	3780.00	1	2025-07-06 15:14:36.277419	2025-07-06 15:14:36.277419	0.70	2640.00
147	\N	63	2024-07-02	4700.00	1	2025-07-06 15:14:36.395067	2025-07-06 15:14:36.395067	0.60	2820.00
148	\N	30	2024-07-02	6905.00	1	2025-07-06 15:14:36.506491	2025-07-06 15:14:36.506491	0.69	4733.50
149	\N	84	2024-07-02	13490.00	1	2025-07-06 15:14:36.629918	2025-07-06 15:14:36.629918	0.75	10117.50
150	\N	30	2024-07-02	3815.00	1	2025-07-06 15:14:36.751762	2025-07-06 15:14:36.751762	0.55	2103.33
151	\N	30	2024-07-02	6690.00	1	2025-07-06 15:14:36.889981	2025-07-06 15:14:36.889981	0.70	4683.00
152	\N	33	2024-07-02	4100.00	1	2025-07-06 15:14:37.012462	2025-07-06 15:14:37.012462	0.60	2460.00
153	\N	46	2024-07-02	1165.00	1	2025-07-06 15:14:37.133608	2025-07-06 15:14:37.133608	0.86	1000.00
154	\N	30	2024-07-02	7560.00	1	2025-07-06 15:14:37.25299	2025-07-06 15:14:37.25299	0.49	3692.19
155	\N	30	2024-07-03	5925.00	1	2025-07-06 15:14:37.379881	2025-07-06 15:14:37.379881	0.54	3173.85
156	\N	85	2024-07-03	10730.00	1	2025-07-06 15:14:37.505221	2025-07-06 15:14:37.505221	0.40	4292.00
157	\N	29	2024-07-03	4055.00	1	2025-07-06 15:14:37.762942	2025-07-06 15:14:37.762942	0.63	2555.00
158	\N	46	2024-07-03	7585.00	1	2025-07-06 15:14:37.888271	2025-07-06 15:14:37.888271	0.70	5300.00
159	\N	30	2024-07-03	6525.00	1	2025-07-06 15:14:38.009386	2025-07-06 15:14:38.009386	0.51	3356.17
160	\N	72	2024-07-03	5805.00	1	2025-07-06 15:14:38.125246	2025-07-06 15:14:38.125246	0.65	3773.25
161	\N	31	2024-07-03	2140.00	1	2025-07-06 15:14:38.243028	2025-07-06 15:14:38.243028	0.50	1070.00
162	\N	72	2024-07-03	5065.00	1	2025-07-06 15:14:38.365228	2025-07-06 15:14:38.365228	0.50	2532.50
163	\N	30	2024-07-03	1790.00	1	2025-07-06 15:14:38.491003	2025-07-06 15:14:38.491003	0.55	990.00
164	\N	80	2024-07-03	3075.00	1	2025-07-06 15:14:38.635026	2025-07-06 15:14:38.635026	0.55	1691.25
165	\N	80	2024-07-03	3840.00	1	2025-07-06 15:14:38.771333	2025-07-06 15:14:38.771333	0.55	2112.00
166	\N	30	2024-07-03	7050.00	1	2025-07-06 15:14:38.905314	2025-07-06 15:14:38.905314	0.50	3557.28
167	\N	86	2024-07-03	11850.00	1	2025-07-06 15:14:39.02617	2025-07-06 15:14:39.02617	0.15	1777.50
168	\N	35	2024-07-03	4130.00	1	2025-07-06 15:14:39.154345	2025-07-06 15:14:39.154345	0.53	2200.00
169	\N	31	2024-07-03	8425.00	1	2025-07-06 15:14:39.278802	2025-07-06 15:14:39.278802	0.45	3766.00
170	\N	80	2024-07-03	875.00	1	2025-07-06 15:14:39.397075	2025-07-06 15:14:39.397075	0.50	437.50
171	\N	46	2024-07-03	8040.00	1	2025-07-06 15:14:39.513278	2025-07-06 15:14:39.513278	0.87	7000.00
172	\N	86	2024-07-03	13475.00	1	2025-07-06 15:14:39.633716	2025-07-06 15:14:39.633716	0.20	2695.00
173	\N	30	2024-07-03	8260.00	1	2025-07-06 15:14:39.762044	2025-07-06 15:14:39.762044	0.40	3296.13
174	\N	63	2024-07-03	2705.00	1	2025-07-06 15:14:39.90036	2025-07-06 15:14:39.90036	0.40	1082.00
175	\N	82	2024-07-03	2540.00	1	2025-07-06 15:14:40.034978	2025-07-06 15:14:40.034978	0.60	1525.00
176	\N	72	2024-07-03	2431.80	1	2025-07-06 15:14:40.145929	2025-07-06 15:14:40.145929	0.25	597.50
177	\N	30	2024-07-08	5370.00	1	2025-07-06 15:14:40.259796	2025-07-06 15:14:40.259796	0.70	3759.00
178	\N	87	2024-07-08	5945.00	1	2025-07-06 15:14:40.38588	2025-07-06 15:14:40.38588	0.63	3718.00
179	\N	30	2024-07-08	8320.00	1	2025-07-06 15:14:40.519647	2025-07-06 15:14:40.519647	0.85	7086.67
180	\N	29	2024-07-08	7200.00	1	2025-07-06 15:14:40.646083	2025-07-06 15:14:40.646083	0.60	4300.00
181	\N	32	2024-07-08	2770.00	1	2025-07-06 15:14:40.75491	2025-07-06 15:14:40.75491	0.54	1500.00
182	\N	32	2024-07-08	10960.00	1	2025-07-06 15:14:40.875331	2025-07-06 15:14:40.875331	0.60	6575.00
183	\N	30	2024-07-08	4385.00	1	2025-07-06 15:14:41.009345	2025-07-06 15:14:41.009345	0.70	3069.50
184	\N	80	2024-07-08	10144.80	1	2025-07-06 15:14:41.156048	2025-07-06 15:14:41.156048	0.49	5015.00
185	\N	30	2024-07-08	6795.00	1	2025-07-06 15:14:41.276229	2025-07-06 15:14:41.276229	0.55	3729.00
186	\N	88	2024-07-08	5875.00	1	2025-07-06 15:14:41.404739	2025-07-06 15:14:41.404739	0.45	2643.00
187	\N	30	2024-07-08	1255.00	1	2025-07-06 15:14:41.513928	2025-07-06 15:14:41.513928	0.70	880.00
188	\N	31	2024-07-08	6925.00	1	2025-07-06 15:14:41.746501	2025-07-06 15:14:41.746501	0.50	3462.50
189	\N	30	2024-07-08	3855.00	1	2025-07-06 15:14:41.878635	2025-07-06 15:14:41.878635	0.34	1327.40
190	\N	30	2024-07-08	4625.00	1	2025-07-06 15:14:42.000463	2025-07-06 15:14:42.000463	0.27	1231.33
191	\N	32	2024-07-08	10325.00	1	2025-07-06 15:14:42.121291	2025-07-06 15:14:42.121291	0.59	6125.00
192	\N	31	2024-07-08	9730.00	1	2025-07-06 15:14:42.2497	2025-07-06 15:14:42.2497	0.50	4865.00
193	\N	31	2024-07-08	4215.00	1	2025-07-06 15:14:42.374472	2025-07-06 15:14:42.374472	0.50	2107.50
194	\N	87	2024-07-08	5975.00	1	2025-07-06 15:14:42.489119	2025-07-06 15:14:42.489119	0.63	3737.50
195	\N	63	2024-07-09	4325.00	1	2025-07-06 15:14:42.607289	2025-07-06 15:14:42.607289	0.35	1500.00
196	\N	30	2024-07-09	10365.00	1	2025-07-06 15:14:42.729668	2025-07-06 15:14:42.729668	0.50	5182.50
197	\N	30	2024-07-09	9015.00	1	2025-07-06 15:14:42.871754	2025-07-06 15:14:42.871754	0.66	5986.66
198	\N	30	2024-07-09	8820.00	1	2025-07-06 15:14:43.000131	2025-07-06 15:14:43.000131	0.70	6174.00
199	\N	30	2024-07-09	4270.00	1	2025-07-06 15:14:43.144292	2025-07-06 15:14:43.144292	0.44	1858.20
200	\N	32	2024-07-09	5730.00	1	2025-07-06 15:14:43.255946	2025-07-06 15:14:43.255946	0.70	4000.00
201	\N	89	2024-07-09	645.00	1	2025-07-06 15:14:43.400075	2025-07-06 15:14:43.400075	0.47	300.00
202	\N	31	2024-07-09	7040.00	1	2025-07-06 15:14:43.521274	2025-07-06 15:14:43.521274	0.50	3520.00
203	\N	30	2024-07-10	6885.00	1	2025-07-06 15:14:43.654428	2025-07-06 15:14:43.654428	0.70	4819.50
204	\N	30	2024-07-10	5345.00	1	2025-07-06 15:14:43.871461	2025-07-06 15:14:43.871461	0.70	3741.50
205	\N	30	2024-07-10	2705.00	1	2025-07-06 15:14:44.101806	2025-07-06 15:14:44.101806	0.80	2164.00
206	\N	30	2024-07-10	8330.00	1	2025-07-06 15:14:44.225273	2025-07-06 15:14:44.225273	0.61	5054.90
207	\N	46	2024-07-10	3615.00	1	2025-07-06 15:14:44.354106	2025-07-06 15:14:44.354106	0.53	1900.00
208	\N	30	2024-07-10	3490.00	1	2025-07-06 15:14:44.474783	2025-07-06 15:14:44.474783	0.70	2443.00
209	\N	33	2024-07-10	10155.00	1	2025-07-06 15:14:44.597964	2025-07-06 15:14:44.597964	0.70	7108.50
210	\N	90	2024-07-10	7870.00	1	2025-07-06 15:14:44.722889	2025-07-06 15:14:44.722889	0.65	5115.50
211	\N	85	2024-07-10	21295.00	1	2025-07-06 15:14:44.843514	2025-07-06 15:14:44.843514	0.35	7453.25
212	\N	31	2024-07-10	1995.00	1	2025-07-06 15:14:44.962937	2025-07-06 15:14:44.962937	0.50	997.50
213	\N	80	2024-07-10	7265.00	1	2025-07-06 15:14:45.090323	2025-07-06 15:14:45.090323	0.50	3632.50
214	\N	46	2024-07-10	6565.00	1	2025-07-06 15:14:45.227957	2025-07-06 15:14:45.227957	0.76	5000.00
215	\N	87	2024-07-10	6830.00	1	2025-07-06 15:14:45.342259	2025-07-06 15:14:45.342259	0.55	3756.50
216	\N	31	2024-07-10	7725.00	1	2025-07-06 15:14:45.481793	2025-07-06 15:14:45.481793	0.50	3862.50
217	\N	30	2024-07-10	7410.00	1	2025-07-06 15:14:45.597427	2025-07-06 15:14:45.597427	0.70	5187.00
218	\N	29	2024-07-11	1605.00	1	2025-07-06 15:14:45.727053	2025-07-06 15:14:45.727053	0.69	1105.00
219	\N	80	2024-07-11	5505.00	1	2025-07-06 15:14:45.851982	2025-07-06 15:14:45.851982	0.50	2752.50
220	\N	30	2024-07-11	9425.00	1	2025-07-06 15:14:46.102573	2025-07-06 15:14:46.102573	0.41	3870.33
221	\N	91	2024-07-11	9660.00	1	2025-07-06 15:14:46.201257	2025-07-06 15:14:46.201257	0.42	4037.20
222	\N	31	2024-07-11	7820.00	1	2025-07-06 15:14:46.301481	2025-07-06 15:14:46.301481	0.50	3910.00
223	\N	87	2024-07-11	6855.00	1	2025-07-06 15:14:46.408635	2025-07-06 15:14:46.408635	0.65	4455.75
224	\N	80	2024-07-11	3920.00	1	2025-07-06 15:14:46.532977	2025-07-06 15:14:46.532977	0.50	1960.00
225	\N	30	2024-07-11	8300.00	1	2025-07-06 15:14:46.680833	2025-07-06 15:14:46.680833	0.55	4600.00
226	\N	29	2024-07-11	13000.00	1	2025-07-06 15:14:46.82836	2025-07-06 15:14:46.82836	0.45	5890.00
227	\N	30	2024-07-11	6470.00	1	2025-07-06 15:14:46.952451	2025-07-06 15:14:46.952451	0.60	3912.00
228	\N	30	2024-07-11	1890.00	1	2025-07-06 15:14:47.177724	2025-07-06 15:14:47.177724	0.70	1323.00
229	\N	92	2024-07-11	5320.00	1	2025-07-06 15:14:47.410517	2025-07-06 15:14:47.410517	0.56	3000.00
230	\N	63	2024-07-11	10015.00	1	2025-07-06 15:14:47.519373	2025-07-06 15:14:47.519373	0.40	4006.00
231	\N	30	2024-07-11	4065.00	1	2025-07-06 15:14:47.636515	2025-07-06 15:14:47.636515	0.44	1796.66
232	\N	82	2024-07-12	10875.00	1	2025-07-06 15:14:47.769006	2025-07-06 15:14:47.769006	0.61	6600.00
233	\N	93	2024-07-12	8600.00	1	2025-07-06 15:14:47.913015	2025-07-06 15:14:47.913015	0.49	4200.00
234	\N	93	2024-07-12	9965.00	1	2025-07-06 15:14:48.158354	2025-07-06 15:14:48.158354	0.45	4500.00
235	\N	30	2024-07-12	7505.00	1	2025-07-06 15:14:48.384246	2025-07-06 15:14:48.384246	0.70	5253.50
236	\N	93	2024-07-12	10085.00	1	2025-07-06 15:14:48.506768	2025-07-06 15:14:48.506768	0.50	5000.00
237	\N	94	2024-07-12	9045.00	1	2025-07-06 15:14:48.623892	2025-07-06 15:14:48.623892	0.50	4522.50
238	\N	67	2024-07-15	11230.00	1	2025-07-06 15:14:48.742748	2025-07-06 15:14:48.742748	0.62	6962.60
239	\N	33	2024-07-15	14050.00	1	2025-07-06 15:14:48.866642	2025-07-06 15:14:48.866642	0.60	8430.00
240	\N	29	2024-07-15	3155.00	1	2025-07-06 15:14:48.991682	2025-07-06 15:14:48.991682	0.92	2905.00
241	\N	30	2024-07-15	8395.00	1	2025-07-06 15:14:49.132148	2025-07-06 15:14:49.132148	0.68	5713.46
242	\N	29	2024-07-15	3540.00	1	2025-07-06 15:14:49.244016	2025-07-06 15:14:49.244016	0.55	1940.00
243	\N	32	2024-07-15	5935.00	1	2025-07-06 15:14:49.476205	2025-07-06 15:14:49.476205	0.60	3540.00
244	\N	72	2024-07-15	7485.00	1	2025-07-06 15:14:49.60181	2025-07-06 15:14:49.60181	0.60	4491.00
245	\N	72	2024-07-15	4690.00	1	2025-07-06 15:14:49.751871	2025-07-06 15:14:49.751871	0.65	3048.00
246	\N	67	2024-07-15	7445.00	1	2025-07-06 15:14:49.90125	2025-07-06 15:14:49.90125	0.60	4467.00
247	\N	67	2024-07-15	6690.00	1	2025-07-06 15:14:50.034302	2025-07-06 15:14:50.034302	0.62	4147.80
248	\N	95	2024-07-15	4605.00	1	2025-07-06 15:14:50.298341	2025-07-06 15:14:50.298341	0.50	2302.50
249	\N	96	2024-07-15	1810.00	1	2025-07-06 15:14:50.421515	2025-07-06 15:14:50.421515	0.25	452.50
250	\N	72	2024-07-15	11355.00	1	2025-07-06 15:14:50.550975	2025-07-06 15:14:50.550975	0.50	5677.50
251	\N	80	2024-07-15	3890.00	1	2025-07-06 15:14:50.668506	2025-07-06 15:14:50.668506	0.50	1945.00
252	\N	72	2024-07-15	7705.00	1	2025-07-06 15:14:50.814444	2025-07-06 15:14:50.814444	0.60	4623.00
253	\N	46	2024-07-16	5505.00	1	2025-07-06 15:14:51.045365	2025-07-06 15:14:51.045365	0.65	3600.00
254	\N	30	2024-07-16	7000.00	1	2025-07-06 15:14:51.163821	2025-07-06 15:14:51.163821	0.49	3456.40
255	\N	30	2024-07-16	7445.00	1	2025-07-06 15:14:51.284918	2025-07-06 15:14:51.284918	0.46	3437.66
256	\N	30	2024-07-16	3760.00	1	2025-07-06 15:14:51.415891	2025-07-06 15:14:51.415891	0.40	1500.00
257	\N	30	2024-07-16	8355.00	1	2025-07-06 15:14:51.554551	2025-07-06 15:14:51.554551	0.70	5848.50
258	\N	50	2024-07-16	8910.00	1	2025-07-06 15:14:51.672305	2025-07-06 15:14:51.672305	0.35	3118.50
259	\N	30	2024-07-16	10620.00	1	2025-07-06 15:14:51.788348	2025-07-06 15:14:51.788348	0.60	6372.00
260	\N	67	2024-07-16	12265.00	1	2025-07-06 15:14:51.912853	2025-07-06 15:14:51.912853	0.47	5764.55
261	\N	30	2024-07-16	9855.00	1	2025-07-06 15:14:52.032206	2025-07-06 15:14:52.032206	0.66	6530.51
262	\N	30	2024-07-16	8130.00	1	2025-07-06 15:14:52.170401	2025-07-06 15:14:52.170401	0.70	5691.00
263	\N	30	2024-07-16	2310.00	1	2025-07-06 15:14:52.31278	2025-07-06 15:14:52.31278	0.70	1617.00
264	\N	31	2024-07-16	5860.00	1	2025-07-06 15:14:52.437132	2025-07-06 15:14:52.437132	0.42	2466.00
265	\N	89	2024-07-17	10075.00	1	2025-07-06 15:14:52.55026	2025-07-06 15:14:52.55026	0.60	6000.00
266	\N	30	2024-07-17	11755.00	1	2025-07-06 15:14:52.663611	2025-07-06 15:14:52.663611	0.35	4149.60
267	\N	30	2024-07-17	10225.00	1	2025-07-06 15:14:52.786344	2025-07-06 15:14:52.786344	0.28	2890.50
268	\N	63	2024-07-17	12645.00	1	2025-07-06 15:14:52.951238	2025-07-06 15:14:52.951238	0.50	6322.50
269	\N	95	2024-07-17	4550.00	1	2025-07-06 15:14:53.207251	2025-07-06 15:14:53.207251	0.55	2502.50
270	\N	97	2024-07-17	2355.00	1	2025-07-06 15:14:53.33466	2025-07-06 15:14:53.33466	0.50	1177.50
271	\N	30	2024-07-17	4740.00	1	2025-07-06 15:14:53.454864	2025-07-06 15:14:53.454864	0.50	2363.60
272	\N	30	2024-07-17	2700.00	1	2025-07-06 15:14:53.579095	2025-07-06 15:14:53.579095	0.67	1800.00
273	\N	95	2024-07-17	10325.00	1	2025-07-06 15:14:53.691671	2025-07-06 15:14:53.691671	0.50	5162.50
274	\N	32	2024-07-17	4925.00	1	2025-07-06 15:14:53.835407	2025-07-06 15:14:53.835407	0.57	2800.00
275	\N	67	2024-07-17	12220.00	1	2025-07-06 15:14:53.958488	2025-07-06 15:14:53.958488	0.48	5837.13
276	\N	31	2024-07-17	7230.00	1	2025-07-06 15:14:54.082433	2025-07-06 15:14:54.082433	0.47	3431.41
277	\N	98	2024-07-17	1630.00	1	2025-07-06 15:14:54.213923	2025-07-06 15:14:54.213923	0.30	494.88
278	209	35	2024-07-17	6855.00	1	2025-07-06 15:14:54.436177	2025-07-06 15:14:54.436177	0.55	3770.25
279	\N	46	2024-07-17	5115.00	1	2025-07-06 15:14:54.561784	2025-07-06 15:14:54.561784	0.53	2730.00
280	\N	80	2024-07-17	7465.00	1	2025-07-06 15:14:54.674629	2025-07-06 15:14:54.674629	0.55	4105.75
281	\N	30	2024-07-17	4975.00	1	2025-07-06 15:14:54.807291	2025-07-06 15:14:54.807291	0.35	1726.33
282	\N	74	2024-07-17	3830.00	1	2025-07-06 15:14:54.929044	2025-07-06 15:14:54.929044	0.55	2106.50
283	\N	50	2024-07-17	5720.00	1	2025-07-06 15:14:55.15233	2025-07-06 15:14:55.15233	0.35	2002.00
284	\N	50	2024-07-18	6640.00	1	2025-07-06 15:14:55.281552	2025-07-06 15:14:55.281552	0.49	3246.67
285	\N	99	2024-07-18	11060.00	1	2025-07-06 15:14:55.495896	2025-07-06 15:14:55.495896	0.65	7243.53
286	\N	38	2024-07-18	10360.00	1	2025-07-06 15:14:55.606662	2025-07-06 15:14:55.606662	0.46	4723.80
287	\N	61	2024-07-18	6500.00	1	2025-07-06 15:14:55.732551	2025-07-06 15:14:55.732551	0.50	3237.50
288	\N	30	2024-07-18	7230.00	1	2025-07-06 15:14:55.858037	2025-07-06 15:14:55.858037	0.32	2281.80
289	\N	50	2024-07-18	9615.00	1	2025-07-06 15:14:55.984049	2025-07-06 15:14:55.984049	0.35	3365.25
290	\N	29	2024-07-18	500.00	1	2025-07-06 15:14:56.239939	2025-07-06 15:14:56.239939	0.80	400.00
291	\N	50	2024-07-18	8870.00	1	2025-07-06 15:14:56.362772	2025-07-06 15:14:56.362772	0.40	3548.00
292	\N	67	2024-07-19	9970.00	1	2025-07-06 15:14:56.475702	2025-07-06 15:14:56.475702	0.51	5084.70
293	\N	90	2024-07-19	3505.00	1	2025-07-06 15:14:56.597354	2025-07-06 15:14:56.597354	0.70	2453.50
294	\N	30	2024-07-19	6940.00	1	2025-07-06 15:14:56.717172	2025-07-06 15:14:56.717172	0.60	4164.00
295	\N	46	2024-07-19	7790.00	1	2025-07-06 15:14:56.842646	2025-07-06 15:14:56.842646	0.69	5400.00
296	\N	46	2024-07-19	7790.00	1	2025-07-06 15:14:57.086	2025-07-06 15:14:57.086	0.69	5400.00
297	\N	100	2024-07-19	3260.00	1	2025-07-06 15:14:57.298462	2025-07-06 15:14:57.298462	0.46	1500.00
298	\N	63	2024-07-19	7490.00	1	2025-07-06 15:14:57.40177	2025-07-06 15:14:57.40177	0.47	3520.00
299	\N	33	2024-07-22	9265.00	1	2025-07-06 15:14:57.521878	2025-07-06 15:14:57.521878	0.35	3242.75
300	\N	101	2024-07-22	12120.00	1	2025-07-06 15:14:57.714352	2025-07-06 15:14:57.714352	0.60	7272.00
301	\N	63	2024-07-22	9575.00	1	2025-07-06 15:14:57.828473	2025-07-06 15:14:57.828473	0.50	4787.50
302	\N	46	2024-07-22	6590.00	1	2025-07-06 15:14:57.954234	2025-07-06 15:14:57.954234	0.79	5200.00
303	\N	30	2024-07-22	6970.00	1	2025-07-06 15:14:58.076103	2025-07-06 15:14:58.076103	0.41	2828.06
304	\N	80	2024-07-22	1270.00	1	2025-07-06 15:14:58.215429	2025-07-06 15:14:58.215429	0.75	952.50
305	\N	80	2024-07-22	550.00	1	2025-07-06 15:14:58.340648	2025-07-06 15:14:58.340648	0.75	412.50
306	\N	30	2024-07-22	4005.00	1	2025-07-06 15:14:58.452804	2025-07-06 15:14:58.452804	0.12	500.00
307	\N	30	2024-07-23	7400.00	1	2025-07-06 15:14:58.565672	2025-07-06 15:14:58.565672	0.62	4621.66
308	\N	31	2024-07-23	4075.00	1	2025-07-06 15:14:58.688062	2025-07-06 15:14:58.688062	0.50	2037.50
309	\N	31	2024-07-23	2140.00	1	2025-07-06 15:14:59.038935	2025-07-06 15:14:59.038935	0.50	1070.00
310	\N	101	2024-07-23	3755.00	1	2025-07-06 15:14:59.165358	2025-07-06 15:14:59.165358	0.60	2253.00
311	\N	101	2024-07-23	3325.00	1	2025-07-06 15:14:59.300661	2025-07-06 15:14:59.300661	0.50	1662.00
312	\N	31	2024-07-23	6310.00	1	2025-07-06 15:14:59.421713	2025-07-06 15:14:59.421713	0.50	3155.00
313	\N	30	2024-07-23	6330.00	1	2025-07-06 15:14:59.53965	2025-07-06 15:14:59.53965	0.60	3798.00
314	\N	102	2024-07-23	9630.00	1	2025-07-06 15:14:59.748348	2025-07-06 15:14:59.748348	0.67	6420.00
315	\N	50	2024-07-23	6145.00	1	2025-07-06 15:14:59.861649	2025-07-06 15:14:59.861649	0.40	2458.00
316	\N	30	2024-07-23	11480.00	1	2025-07-06 15:14:59.9851	2025-07-06 15:14:59.9851	0.48	5515.23
317	\N	103	2024-07-23	7250.00	1	2025-07-06 15:15:00.211897	2025-07-06 15:15:00.211897	0.50	3625.00
318	\N	104	2024-07-23	2540.00	1	2025-07-06 15:15:00.413328	2025-07-06 15:15:00.413328	0.60	1524.00
319	\N	68	2024-07-24	550.00	1	2025-07-06 15:15:00.54361	2025-07-06 15:15:00.54361	0.73	400.00
320	\N	30	2024-07-24	3695.00	1	2025-07-06 15:15:00.684464	2025-07-06 15:15:00.684464	0.42	1548.33
321	\N	30	2024-07-24	7105.00	1	2025-07-06 15:15:00.818777	2025-07-06 15:15:00.818777	0.43	3071.00
322	\N	35	2024-07-24	5290.00	1	2025-07-06 15:15:00.958783	2025-07-06 15:15:00.958783	0.65	3438.50
323	\N	30	2024-07-24	6360.00	1	2025-07-06 15:15:01.096294	2025-07-06 15:15:01.096294	0.43	2722.66
324	\N	46	2024-07-24	6275.00	1	2025-07-06 15:15:01.20562	2025-07-06 15:15:01.20562	0.69	4300.00
325	\N	30	2024-07-24	4500.00	1	2025-07-06 15:15:01.457491	2025-07-06 15:15:01.457491	0.53	2401.66
326	\N	35	2024-07-24	930.00	1	2025-07-06 15:15:01.573155	2025-07-06 15:15:01.573155	0.30	280.00
327	\N	30	2024-07-24	9610.00	1	2025-07-06 15:15:01.691438	2025-07-06 15:15:01.691438	0.45	4292.33
328	\N	38	2024-07-24	4940.00	1	2025-07-06 15:15:01.814779	2025-07-06 15:15:01.814779	0.60	2964.00
329	\N	30	2024-07-24	7405.00	1	2025-07-06 15:15:02.047493	2025-07-06 15:15:02.047493	0.42	3135.00
330	\N	105	2024-07-24	10500.00	1	2025-07-06 15:15:02.25919	2025-07-06 15:15:02.25919	0.64	6727.50
331	\N	38	2024-07-24	6465.00	1	2025-07-06 15:15:02.389477	2025-07-06 15:15:02.389477	0.50	3232.50
332	\N	63	2024-07-25	2710.00	1	2025-07-06 15:15:02.51204	2025-07-06 15:15:02.51204	0.50	1355.00
333	\N	80	2024-07-25	3656.73	1	2025-07-06 15:15:02.652275	2025-07-06 15:15:02.652275	0.70	2559.71
334	\N	80	2024-07-25	3980.00	1	2025-07-06 15:15:02.782862	2025-07-06 15:15:02.782862	0.70	2786.00
335	\N	80	2024-07-25	7170.00	1	2025-07-06 15:15:02.921611	2025-07-06 15:15:02.921611	0.75	5377.50
336	\N	30	2024-07-25	3480.00	1	2025-07-06 15:15:03.044062	2025-07-06 15:15:03.044062	0.43	1510.08
337	\N	46	2024-07-25	1155.00	1	2025-07-06 15:15:03.175281	2025-07-06 15:15:03.175281	0.87	1000.00
338	\N	46	2024-07-25	1100.00	1	2025-07-06 15:15:03.313214	2025-07-06 15:15:03.313214	0.91	1000.00
339	\N	80	2024-07-25	9640.00	1	2025-07-06 15:15:03.440301	2025-07-06 15:15:03.440301	0.50	4820.00
340	\N	30	2024-07-25	545.00	1	2025-07-06 15:15:03.598123	2025-07-06 15:15:03.598123	0.70	380.00
341	\N	105	2024-07-25	6920.00	1	2025-07-06 15:15:03.710836	2025-07-06 15:15:03.710836	0.59	4113.00
342	\N	30	2024-07-25	11245.00	1	2025-07-06 15:15:03.817351	2025-07-06 15:15:03.817351	0.57	6420.00
343	\N	46	2024-07-25	6610.00	1	2025-07-06 15:15:03.926425	2025-07-06 15:15:03.926425	0.61	4000.00
344	\N	30	2024-07-26	9745.00	1	2025-07-06 15:15:04.048316	2025-07-06 15:15:04.048316	0.29	2812.33
345	\N	30	2024-07-26	3460.00	1	2025-07-06 15:15:04.195493	2025-07-06 15:15:04.195493	0.42	1459.57
346	\N	95	2024-07-26	1670.00	1	2025-07-06 15:15:04.43854	2025-07-06 15:15:04.43854	0.55	918.50
347	\N	63	2024-07-26	6260.00	1	2025-07-06 15:15:04.562051	2025-07-06 15:15:04.562051	0.52	3245.00
348	\N	80	2024-07-26	8080.00	1	2025-07-06 15:15:04.792263	2025-07-06 15:15:04.792263	0.60	4848.00
349	\N	30	2024-07-26	6930.00	1	2025-07-06 15:15:04.925304	2025-07-06 15:15:04.925304	0.60	4135.33
350	\N	30	2024-07-26	6220.00	1	2025-07-06 15:15:05.05259	2025-07-06 15:15:05.05259	0.39	2449.13
351	\N	30	2024-07-29	6900.00	1	2025-07-06 15:15:05.177474	2025-07-06 15:15:05.177474	0.70	4800.00
352	\N	30	2024-07-29	7265.00	1	2025-07-06 15:15:05.3927	2025-07-06 15:15:05.3927	0.54	3948.66
353	\N	97	2024-07-29	6175.00	1	2025-07-06 15:15:05.506079	2025-07-06 15:15:05.506079	0.57	3525.72
354	\N	87	2024-07-29	6900.00	1	2025-07-06 15:15:05.614169	2025-07-06 15:15:05.614169	0.50	3430.00
355	\N	30	2024-07-29	935.00	1	2025-07-06 15:15:05.727931	2025-07-06 15:15:05.727931	0.69	645.00
356	\N	30	2024-07-29	7675.00	1	2025-07-06 15:15:05.848172	2025-07-06 15:15:05.848172	0.70	5372.50
357	\N	52	2024-07-29	9575.00	1	2025-07-06 15:15:05.996058	2025-07-06 15:15:05.996058	0.50	4787.50
358	\N	30	2024-07-29	8325.00	1	2025-07-06 15:15:06.119542	2025-07-06 15:15:06.119542	0.81	6731.66
359	\N	106	2024-07-29	1395.00	1	2025-07-06 15:15:06.456458	2025-07-06 15:15:06.456458	0.50	697.50
360	\N	30	2024-07-29	5880.00	1	2025-07-06 15:15:06.589029	2025-07-06 15:15:06.589029	0.36	2115.33
361	\N	30	2024-07-29	7515.00	1	2025-07-06 15:15:06.710937	2025-07-06 15:15:06.710937	0.84	6281.42
362	\N	105	2024-07-29	7956.40	1	2025-07-06 15:15:06.835263	2025-07-06 15:15:06.835263	0.50	3942.50
363	\N	80	2024-07-29	5280.00	1	2025-07-06 15:15:06.947463	2025-07-06 15:15:06.947463	0.75	3960.00
364	\N	50	2024-07-29	3925.00	1	2025-07-06 15:15:07.058779	2025-07-06 15:15:07.058779	0.50	1962.50
365	\N	30	2024-07-29	8990.00	1	2025-07-06 15:15:07.290437	2025-07-06 15:15:07.290437	0.70	6290.00
366	\N	29	2024-07-29	13930.00	1	2025-07-06 15:15:07.40416	2025-07-06 15:15:07.40416	0.36	5000.00
367	\N	67	2024-07-30	7760.00	1	2025-07-06 15:15:07.535476	2025-07-06 15:15:07.535476	0.37	2839.37
368	\N	30	2024-07-30	8740.00	1	2025-07-06 15:15:07.660246	2025-07-06 15:15:07.660246	0.68	5985.00
369	\N	30	2024-07-30	4230.00	1	2025-07-06 15:15:07.792401	2025-07-06 15:15:07.792401	0.50	2109.50
370	\N	30	2024-07-30	9755.00	1	2025-07-06 15:15:07.910439	2025-07-06 15:15:07.910439	0.69	6762.00
371	\N	30	2024-07-30	6865.00	1	2025-07-06 15:15:08.020541	2025-07-06 15:15:08.020541	0.75	5167.97
372	\N	63	2024-07-30	2135.00	1	2025-07-06 15:15:08.136646	2025-07-06 15:15:08.136646	0.50	1067.50
373	\N	90	2024-07-30	5880.00	1	2025-07-06 15:15:08.260671	2025-07-06 15:15:08.260671	0.60	3528.00
374	\N	107	2024-07-30	9980.00	1	2025-07-06 15:15:08.546282	2025-07-06 15:15:08.546282	0.55	5489.00
375	\N	64	2024-07-30	2910.00	1	2025-07-06 15:15:08.660692	2025-07-06 15:15:08.660692	0.65	1892.00
376	\N	46	2024-07-30	8255.00	1	2025-07-06 15:15:08.783782	2025-07-06 15:15:08.783782	0.73	6000.00
377	\N	30	2024-07-30	6540.00	1	2025-07-06 15:15:08.900091	2025-07-06 15:15:08.900091	0.44	2854.82
378	\N	31	2024-07-30	7935.00	1	2025-07-06 15:15:09.016249	2025-07-06 15:15:09.016249	0.50	3967.50
379	\N	30	2024-07-30	4775.00	1	2025-07-06 15:15:09.133081	2025-07-06 15:15:09.133081	0.34	1628.01
380	\N	80	2024-07-30	7755.00	1	2025-07-06 15:15:09.250211	2025-07-06 15:15:09.250211	0.77	6000.00
381	\N	63	2024-07-30	2785.00	1	2025-07-06 15:15:09.370381	2025-07-06 15:15:09.370381	0.50	1392.50
382	\N	30	2024-07-30	2700.00	1	2025-07-06 15:15:09.598828	2025-07-06 15:15:09.598828	0.70	1890.00
383	\N	30	2024-07-30	7270.00	1	2025-07-06 15:15:09.723213	2025-07-06 15:15:09.723213	0.68	4970.00
384	\N	30	2024-07-30	7950.00	1	2025-07-06 15:15:09.970202	2025-07-06 15:15:09.970202	0.63	5012.00
385	\N	30	2024-07-30	4195.00	1	2025-07-06 15:15:10.094674	2025-07-06 15:15:10.094674	0.31	1320.66
386	\N	30	2024-07-31	5825.00	1	2025-07-06 15:15:10.2369	2025-07-06 15:15:10.2369	0.70	4077.50
387	\N	30	2024-07-31	10270.00	1	2025-07-06 15:15:10.362084	2025-07-06 15:15:10.362084	0.43	4448.66
388	\N	38	2024-07-31	5265.00	1	2025-07-06 15:15:10.477155	2025-07-06 15:15:10.477155	0.50	2632.50
389	\N	72	2024-07-31	7675.00	1	2025-07-06 15:15:10.615022	2025-07-06 15:15:10.615022	0.50	3837.50
390	\N	63	2024-07-31	8460.00	1	2025-07-06 15:15:10.723739	2025-07-06 15:15:10.723739	0.50	4230.00
391	\N	108	2024-07-31	5845.00	1	2025-07-06 15:15:10.940593	2025-07-06 15:15:10.940593	0.35	2045.75
392	\N	108	2024-07-31	6405.00	1	2025-07-06 15:15:11.077538	2025-07-06 15:15:11.077538	0.33	2115.75
393	\N	72	2024-07-31	3640.00	1	2025-07-06 15:15:11.218661	2025-07-06 15:15:11.218661	0.50	1820.00
394	\N	38	2024-07-31	3780.00	1	2025-07-06 15:15:11.356689	2025-07-06 15:15:11.356689	0.64	2401.95
395	\N	30	2024-07-31	5475.00	1	2025-07-06 15:15:11.48176	2025-07-06 15:15:11.48176	0.30	1638.37
396	\N	61	2024-07-31	5383.60	1	2025-07-06 15:15:11.60479	2025-07-06 15:15:11.60479	0.50	2667.50
397	\N	38	2024-07-31	3445.00	1	2025-07-06 15:15:11.728127	2025-07-06 15:15:11.728127	0.70	2411.50
398	\N	94	2024-07-31	5755.00	1	2025-07-06 15:15:11.837748	2025-07-06 15:15:11.837748	0.65	3740.75
399	\N	94	2024-07-31	7990.00	1	2025-07-06 15:15:11.94739	2025-07-06 15:15:11.94739	0.65	5193.50
400	\N	30	2024-07-31	7790.00	1	2025-07-06 15:15:12.072598	2025-07-06 15:15:12.072598	0.49	3846.66
401	\N	30	2024-07-31	1025.00	1	2025-07-06 15:15:12.19267	2025-07-06 15:15:12.19267	0.43	440.52
402	\N	72	2024-07-31	5910.00	1	2025-07-06 15:15:12.351577	2025-07-06 15:15:12.351577	0.60	3546.00
403	\N	30	2024-07-31	975.00	1	2025-07-06 15:15:12.462507	2025-07-06 15:15:12.462507	0.69	675.00
404	\N	30	2024-07-31	4305.00	1	2025-07-06 15:15:12.583583	2025-07-06 15:15:12.583583	0.60	2583.00
405	\N	91	2024-07-31	3615.00	1	2025-07-06 15:15:12.695654	2025-07-06 15:15:12.695654	0.60	2169.00
406	\N	30	2024-08-01	6750.00	1	2025-07-06 15:15:12.815062	2025-07-06 15:15:12.815062	0.70	4720.00
407	\N	50	2024-08-01	720.00	1	2025-07-06 15:15:13.043589	2025-07-06 15:15:13.043589	0.35	252.00
408	\N	50	2024-08-01	5840.00	1	2025-07-06 15:15:13.165651	2025-07-06 15:15:13.165651	0.45	2628.00
409	\N	33	2024-08-01	5965.00	1	2025-07-06 15:15:13.288589	2025-07-06 15:15:13.288589	0.65	3877.25
410	\N	30	2024-08-01	7475.00	1	2025-07-06 15:15:13.417234	2025-07-06 15:15:13.417234	0.57	4232.50
411	\N	30	2024-08-01	4230.00	1	2025-07-06 15:15:13.53246	2025-07-06 15:15:13.53246	0.34	1432.88
412	\N	91	2024-08-01	3365.00	1	2025-07-06 15:15:13.671554	2025-07-06 15:15:13.671554	0.40	1346.00
413	\N	30	2024-08-01	6740.00	1	2025-07-06 15:15:13.796166	2025-07-06 15:15:13.796166	0.64	4339.82
414	\N	33	2024-08-01	3040.00	1	2025-07-06 15:15:13.909089	2025-07-06 15:15:13.909089	0.65	1976.00
415	\N	52	2024-08-01	705.00	1	2025-07-06 15:15:14.028193	2025-07-06 15:15:14.028193	0.67	475.00
416	\N	52	2024-08-01	735.00	1	2025-07-06 15:15:14.164647	2025-07-06 15:15:14.164647	0.58	425.00
417	\N	109	2024-08-01	9333.80	1	2025-07-06 15:15:14.479834	2025-07-06 15:15:14.479834	0.60	5629.00
418	\N	30	2024-08-02	11430.00	1	2025-07-06 15:15:14.595307	2025-07-06 15:15:14.595307	0.52	5910.37
419	\N	101	2024-08-02	5910.00	1	2025-07-06 15:15:14.731017	2025-07-06 15:15:14.731017	0.60	3546.00
420	\N	38	2024-08-02	7425.00	1	2025-07-06 15:15:14.859449	2025-07-06 15:15:14.859449	0.50	3712.50
421	\N	34	2024-08-02	4075.00	1	2025-07-06 15:15:14.974691	2025-07-06 15:15:14.974691	0.60	2445.00
422	\N	95	2024-08-02	5690.00	1	2025-07-06 15:15:15.211759	2025-07-06 15:15:15.211759	0.51	2901.90
423	\N	63	2024-08-02	1990.00	1	2025-07-06 15:15:15.347966	2025-07-06 15:15:15.347966	0.50	995.00
424	\N	46	2024-08-02	5410.00	1	2025-07-06 15:15:15.48653	2025-07-06 15:15:15.48653	0.60	3234.00
425	\N	31	2024-08-02	8940.00	1	2025-07-06 15:15:15.63065	2025-07-06 15:15:15.63065	0.50	4470.00
426	\N	110	2024-08-02	11110.00	1	2025-07-06 15:15:15.83318	2025-07-06 15:15:15.83318	0.67	7443.70
427	\N	46	2024-08-02	3290.00	1	2025-07-06 15:15:15.971399	2025-07-06 15:15:15.971399	0.50	1645.00
428	\N	80	2024-08-05	6750.00	1	2025-07-06 15:15:16.087382	2025-07-06 15:15:16.087382	0.75	5062.50
429	\N	30	2024-08-05	8660.00	1	2025-07-06 15:15:16.21373	2025-07-06 15:15:16.21373	0.70	6062.00
430	\N	111	2024-08-05	7780.00	1	2025-07-06 15:15:16.408565	2025-07-06 15:15:16.408565	0.55	4279.00
431	\N	30	2024-08-05	6850.00	1	2025-07-06 15:15:16.534838	2025-07-06 15:15:16.534838	0.60	4110.00
432	\N	35	2024-08-05	6260.00	1	2025-07-06 15:15:16.768477	2025-07-06 15:15:16.768477	0.55	3443.00
433	\N	53	2024-08-05	4200.00	1	2025-07-06 15:15:16.90588	2025-07-06 15:15:16.90588	0.24	1000.00
434	\N	112	2024-08-05	3065.00	1	2025-07-06 15:15:17.140081	2025-07-06 15:15:17.140081	0.43	1331.73
435	\N	32	2024-08-05	11005.00	1	2025-07-06 15:15:17.245385	2025-07-06 15:15:17.245385	0.60	6603.00
436	\N	30	2024-08-05	3030.00	1	2025-07-06 15:15:17.372702	2025-07-06 15:15:17.372702	0.18	551.43
437	\N	29	2024-08-05	2630.00	1	2025-07-06 15:15:17.486822	2025-07-06 15:15:17.486822	0.39	1030.00
438	\N	29	2024-08-05	12755.00	1	2025-07-06 15:15:17.606922	2025-07-06 15:15:17.606922	0.40	5082.00
439	\N	29	2024-08-05	5370.00	1	2025-07-06 15:15:17.722576	2025-07-06 15:15:17.722576	0.61	3270.00
440	\N	50	2024-08-05	4270.00	1	2025-07-06 15:15:17.848996	2025-07-06 15:15:17.848996	0.45	1940.97
441	\N	30	2024-08-05	3900.00	1	2025-07-06 15:15:18.078889	2025-07-06 15:15:18.078889	0.67	2628.33
442	\N	29	2024-08-06	11012.20	1	2025-07-06 15:15:18.207699	2025-07-06 15:15:18.207699	0.69	7591.50
443	\N	57	2024-08-06	8620.00	1	2025-07-06 15:15:18.451842	2025-07-06 15:15:18.451842	0.50	4310.00
444	\N	30	2024-08-06	7080.00	1	2025-07-06 15:15:18.588737	2025-07-06 15:15:18.588737	0.47	3356.00
445	\N	30	2024-08-06	5500.00	1	2025-07-06 15:15:18.708894	2025-07-06 15:15:18.708894	0.70	3850.00
446	\N	87	2024-08-06	3585.00	1	2025-07-06 15:15:18.83805	2025-07-06 15:15:18.83805	0.70	2509.50
447	\N	31	2024-08-06	6927.80	1	2025-07-06 15:15:19.062639	2025-07-06 15:15:19.062639	0.50	3452.50
448	\N	29	2024-08-06	10275.00	1	2025-07-06 15:15:19.297417	2025-07-06 15:15:19.297417	0.66	6775.00
449	\N	29	2024-08-07	11245.00	1	2025-07-06 15:15:19.517542	2025-07-06 15:15:19.517542	0.66	7375.00
450	\N	31	2024-08-07	9660.00	1	2025-07-06 15:15:19.633722	2025-07-06 15:15:19.633722	0.50	4830.00
451	\N	69	2024-08-07	5780.00	1	2025-07-06 15:15:19.758274	2025-07-06 15:15:19.758274	0.50	2890.00
452	\N	30	2024-08-07	8965.00	1	2025-07-06 15:15:19.8934	2025-07-06 15:15:19.8934	0.34	3084.46
453	\N	30	2024-08-07	5640.00	1	2025-07-06 15:15:20.020768	2025-07-06 15:15:20.020768	0.13	723.75
454	\N	30	2024-08-07	6670.00	1	2025-07-06 15:15:20.140757	2025-07-06 15:15:20.140757	0.64	4300.83
455	\N	30	2024-08-07	1565.00	1	2025-07-06 15:15:20.274833	2025-07-06 15:15:20.274833	0.46	722.88
456	\N	30	2024-08-07	8095.00	1	2025-07-06 15:15:20.392555	2025-07-06 15:15:20.392555	0.85	6912.00
457	\N	29	2024-08-07	9490.00	1	2025-07-06 15:15:20.585733	2025-07-06 15:15:20.585733	0.50	4740.00
458	\N	30	2024-08-07	4570.00	1	2025-07-06 15:15:20.793076	2025-07-06 15:15:20.793076	0.60	2742.00
459	\N	30	2024-08-07	8750.00	1	2025-07-06 15:15:21.241248	2025-07-06 15:15:21.241248	0.66	5750.00
460	\N	95	2024-08-08	6720.00	1	2025-07-06 15:15:21.518875	2025-07-06 15:15:21.518875	0.45	3024.00
461	\N	30	2024-08-08	6250.00	1	2025-07-06 15:15:21.717688	2025-07-06 15:15:21.717688	0.70	4375.00
462	\N	30	2024-08-08	5000.00	1	2025-07-06 15:15:22.094883	2025-07-06 15:15:22.094883	0.84	4180.20
463	\N	30	2024-08-08	7280.00	1	2025-07-06 15:15:22.408204	2025-07-06 15:15:22.408204	0.70	5096.00
464	\N	46	2024-08-08	6400.00	1	2025-07-06 15:15:22.732841	2025-07-06 15:15:22.732841	0.53	3400.00
465	\N	30	2024-08-08	12505.00	1	2025-07-06 15:15:22.956429	2025-07-06 15:15:22.956429	0.24	3052.75
466	\N	29	2024-08-08	9700.00	1	2025-07-06 15:15:23.270018	2025-07-06 15:15:23.270018	0.50	4850.00
467	\N	30	2024-08-08	7325.00	1	2025-07-06 15:15:23.477184	2025-07-06 15:15:23.477184	0.56	4070.99
468	\N	30	2024-08-08	8785.00	1	2025-07-06 15:15:23.689475	2025-07-06 15:15:23.689475	0.31	2695.00
469	\N	50	2024-08-09	6220.00	1	2025-07-06 15:15:23.908609	2025-07-06 15:15:23.908609	0.40	2488.00
470	\N	80	2024-08-09	5960.00	1	2025-07-06 15:15:24.115648	2025-07-06 15:15:24.115648	0.41	2420.00
471	\N	30	2024-08-09	3370.00	1	2025-07-06 15:15:24.428446	2025-07-06 15:15:24.428446	0.36	1221.20
472	\N	113	2024-08-09	1795.00	1	2025-07-06 15:15:24.768662	2025-07-06 15:15:24.768662	0.50	897.50
473	\N	80	2024-08-09	1135.00	1	2025-07-06 15:15:25.107207	2025-07-06 15:15:25.107207	0.70	794.50
474	\N	30	2024-08-09	5510.00	1	2025-07-06 15:15:25.336598	2025-07-06 15:15:25.336598	0.46	2534.10
475	\N	50	2024-08-09	4645.00	1	2025-07-06 15:15:25.589186	2025-07-06 15:15:25.589186	0.40	1858.00
476	\N	91	2024-08-09	3460.00	1	2025-07-06 15:15:25.795102	2025-07-06 15:15:25.795102	0.55	1903.00
477	\N	30	2024-08-12	6275.00	1	2025-07-06 15:15:25.98947	2025-07-06 15:15:25.98947	0.44	2786.37
478	\N	50	2024-08-12	9690.00	1	2025-07-06 15:15:26.193421	2025-07-06 15:15:26.193421	0.36	3495.28
479	\N	114	2024-08-12	12975.00	1	2025-07-06 15:15:26.51461	2025-07-06 15:15:26.51461	0.50	6487.50
480	\N	30	2024-08-12	10020.00	1	2025-07-06 15:15:26.774189	2025-07-06 15:15:26.774189	0.48	4840.50
481	\N	30	2024-08-12	7085.00	1	2025-07-06 15:15:26.957636	2025-07-06 15:15:26.957636	0.60	4251.00
482	\N	30	2024-08-13	9025.00	1	2025-07-06 15:15:27.161322	2025-07-06 15:15:27.161322	0.71	6372.14
483	\N	80	2024-08-13	8300.00	1	2025-07-06 15:15:27.634807	2025-07-06 15:15:27.634807	0.55	4565.00
484	\N	29	2024-08-13	9735.00	1	2025-07-06 15:15:27.864247	2025-07-06 15:15:27.864247	0.57	5585.00
485	\N	50	2024-08-13	3950.00	1	2025-07-06 15:15:28.08462	2025-07-06 15:15:28.08462	0.36	1436.00
486	\N	53	2024-08-13	12840.00	1	2025-07-06 15:15:28.510552	2025-07-06 15:15:28.510552	0.53	6800.00
487	\N	50	2024-08-13	13710.00	1	2025-07-06 15:15:28.82271	2025-07-06 15:15:28.82271	0.35	4798.50
488	\N	30	2024-08-13	3340.00	1	2025-07-06 15:15:29.026366	2025-07-06 15:15:29.026366	0.60	2004.00
489	\N	30	2024-08-13	6855.00	1	2025-07-06 15:15:29.24235	2025-07-06 15:15:29.24235	0.60	4113.00
490	\N	30	2024-08-13	6930.00	1	2025-07-06 15:15:29.471147	2025-07-06 15:15:29.471147	0.38	2637.66
491	\N	30	2024-08-13	1520.00	1	2025-07-06 15:15:29.831971	2025-07-06 15:15:29.831971	0.70	1064.00
492	\N	87	2024-08-13	4805.00	1	2025-07-06 15:15:30.128098	2025-07-06 15:15:30.128098	0.65	3123.25
493	\N	30	2024-08-13	5850.00	1	2025-07-06 15:15:30.45572	2025-07-06 15:15:30.45572	0.60	3510.00
494	\N	30	2024-08-13	4250.00	1	2025-07-06 15:15:30.689836	2025-07-06 15:15:30.689836	0.28	1189.00
495	\N	29	2024-08-13	1780.00	1	2025-07-06 15:15:31.12129	2025-07-06 15:15:31.12129	0.44	780.00
496	\N	30	2024-08-13	7390.00	1	2025-07-06 15:15:31.342819	2025-07-06 15:15:31.342819	0.70	5173.00
497	\N	50	2024-08-14	8165.00	1	2025-07-06 15:15:31.577618	2025-07-06 15:15:31.577618	0.35	2857.75
498	\N	35	2024-08-14	6520.00	1	2025-07-06 15:15:31.819026	2025-07-06 15:15:31.819026	0.60	3912.00
499	\N	72	2024-08-14	7235.00	1	2025-07-06 15:15:32.029364	2025-07-06 15:15:32.029364	0.50	3617.50
500	\N	50	2024-08-14	2405.00	1	2025-07-06 15:15:32.248242	2025-07-06 15:15:32.248242	0.45	1082.25
501	\N	35	2024-08-14	7345.00	1	2025-07-06 15:15:32.375945	2025-07-06 15:15:32.375945	0.60	4407.00
502	\N	30	2024-08-14	1925.00	1	2025-07-06 15:15:32.486913	2025-07-06 15:15:32.486913	0.70	1347.50
503	\N	72	2024-08-14	7320.00	1	2025-07-06 15:15:32.601366	2025-07-06 15:15:32.601366	0.50	3660.00
504	\N	95	2024-08-14	7125.00	1	2025-07-06 15:15:32.721816	2025-07-06 15:15:32.721816	0.45	3206.25
505	\N	72	2024-08-14	3820.00	1	2025-07-06 15:15:32.965592	2025-07-06 15:15:32.965592	0.71	2700.00
506	\N	30	2024-08-14	7050.00	1	2025-07-06 15:15:33.090245	2025-07-06 15:15:33.090245	0.70	4935.00
507	\N	72	2024-08-14	5265.00	1	2025-07-06 15:15:33.217994	2025-07-06 15:15:33.217994	0.63	3303.00
508	\N	30	2024-08-15	5860.00	1	2025-07-06 15:15:33.348391	2025-07-06 15:15:33.348391	0.69	4060.00
509	\N	30	2024-08-15	5320.00	1	2025-07-06 15:15:33.48159	2025-07-06 15:15:33.48159	0.69	3696.00
510	\N	30	2024-08-15	5775.00	1	2025-07-06 15:15:33.60194	2025-07-06 15:15:33.60194	0.70	4042.50
511	\N	30	2024-08-15	3780.00	1	2025-07-06 15:15:33.732565	2025-07-06 15:15:33.732565	0.60	2280.00
512	\N	103	2024-08-15	6962.40	1	2025-07-06 15:15:33.859508	2025-07-06 15:15:33.859508	0.50	3462.50
513	\N	103	2024-08-15	5220.00	1	2025-07-06 15:15:34.089528	2025-07-06 15:15:34.089528	0.50	2610.00
514	\N	80	2024-08-15	9030.00	1	2025-07-06 15:15:34.216013	2025-07-06 15:15:34.216013	0.70	6321.00
515	\N	115	2024-08-15	1050.00	1	2025-07-06 15:15:34.422034	2025-07-06 15:15:34.422034	0.60	630.00
516	\N	63	2024-08-16	3105.00	1	2025-07-06 15:15:34.55431	2025-07-06 15:15:34.55431	0.50	1552.50
517	\N	30	2024-08-16	6760.00	1	2025-07-06 15:15:34.777884	2025-07-06 15:15:34.777884	0.70	4720.00
518	\N	31	2024-08-16	7220.00	1	2025-07-06 15:15:34.929045	2025-07-06 15:15:34.929045	0.42	3000.00
519	\N	116	2024-08-16	9430.00	1	2025-07-06 15:15:35.235106	2025-07-06 15:15:35.235106	0.50	4715.00
520	\N	30	2024-08-16	9140.00	1	2025-07-06 15:15:35.34208	2025-07-06 15:15:35.34208	0.39	3554.33
521	\N	116	2024-08-16	7745.00	1	2025-07-06 15:15:35.484808	2025-07-06 15:15:35.484808	0.50	3872.50
522	\N	102	2024-08-16	6835.00	1	2025-07-06 15:15:35.64092	2025-07-06 15:15:35.64092	0.29	2000.00
523	\N	38	2024-08-19	6525.00	1	2025-07-06 15:15:35.753867	2025-07-06 15:15:35.753867	0.50	3262.50
524	\N	63	2024-08-19	7855.00	1	2025-07-06 15:15:35.889747	2025-07-06 15:15:35.889747	0.50	3927.50
525	\N	67	2024-08-19	1179.52	1	2025-07-06 15:15:36.02143	2025-07-06 15:15:36.02143	0.18	212.32
526	\N	30	2024-08-19	4355.00	1	2025-07-06 15:15:36.155151	2025-07-06 15:15:36.155151	0.70	3048.50
527	\N	38	2024-08-19	5830.00	1	2025-07-06 15:15:36.277277	2025-07-06 15:15:36.277277	0.65	3789.50
528	\N	30	2024-08-19	2400.00	1	2025-07-06 15:15:36.408569	2025-07-06 15:15:36.408569	0.59	1420.66
529	\N	30	2024-08-19	3500.00	1	2025-07-06 15:15:36.537712	2025-07-06 15:15:36.537712	0.34	1203.26
530	\N	30	2024-08-20	6765.00	1	2025-07-06 15:15:36.655094	2025-07-06 15:15:36.655094	0.46	3121.00
531	\N	69	2024-08-20	6605.00	1	2025-07-06 15:15:36.776135	2025-07-06 15:15:36.776135	0.50	3302.50
532	\N	30	2024-08-20	5770.00	1	2025-07-06 15:15:36.903975	2025-07-06 15:15:36.903975	0.45	2620.68
533	\N	117	2024-08-20	1885.00	1	2025-07-06 15:15:37.113639	2025-07-06 15:15:37.113639	0.50	940.00
534	\N	38	2024-08-20	3460.00	1	2025-07-06 15:15:37.232761	2025-07-06 15:15:37.232761	0.50	1730.00
535	\N	30	2024-08-20	14665.00	1	2025-07-06 15:15:37.354695	2025-07-06 15:15:37.354695	0.44	6500.00
536	\N	30	2024-08-20	7565.00	1	2025-07-06 15:15:37.475068	2025-07-06 15:15:37.475068	0.60	4539.00
537	\N	29	2024-08-20	1100.00	1	2025-07-06 15:15:37.604366	2025-07-06 15:15:37.604366	0.64	700.00
538	\N	29	2024-08-20	1100.00	1	2025-07-06 15:15:37.859548	2025-07-06 15:15:37.859548	0.64	700.00
539	\N	50	2024-08-21	8000.00	1	2025-07-06 15:15:37.98047	2025-07-06 15:15:37.98047	0.45	3600.00
540	\N	46	2024-08-21	11710.00	1	2025-07-06 15:15:38.10553	2025-07-06 15:15:38.10553	0.43	5000.00
541	\N	118	2024-08-21	1350.00	1	2025-07-06 15:15:38.303927	2025-07-06 15:15:38.303927	0.70	945.00
542	\N	30	2024-08-21	6655.00	1	2025-07-06 15:15:38.436597	2025-07-06 15:15:38.436597	0.28	1886.34
543	\N	30	2024-08-21	8580.00	1	2025-07-06 15:15:38.558556	2025-07-06 15:15:38.558556	0.70	6006.00
544	\N	30	2024-08-21	8590.00	1	2025-07-06 15:15:38.685699	2025-07-06 15:15:38.685699	0.79	6801.93
545	\N	30	2024-08-21	10110.00	1	2025-07-06 15:15:38.852581	2025-07-06 15:15:38.852581	0.70	7031.66
546	\N	30	2024-08-21	6510.00	1	2025-07-06 15:15:38.9854	2025-07-06 15:15:38.9854	0.60	3906.00
547	\N	50	2024-08-21	6410.00	1	2025-07-06 15:15:39.125963	2025-07-06 15:15:39.125963	0.45	2884.50
548	\N	30	2024-08-21	4500.00	1	2025-07-06 15:15:39.268852	2025-07-06 15:15:39.268852	0.31	1383.43
549	\N	35	2024-08-21	4430.00	1	2025-07-06 15:15:39.395148	2025-07-06 15:15:39.395148	0.50	2215.00
550	\N	30	2024-08-21	6380.00	1	2025-07-06 15:15:39.530844	2025-07-06 15:15:39.530844	0.60	3835.20
551	\N	30	2024-08-22	13140.00	1	2025-07-06 15:15:39.657111	2025-07-06 15:15:39.657111	0.49	6383.04
552	\N	30	2024-08-22	6430.00	1	2025-07-06 15:15:39.796881	2025-07-06 15:15:39.796881	0.37	2394.00
553	\N	31	2024-08-22	7788.20	1	2025-07-06 15:15:39.934418	2025-07-06 15:15:39.934418	0.50	3894.10
554	\N	95	2024-08-22	2270.00	1	2025-07-06 15:15:40.173071	2025-07-06 15:15:40.173071	0.50	1139.15
555	\N	61	2024-08-22	4920.00	1	2025-07-06 15:15:40.414636	2025-07-06 15:15:40.414636	0.40	1968.00
556	\N	30	2024-08-22	4715.00	1	2025-07-06 15:15:40.539184	2025-07-06 15:15:40.539184	0.23	1079.52
557	\N	33	2024-08-22	3255.00	1	2025-07-06 15:15:40.763251	2025-07-06 15:15:40.763251	0.80	2604.00
558	\N	50	2024-08-22	5250.00	1	2025-07-06 15:15:40.870698	2025-07-06 15:15:40.870698	0.40	2078.67
559	\N	95	2024-08-23	2915.00	1	2025-07-06 15:15:40.990616	2025-07-06 15:15:40.990616	0.50	1457.50
560	\N	30	2024-08-23	1490.00	1	2025-07-06 15:15:41.111126	2025-07-06 15:15:41.111126	0.49	731.33
561	\N	30	2024-08-23	3480.00	1	2025-07-06 15:15:41.356805	2025-07-06 15:15:41.356805	0.33	1158.67
562	\N	72	2024-08-23	8405.00	1	2025-07-06 15:15:41.503928	2025-07-06 15:15:41.503928	0.50	4202.50
563	\N	30	2024-08-23	10345.00	1	2025-07-06 15:15:41.621043	2025-07-06 15:15:41.621043	0.70	7241.50
564	\N	72	2024-08-23	4525.00	1	2025-07-06 15:15:41.847791	2025-07-06 15:15:41.847791	0.65	2940.00
565	\N	61	2024-08-23	10770.00	1	2025-07-06 15:15:42.077017	2025-07-06 15:15:42.077017	0.37	4000.00
566	\N	30	2024-08-23	7310.00	1	2025-07-06 15:15:42.191905	2025-07-06 15:15:42.191905	0.70	5117.00
567	\N	31	2024-08-23	7835.00	1	2025-07-06 15:15:42.299751	2025-07-06 15:15:42.299751	0.50	3917.50
568	\N	30	2024-08-26	8530.00	1	2025-07-06 15:15:42.420835	2025-07-06 15:15:42.420835	0.70	5971.00
569	\N	30	2024-08-26	6660.00	1	2025-07-06 15:15:42.558854	2025-07-06 15:15:42.558854	0.62	4160.00
570	\N	38	2024-08-26	1960.00	1	2025-07-06 15:15:42.672041	2025-07-06 15:15:42.672041	0.80	1568.00
571	\N	30	2024-08-26	4900.00	1	2025-07-06 15:15:42.804411	2025-07-06 15:15:42.804411	0.58	2840.00
572	\N	30	2024-08-26	7600.00	1	2025-07-06 15:15:42.94494	2025-07-06 15:15:42.94494	0.42	3166.35
573	\N	30	2024-08-26	6520.00	1	2025-07-06 15:15:43.203099	2025-07-06 15:15:43.203099	0.36	2324.33
574	\N	64	2024-08-26	9455.00	1	2025-07-06 15:15:43.313766	2025-07-06 15:15:43.313766	0.50	4727.50
575	\N	29	2024-08-27	8310.00	1	2025-07-06 15:15:43.426425	2025-07-06 15:15:43.426425	0.54	4510.00
576	\N	50	2024-08-27	2805.00	1	2025-07-06 15:15:43.543473	2025-07-06 15:15:43.543473	0.45	1272.52
577	\N	30	2024-08-27	6985.00	1	2025-07-06 15:15:43.656003	2025-07-06 15:15:43.656003	0.34	2355.60
578	\N	119	2024-08-27	8505.00	1	2025-07-06 15:15:43.842494	2025-07-06 15:15:43.842494	0.50	4252.50
579	\N	30	2024-08-27	11530.00	1	2025-07-06 15:15:43.970539	2025-07-06 15:15:43.970539	0.65	7504.28
580	\N	105	2024-08-27	6040.00	1	2025-07-06 15:15:44.096562	2025-07-06 15:15:44.096562	0.60	3624.00
581	\N	30	2024-08-27	7530.00	1	2025-07-06 15:15:44.210415	2025-07-06 15:15:44.210415	0.70	5271.00
582	\N	85	2024-08-28	14115.00	1	2025-07-06 15:15:44.323595	2025-07-06 15:15:44.323595	0.40	5636.00
583	\N	32	2024-08-28	14505.00	1	2025-07-06 15:15:44.446822	2025-07-06 15:15:44.446822	0.48	7005.00
584	\N	50	2024-08-28	8155.00	1	2025-07-06 15:15:44.573476	2025-07-06 15:15:44.573476	0.36	2958.34
585	\N	120	2024-08-28	5150.00	1	2025-07-06 15:15:44.892863	2025-07-06 15:15:44.892863	0.50	2575.00
586	\N	121	2024-08-28	14875.00	1	2025-07-06 15:15:45.087231	2025-07-06 15:15:45.087231	0.50	7437.50
587	\N	50	2024-08-28	7475.00	1	2025-07-06 15:15:45.299912	2025-07-06 15:15:45.299912	0.74	5524.76
588	\N	30	2024-08-28	7385.00	1	2025-07-06 15:15:45.416648	2025-07-06 15:15:45.416648	0.55	4035.33
589	\N	33	2024-08-28	4685.00	1	2025-07-06 15:15:45.53125	2025-07-06 15:15:45.53125	0.75	3513.75
590	\N	50	2024-08-28	6310.00	1	2025-07-06 15:15:45.65146	2025-07-06 15:15:45.65146	0.52	3306.87
591	\N	33	2024-08-28	11455.00	1	2025-07-06 15:15:45.772942	2025-07-06 15:15:45.772942	0.80	9164.00
592	\N	59	2024-08-29	8550.00	1	2025-07-06 15:15:45.918434	2025-07-06 15:15:45.918434	0.50	4275.00
593	\N	59	2024-08-29	6470.00	1	2025-07-06 15:15:46.050043	2025-07-06 15:15:46.050043	0.50	3235.00
594	\N	59	2024-08-29	6500.00	1	2025-07-06 15:15:46.180058	2025-07-06 15:15:46.180058	0.50	3250.00
595	\N	30	2024-08-29	2915.00	1	2025-07-06 15:15:46.306457	2025-07-06 15:15:46.306457	0.70	2040.50
596	\N	50	2024-08-29	6375.00	1	2025-07-06 15:15:46.55552	2025-07-06 15:15:46.55552	0.43	2720.00
597	\N	50	2024-08-29	9560.00	1	2025-07-06 15:15:46.688148	2025-07-06 15:15:46.688148	0.36	3445.78
598	\N	80	2024-08-29	8760.00	1	2025-07-06 15:15:46.825416	2025-07-06 15:15:46.825416	0.70	6132.00
599	\N	30	2024-08-29	10615.00	1	2025-07-06 15:15:46.952242	2025-07-06 15:15:46.952242	0.48	5138.64
600	\N	95	2024-08-29	8770.00	1	2025-07-06 15:15:47.0875	2025-07-06 15:15:47.0875	0.50	4385.00
601	\N	59	2024-08-29	8930.00	1	2025-07-06 15:15:47.199719	2025-07-06 15:15:47.199719	0.50	4465.00
602	\N	95	2024-08-29	5860.00	1	2025-07-06 15:15:47.342238	2025-07-06 15:15:47.342238	0.50	2930.00
603	\N	30	2024-08-29	5510.00	1	2025-07-06 15:15:47.469341	2025-07-06 15:15:47.469341	0.32	1776.49
604	\N	51	2024-08-30	5530.00	1	2025-07-06 15:15:47.619335	2025-07-06 15:15:47.619335	0.50	2765.00
605	\N	30	2024-08-30	4135.00	1	2025-07-06 15:15:47.759785	2025-07-06 15:15:47.759785	0.70	2894.50
606	\N	46	2024-08-30	8105.00	1	2025-07-06 15:15:47.897431	2025-07-06 15:15:47.897431	0.59	4800.00
607	\N	109	2024-08-30	1550.00	1	2025-07-06 15:15:48.04251	2025-07-06 15:15:48.04251	0.83	1293.50
608	\N	33	2024-08-30	9565.00	1	2025-07-06 15:15:48.166702	2025-07-06 15:15:48.166702	0.60	5739.00
609	\N	30	2024-08-30	2205.00	1	2025-07-06 15:15:48.295328	2025-07-06 15:15:48.295328	0.98	2166.66
610	\N	109	2024-08-30	1990.00	1	2025-07-06 15:15:48.557266	2025-07-06 15:15:48.557266	0.65	1293.50
611	\N	46	2024-09-03	3245.00	1	2025-07-06 15:15:48.68073	2025-07-06 15:15:48.68073	0.62	2000.00
612	\N	46	2024-09-03	7430.00	1	2025-07-06 15:15:48.815117	2025-07-06 15:15:48.815117	0.67	5000.00
613	\N	50	2024-09-03	5570.00	1	2025-07-06 15:15:48.945175	2025-07-06 15:15:48.945175	0.35	1949.50
614	\N	30	2024-09-03	6980.00	1	2025-07-06 15:15:49.055171	2025-07-06 15:15:49.055171	0.68	4780.00
615	\N	101	2024-09-03	4710.00	1	2025-07-06 15:15:49.30585	2025-07-06 15:15:49.30585	0.50	2355.00
616	\N	46	2024-09-03	7370.00	1	2025-07-06 15:15:49.460265	2025-07-06 15:15:49.460265	0.65	4800.00
617	\N	30	2024-09-03	1705.00	1	2025-07-06 15:15:49.580683	2025-07-06 15:15:49.580683	0.70	1193.50
618	\N	46	2024-09-03	7475.00	1	2025-07-06 15:15:49.712084	2025-07-06 15:15:49.712084	0.60	4500.00
619	\N	46	2024-09-03	9950.00	1	2025-07-06 15:15:49.936843	2025-07-06 15:15:49.936843	0.55	5500.00
620	\N	67	2024-09-03	4780.00	1	2025-07-06 15:15:50.081064	2025-07-06 15:15:50.081064	0.57	2735.69
621	\N	30	2024-09-04	6065.00	1	2025-07-06 15:15:50.204014	2025-07-06 15:15:50.204014	0.36	2211.00
622	\N	122	2024-09-04	9815.00	1	2025-07-06 15:15:50.422729	2025-07-06 15:15:50.422729	0.60	5889.00
623	\N	63	2024-09-04	8410.00	1	2025-07-06 15:15:50.537717	2025-07-06 15:15:50.537717	0.50	4205.00
624	\N	30	2024-09-04	9495.00	1	2025-07-06 15:15:50.692826	2025-07-06 15:15:50.692826	0.45	4245.28
625	\N	46	2024-09-04	4910.00	1	2025-07-06 15:15:50.811317	2025-07-06 15:15:50.811317	0.43	2100.00
626	\N	80	2024-09-04	4330.00	1	2025-07-06 15:15:51.041793	2025-07-06 15:15:51.041793	0.60	2598.00
627	\N	30	2024-09-04	6315.00	1	2025-07-06 15:15:51.287345	2025-07-06 15:15:51.287345	0.97	6099.32
628	\N	30	2024-09-04	8685.00	1	2025-07-06 15:15:51.435557	2025-07-06 15:15:51.435557	0.38	3282.00
629	\N	35	2024-09-04	5540.00	1	2025-07-06 15:15:51.645793	2025-07-06 15:15:51.645793	0.60	3300.00
630	\N	30	2024-09-05	8725.80	1	2025-07-06 15:15:52.062599	2025-07-06 15:15:52.062599	0.70	6090.00
631	\N	30	2024-09-05	6290.00	1	2025-07-06 15:15:52.271793	2025-07-06 15:15:52.271793	0.42	2666.82
632	\N	35	2024-09-05	4675.00	1	2025-07-06 15:15:52.460913	2025-07-06 15:15:52.460913	0.50	2325.00
633	\N	30	2024-09-05	8115.00	1	2025-07-06 15:15:52.687454	2025-07-06 15:15:52.687454	0.39	3160.33
634	\N	60	2024-09-05	7140.00	1	2025-07-06 15:15:52.95086	2025-07-06 15:15:52.95086	0.50	3570.00
635	\N	33	2024-09-05	550.00	1	2025-07-06 15:15:53.159715	2025-07-06 15:15:53.159715	0.50	275.00
636	\N	33	2024-09-05	8175.00	1	2025-07-06 15:15:53.516948	2025-07-06 15:15:53.516948	0.64	5255.25
637	\N	33	2024-09-05	5989.20	1	2025-07-06 15:15:53.712073	2025-07-06 15:15:53.712073	0.64	3854.50
638	\N	123	2024-09-06	5465.00	1	2025-07-06 15:15:54.073907	2025-07-06 15:15:54.073907	0.50	2732.50
639	\N	63	2024-09-06	1100.00	1	2025-07-06 15:15:54.347542	2025-07-06 15:15:54.347542	0.50	550.00
640	\N	95	2024-09-06	2870.00	1	2025-07-06 15:15:54.68934	2025-07-06 15:15:54.68934	0.61	1758.50
641	\N	30	2024-09-06	3140.00	1	2025-07-06 15:15:55.028357	2025-07-06 15:15:55.028357	0.60	1878.63
642	\N	30	2024-09-06	6565.00	1	2025-07-06 15:15:55.380849	2025-07-06 15:15:55.380849	0.57	3757.66
643	\N	29	2024-09-06	9435.00	1	2025-07-06 15:15:55.69381	2025-07-06 15:15:55.69381	0.50	4735.00
644	\N	30	2024-09-06	8540.00	1	2025-07-06 15:15:55.85514	2025-07-06 15:15:55.85514	0.55	4678.63
645	\N	30	2024-09-06	8840.00	1	2025-07-06 15:15:56.028743	2025-07-06 15:15:56.028743	0.60	5304.00
646	\N	33	2024-09-06	4407.00	1	2025-07-06 15:15:56.198388	2025-07-06 15:15:56.198388	0.36	1582.20
647	\N	30	2024-09-06	6960.00	1	2025-07-06 15:15:56.384806	2025-07-06 15:15:56.384806	0.61	4253.33
648	\N	35	2024-09-09	3650.00	1	2025-07-06 15:15:56.565079	2025-07-06 15:15:56.565079	0.63	2300.00
649	\N	95	2024-09-09	8495.00	1	2025-07-06 15:15:56.735929	2025-07-06 15:15:56.735929	0.43	3625.00
650	\N	124	2024-09-09	9390.00	1	2025-07-06 15:15:57.0138	2025-07-06 15:15:57.0138	0.60	5634.00
651	\N	35	2024-09-09	5580.00	1	2025-07-06 15:15:57.180417	2025-07-06 15:15:57.180417	0.59	3300.00
652	\N	94	2024-09-09	13590.00	1	2025-07-06 15:15:57.369605	2025-07-06 15:15:57.369605	0.65	8833.50
653	\N	123	2024-09-10	6110.00	1	2025-07-06 15:15:57.55915	2025-07-06 15:15:57.55915	0.72	4378.41
654	\N	72	2024-09-10	3310.00	1	2025-07-06 15:15:57.741292	2025-07-06 15:15:57.741292	0.62	2050.00
655	\N	30	2024-09-10	2730.00	1	2025-07-06 15:15:57.935938	2025-07-06 15:15:57.935938	0.67	1830.00
656	\N	30	2024-09-10	6205.00	1	2025-07-06 15:15:58.127185	2025-07-06 15:15:58.127185	0.62	3848.24
657	\N	30	2024-09-10	4980.00	1	2025-07-06 15:15:58.306079	2025-07-06 15:15:58.306079	0.67	3330.00
658	\N	72	2024-09-10	7885.00	1	2025-07-06 15:15:58.639035	2025-07-06 15:15:58.639035	0.45	3525.00
659	\N	72	2024-09-10	7815.00	1	2025-07-06 15:15:58.806585	2025-07-06 15:15:58.806585	0.50	3875.00
660	\N	53	2024-09-10	2945.00	1	2025-07-06 15:15:59.005912	2025-07-06 15:15:59.005912	0.60	1767.00
661	\N	80	2024-09-10	2090.00	1	2025-07-06 15:15:59.203665	2025-07-06 15:15:59.203665	0.50	1045.00
662	\N	29	2024-09-10	2725.00	1	2025-07-06 15:15:59.395618	2025-07-06 15:15:59.395618	0.67	1825.00
663	\N	125	2024-09-11	2127.24	1	2025-07-06 15:15:59.602348	2025-07-06 15:15:59.602348	0.50	1065.00
664	\N	36	2024-09-11	3545.00	1	2025-07-06 15:15:59.737564	2025-07-06 15:15:59.737564	0.79	2800.00
665	\N	63	2024-09-11	2445.00	1	2025-07-06 15:15:59.869501	2025-07-06 15:15:59.869501	0.50	1222.50
666	\N	30	2024-09-11	8885.00	1	2025-07-06 15:16:00.022912	2025-07-06 15:16:00.022912	0.49	4397.66
667	\N	81	2024-09-11	9125.00	1	2025-07-06 15:16:00.14883	2025-07-06 15:16:00.14883	0.20	1825.00
668	\N	126	2024-09-11	2985.00	1	2025-07-06 15:16:00.35022	2025-07-06 15:16:00.35022	0.37	1094.25
669	\N	81	2024-09-11	2895.00	1	2025-07-06 15:16:00.479592	2025-07-06 15:16:00.479592	0.50	1447.50
670	\N	30	2024-09-11	1315.00	1	2025-07-06 15:16:00.620976	2025-07-06 15:16:00.620976	0.49	638.33
671	\N	30	2024-09-11	7045.00	1	2025-07-06 15:16:00.747698	2025-07-06 15:16:00.747698	0.41	2898.33
672	\N	30	2024-09-11	7525.00	1	2025-07-06 15:16:00.995251	2025-07-06 15:16:00.995251	0.70	5267.50
673	\N	38	2024-09-11	4810.00	1	2025-07-06 15:16:01.121017	2025-07-06 15:16:01.121017	0.56	2709.00
674	\N	31	2024-09-11	7170.00	1	2025-07-06 15:16:01.28996	2025-07-06 15:16:01.28996	0.50	3585.00
675	\N	38	2024-09-11	6440.00	1	2025-07-06 15:16:01.562932	2025-07-06 15:16:01.562932	0.72	4636.80
676	\N	50	2024-09-11	5895.00	1	2025-07-06 15:16:01.680112	2025-07-06 15:16:01.680112	0.35	2063.25
677	\N	75	2024-09-11	8280.00	1	2025-07-06 15:16:01.808679	2025-07-06 15:16:01.808679	0.21	1720.36
678	\N	31	2024-09-11	6665.00	1	2025-07-06 15:16:01.943613	2025-07-06 15:16:01.943613	0.45	3000.00
679	\N	33	2024-09-11	8700.00	1	2025-07-06 15:16:02.056906	2025-07-06 15:16:02.056906	0.60	5220.00
680	\N	62	2024-09-11	12895.00	1	2025-07-06 15:16:02.187367	2025-07-06 15:16:02.187367	0.46	5947.50
681	\N	87	2024-09-11	6275.00	1	2025-07-06 15:16:02.446448	2025-07-06 15:16:02.446448	0.50	3137.50
682	\N	81	2024-09-11	9390.00	1	2025-07-06 15:16:02.602634	2025-07-06 15:16:02.602634	0.65	6103.50
683	\N	87	2024-09-12	6285.00	1	2025-07-06 15:16:02.754959	2025-07-06 15:16:02.754959	0.50	3142.50
684	\N	95	2024-09-12	7695.00	1	2025-07-06 15:16:02.886257	2025-07-06 15:16:02.886257	0.51	3924.25
685	\N	30	2024-09-12	7200.00	1	2025-07-06 15:16:03.129569	2025-07-06 15:16:03.129569	0.57	4087.66
686	\N	87	2024-09-12	5250.00	1	2025-07-06 15:16:03.268457	2025-07-06 15:16:03.268457	0.50	2625.00
687	\N	87	2024-09-12	10975.00	1	2025-07-06 15:16:03.396537	2025-07-06 15:16:03.396537	0.60	6546.00
688	\N	46	2024-09-12	2045.00	1	2025-07-06 15:16:03.537687	2025-07-06 15:16:03.537687	0.73	1500.00
689	\N	38	2024-09-12	4615.00	1	2025-07-06 15:16:03.654032	2025-07-06 15:16:03.654032	0.66	3065.25
690	\N	30	2024-09-12	6375.00	1	2025-07-06 15:16:03.928355	2025-07-06 15:16:03.928355	0.36	2282.81
691	\N	95	2024-09-12	6155.00	1	2025-07-06 15:16:04.060118	2025-07-06 15:16:04.060118	0.11	670.67
692	\N	46	2024-09-12	2365.00	1	2025-07-06 15:16:04.178816	2025-07-06 15:16:04.178816	0.80	1900.00
693	\N	30	2024-09-13	4375.00	1	2025-07-06 15:16:04.332207	2025-07-06 15:16:04.332207	0.48	2117.50
694	\N	72	2024-09-13	5785.00	1	2025-07-06 15:16:04.474668	2025-07-06 15:16:04.474668	0.57	3300.00
695	\N	30	2024-09-13	8020.00	1	2025-07-06 15:16:04.729148	2025-07-06 15:16:04.729148	0.50	4010.00
696	\N	72	2024-09-13	7490.00	1	2025-07-06 15:16:04.874726	2025-07-06 15:16:04.874726	0.59	4400.00
697	\N	30	2024-09-13	9410.00	1	2025-07-06 15:16:05.006377	2025-07-06 15:16:05.006377	0.60	5686.00
698	\N	30	2024-09-13	2400.00	1	2025-07-06 15:16:05.136353	2025-07-06 15:16:05.136353	0.28	680.00
699	\N	30	2024-09-13	7740.00	1	2025-07-06 15:16:05.275043	2025-07-06 15:16:05.275043	0.70	5418.00
700	\N	30	2024-09-13	8275.00	1	2025-07-06 15:16:05.418442	2025-07-06 15:16:05.418442	0.50	4129.67
701	\N	30	2024-09-13	8750.00	1	2025-07-06 15:16:05.688552	2025-07-06 15:16:05.688552	0.70	6100.00
702	\N	95	2024-09-13	5360.00	1	2025-07-06 15:16:05.844594	2025-07-06 15:16:05.844594	0.50	2680.00
703	\N	30	2024-09-13	8310.00	1	2025-07-06 15:16:05.989131	2025-07-06 15:16:05.989131	0.22	1867.00
704	\N	31	2024-09-13	8225.00	1	2025-07-06 15:16:06.132321	2025-07-06 15:16:06.132321	0.49	4000.00
705	\N	30	2024-09-16	6465.00	1	2025-07-06 15:16:06.284136	2025-07-06 15:16:06.284136	0.70	4525.50
706	\N	61	2024-09-16	1425.00	1	2025-07-06 15:16:06.441374	2025-07-06 15:16:06.441374	0.50	712.50
707	\N	30	2024-09-16	8095.00	1	2025-07-06 15:16:06.578758	2025-07-06 15:16:06.578758	0.38	3100.64
708	\N	30	2024-09-16	8215.00	1	2025-07-06 15:16:06.700214	2025-07-06 15:16:06.700214	0.70	5750.50
709	\N	68	2024-09-16	12295.00	1	2025-07-06 15:16:06.845853	2025-07-06 15:16:06.845853	0.66	8092.00
710	\N	127	2024-09-16	7005.00	1	2025-07-06 15:16:07.051658	2025-07-06 15:16:07.051658	0.60	4203.00
711	\N	30	2024-09-16	7715.00	1	2025-07-06 15:16:07.161441	2025-07-06 15:16:07.161441	0.70	5400.50
712	\N	95	2024-09-17	5215.00	1	2025-07-06 15:16:07.401589	2025-07-06 15:16:07.401589	0.48	2500.00
713	\N	98	2024-09-17	3470.00	1	2025-07-06 15:16:07.541794	2025-07-06 15:16:07.541794	0.81	2800.00
714	\N	29	2024-09-17	840.00	1	2025-07-06 15:16:07.77256	2025-07-06 15:16:07.77256	0.50	420.00
715	\N	29	2024-09-17	3095.00	1	2025-07-06 15:16:07.891883	2025-07-06 15:16:07.891883	0.61	1895.00
716	\N	50	2024-09-17	2050.00	1	2025-07-06 15:16:08.010079	2025-07-06 15:16:08.010079	0.25	512.50
717	\N	95	2024-09-17	9745.00	1	2025-07-06 15:16:08.253341	2025-07-06 15:16:08.253341	0.45	4405.50
718	\N	95	2024-09-17	3225.00	1	2025-07-06 15:16:08.391105	2025-07-06 15:16:08.391105	0.47	1500.00
719	\N	63	2024-09-17	5395.00	1	2025-07-06 15:16:08.529503	2025-07-06 15:16:08.529503	0.50	2697.50
720	\N	38	2024-09-17	6260.00	1	2025-07-06 15:16:08.655323	2025-07-06 15:16:08.655323	0.75	4695.00
721	\N	30	2024-09-17	5270.00	1	2025-07-06 15:16:08.783615	2025-07-06 15:16:08.783615	0.84	4408.51
722	\N	50	2024-09-17	6480.00	1	2025-07-06 15:16:08.927494	2025-07-06 15:16:08.927494	0.40	2592.00
723	\N	30	2024-09-17	7200.00	1	2025-07-06 15:16:09.050663	2025-07-06 15:16:09.050663	0.54	3870.00
724	\N	61	2024-09-17	6705.00	1	2025-07-06 15:16:09.185116	2025-07-06 15:16:09.185116	0.50	3352.50
725	\N	50	2024-09-17	5640.00	1	2025-07-06 15:16:09.298625	2025-07-06 15:16:09.298625	0.42	2388.74
726	\N	81	2024-09-17	2050.00	1	2025-07-06 15:16:09.422546	2025-07-06 15:16:09.422546	0.50	1025.00
727	\N	63	2024-09-17	6555.00	1	2025-07-06 15:16:09.646855	2025-07-06 15:16:09.646855	0.50	3277.50
728	\N	128	2024-09-17	2140.00	1	2025-07-06 15:16:10.004483	2025-07-06 15:16:10.004483	0.50	1070.00
729	\N	52	2024-09-18	10845.00	1	2025-07-06 15:16:10.146929	2025-07-06 15:16:10.146929	0.50	5425.00
730	\N	46	2024-09-18	13865.00	1	2025-07-06 15:16:10.296064	2025-07-06 15:16:10.296064	0.60	8250.00
731	\N	68	2024-09-18	12625.00	1	2025-07-06 15:16:10.416218	2025-07-06 15:16:10.416218	0.55	7000.00
732	\N	63	2024-09-18	4321.25	1	2025-07-06 15:16:10.551557	2025-07-06 15:16:10.551557	0.50	2161.00
733	\N	95	2024-09-18	3825.00	1	2025-07-06 15:16:10.771273	2025-07-06 15:16:10.771273	0.45	1721.25
734	\N	31	2024-09-18	11495.00	1	2025-07-06 15:16:11.027053	2025-07-06 15:16:11.027053	0.50	5747.50
735	\N	112	2024-09-19	7685.00	1	2025-07-06 15:16:11.275368	2025-07-06 15:16:11.275368	0.50	3842.50
736	\N	31	2024-09-19	4320.00	1	2025-07-06 15:16:11.395918	2025-07-06 15:16:11.395918	0.50	2160.00
737	\N	112	2024-09-19	8765.00	1	2025-07-06 15:16:11.509244	2025-07-06 15:16:11.509244	0.40	3506.00
738	\N	69	2024-09-19	4995.00	1	2025-07-06 15:16:11.628732	2025-07-06 15:16:11.628732	0.55	2747.25
739	\N	30	2024-09-19	8435.00	1	2025-07-06 15:16:11.757428	2025-07-06 15:16:11.757428	0.47	3945.65
740	\N	30	2024-09-19	2315.00	1	2025-07-06 15:16:11.906792	2025-07-06 15:16:11.906792	0.48	1105.00
741	\N	68	2024-09-19	12500.00	1	2025-07-06 15:16:12.025023	2025-07-06 15:16:12.025023	0.54	6700.00
742	\N	30	2024-09-19	11510.00	1	2025-07-06 15:16:12.154899	2025-07-06 15:16:12.154899	0.40	4563.84
743	\N	95	2024-09-20	1450.00	1	2025-07-06 15:16:12.452781	2025-07-06 15:16:12.452781	0.55	797.50
744	\N	95	2024-09-20	8715.00	1	2025-07-06 15:16:12.597658	2025-07-06 15:16:12.597658	0.55	4793.25
745	\N	36	2024-09-20	9720.00	1	2025-07-06 15:16:12.732206	2025-07-06 15:16:12.732206	0.72	6975.00
746	\N	95	2024-09-23	9690.00	1	2025-07-06 15:16:12.89198	2025-07-06 15:16:12.89198	0.60	5814.00
747	\N	30	2024-09-23	8355.00	1	2025-07-06 15:16:13.147116	2025-07-06 15:16:13.147116	0.20	1712.66
748	\N	30	2024-09-23	3625.00	1	2025-07-06 15:16:13.267132	2025-07-06 15:16:13.267132	0.21	773.44
749	\N	30	2024-09-23	2125.00	1	2025-07-06 15:16:13.374445	2025-07-06 15:16:13.374445	0.70	1487.50
750	\N	105	2024-09-23	2095.00	1	2025-07-06 15:16:13.496128	2025-07-06 15:16:13.496128	0.70	1466.50
751	\N	63	2024-09-23	4855.00	1	2025-07-06 15:16:13.62711	2025-07-06 15:16:13.62711	0.60	2913.00
752	\N	38	2024-09-23	4855.00	1	2025-07-06 15:16:13.736443	2025-07-06 15:16:13.736443	0.49	2403.00
753	\N	50	2024-09-23	5270.00	1	2025-07-06 15:16:13.849358	2025-07-06 15:16:13.849358	0.43	2258.59
754	\N	30	2024-09-23	1620.00	1	2025-07-06 15:16:13.975389	2025-07-06 15:16:13.975389	1.00	1620.00
755	\N	30	2024-09-23	5885.00	1	2025-07-06 15:16:14.102025	2025-07-06 15:16:14.102025	0.42	2493.33
756	\N	38	2024-09-23	5305.00	1	2025-07-06 15:16:14.221105	2025-07-06 15:16:14.221105	0.70	3713.50
757	\N	64	2024-09-24	7880.00	1	2025-07-06 15:16:14.439896	2025-07-06 15:16:14.439896	0.60	4728.00
758	\N	31	2024-09-24	5315.00	1	2025-07-06 15:16:14.561342	2025-07-06 15:16:14.561342	0.50	2657.50
759	\N	63	2024-09-24	4457.62	1	2025-07-06 15:16:14.680861	2025-07-06 15:16:14.680861	0.50	2229.00
760	\N	129	2024-09-24	14795.00	1	2025-07-06 15:16:15.019381	2025-07-06 15:16:15.019381	0.50	7397.50
761	\N	36	2024-09-24	10210.00	1	2025-07-06 15:16:15.26171	2025-07-06 15:16:15.26171	0.31	3200.00
762	\N	130	2024-09-24	7180.00	1	2025-07-06 15:16:15.610867	2025-07-06 15:16:15.610867	0.34	2444.07
763	\N	50	2024-09-24	4270.00	1	2025-07-06 15:16:15.729863	2025-07-06 15:16:15.729863	0.36	1544.18
764	\N	130	2024-09-24	6125.00	1	2025-07-06 15:16:15.871028	2025-07-06 15:16:15.871028	0.34	2084.95
765	\N	131	2024-09-24	6323.00	1	2025-07-06 15:16:16.201578	2025-07-06 15:16:16.201578	0.38	2414.18
766	\N	31	2024-09-24	8260.00	1	2025-07-06 15:16:16.305003	2025-07-06 15:16:16.305003	0.50	4130.00
767	\N	87	2024-09-24	9315.00	1	2025-07-06 15:16:16.425126	2025-07-06 15:16:16.425126	0.50	4617.50
768	\N	30	2024-09-24	3820.00	1	2025-07-06 15:16:16.557843	2025-07-06 15:16:16.557843	0.41	1562.00
769	\N	46	2024-09-25	8030.00	1	2025-07-06 15:16:16.677422	2025-07-06 15:16:16.677422	0.60	4800.00
770	\N	85	2024-09-25	8735.09	1	2025-07-06 15:16:16.801824	2025-07-06 15:16:16.801824	0.35	3057.28
771	\N	85	2024-09-25	8735.09	1	2025-07-06 15:16:16.929391	2025-07-06 15:16:16.929391	0.35	3057.28
772	\N	30	2024-09-25	9215.00	1	2025-07-06 15:16:17.04293	2025-07-06 15:16:17.04293	0.32	2922.33
773	\N	95	2024-09-25	10500.00	1	2025-07-06 15:16:17.173751	2025-07-06 15:16:17.173751	0.60	6300.00
774	\N	30	2024-09-25	10219.52	1	2025-07-06 15:16:17.283086	2025-07-06 15:16:17.283086	0.70	7153.66
775	\N	30	2024-09-25	5606.45	1	2025-07-06 15:16:17.398486	2025-07-06 15:16:17.398486	0.38	2145.29
776	\N	80	2024-09-25	1385.00	1	2025-07-06 15:16:17.512928	2025-07-06 15:16:17.512928	0.50	692.50
777	\N	50	2024-09-25	2200.00	1	2025-07-06 15:16:17.623344	2025-07-06 15:16:17.623344	0.36	787.87
778	\N	30	2024-09-26	7060.00	1	2025-07-06 15:16:17.735247	2025-07-06 15:16:17.735247	0.70	4942.00
779	\N	35	2024-09-26	2805.94	1	2025-07-06 15:16:17.85167	2025-07-06 15:16:17.85167	0.71	2000.00
780	\N	132	2024-09-26	10625.00	1	2025-07-06 15:16:18.050476	2025-07-06 15:16:18.050476	0.89	9500.00
781	\N	35	2024-09-26	7305.00	1	2025-07-06 15:16:18.177907	2025-07-06 15:16:18.177907	0.60	4383.00
782	\N	67	2024-09-26	1275.00	1	2025-07-06 15:16:18.282402	2025-07-06 15:16:18.282402	0.56	714.00
783	\N	35	2024-09-26	15850.00	1	2025-07-06 15:16:18.389182	2025-07-06 15:16:18.389182	0.63	10000.00
784	\N	29	2024-09-27	1155.00	1	2025-07-06 15:16:18.503852	2025-07-06 15:16:18.503852	0.51	585.00
785	\N	133	2024-09-27	4410.00	1	2025-07-06 15:16:18.68326	2025-07-06 15:16:18.68326	0.50	2221.35
786	\N	30	2024-09-27	4315.00	1	2025-07-06 15:16:18.792418	2025-07-06 15:16:18.792418	0.50	2157.50
787	\N	63	2024-09-27	4224.30	1	2025-07-06 15:16:18.907328	2025-07-06 15:16:18.907328	0.50	2113.00
788	\N	30	2024-09-27	3455.00	1	2025-07-06 15:16:19.026296	2025-07-06 15:16:19.026296	0.70	2418.50
789	\N	30	2024-09-27	5740.00	1	2025-07-06 15:16:19.141922	2025-07-06 15:16:19.141922	0.70	4018.00
790	\N	30	2024-09-27	3200.00	1	2025-07-06 15:16:19.252919	2025-07-06 15:16:19.252919	0.70	2240.00
791	\N	63	2024-09-27	15525.00	1	2025-07-06 15:16:19.382912	2025-07-06 15:16:19.382912	0.10	1552.50
792	\N	30	2024-09-27	8560.00	1	2025-07-06 15:16:19.494858	2025-07-06 15:16:19.494858	0.27	2343.04
793	\N	110	2024-09-27	4200.00	1	2025-07-06 15:16:19.604177	2025-07-06 15:16:19.604177	0.58	2436.00
794	\N	63	2024-09-27	9590.00	1	2025-07-06 15:16:19.718682	2025-07-06 15:16:19.718682	0.50	4795.00
795	\N	29	2024-09-27	1015.00	1	2025-07-06 15:16:19.830331	2025-07-06 15:16:19.830331	0.79	805.00
796	\N	32	2024-09-30	10870.00	1	2025-07-06 15:16:19.941412	2025-07-06 15:16:19.941412	0.66	7138.86
797	\N	31	2024-09-30	8710.79	1	2025-07-06 15:16:20.14585	2025-07-06 15:16:20.14585	0.50	4355.35
798	\N	30	2024-09-30	8755.00	1	2025-07-06 15:16:20.384277	2025-07-06 15:16:20.384277	0.63	5537.36
799	\N	30	2024-09-30	8425.00	1	2025-07-06 15:16:20.700923	2025-07-06 15:16:20.700923	0.42	3575.34
800	\N	30	2024-09-30	8735.00	1	2025-07-06 15:16:20.906671	2025-07-06 15:16:20.906671	0.32	2788.70
801	\N	46	2024-09-30	7020.57	1	2025-07-06 15:16:21.085406	2025-07-06 15:16:21.085406	0.71	5000.00
802	\N	72	2024-09-30	12625.00	1	2025-07-06 15:16:21.509477	2025-07-06 15:16:21.509477	0.50	6312.50
803	\N	30	2024-09-30	6415.00	1	2025-07-06 15:16:21.694121	2025-07-06 15:16:21.694121	0.70	4490.50
804	\N	63	2024-09-30	2875.00	1	2025-07-06 15:16:21.893105	2025-07-06 15:16:21.893105	0.50	1437.50
805	\N	30	2024-09-30	6320.00	1	2025-07-06 15:16:22.098937	2025-07-06 15:16:22.098937	0.50	3145.10
806	\N	30	2024-10-01	4565.00	1	2025-07-06 15:16:22.374405	2025-07-06 15:16:22.374405	0.70	3195.00
807	\N	30	2024-10-01	8255.00	1	2025-07-06 15:16:22.611734	2025-07-06 15:16:22.611734	0.64	5309.53
808	\N	62	2024-10-01	3350.00	1	2025-07-06 15:16:22.820393	2025-07-06 15:16:22.820393	0.60	2010.00
809	\N	107	2024-10-01	16605.00	1	2025-07-06 15:16:23.043682	2025-07-06 15:16:23.043682	0.50	8302.50
810	\N	30	2024-10-01	6755.00	1	2025-07-06 15:16:23.254828	2025-07-06 15:16:23.254828	0.25	1666.66
811	\N	38	2024-10-01	6945.00	1	2025-07-06 15:16:23.643989	2025-07-06 15:16:23.643989	0.55	3819.75
812	\N	94	2024-10-01	12376.00	1	2025-07-06 15:16:23.878699	2025-07-06 15:16:23.878699	0.65	8044.40
813	\N	31	2024-10-02	5930.00	1	2025-07-06 15:16:24.086536	2025-07-06 15:16:24.086536	0.42	2500.00
814	\N	46	2024-10-02	5085.00	1	2025-07-06 15:16:24.308454	2025-07-06 15:16:24.308454	0.59	3000.00
815	\N	33	2024-10-02	9020.00	1	2025-07-06 15:16:24.611866	2025-07-06 15:16:24.611866	0.27	2435.40
816	\N	63	2024-10-02	5603.27	1	2025-07-06 15:16:24.807015	2025-07-06 15:16:24.807015	0.50	2803.00
817	\N	116	2024-10-02	3795.00	1	2025-07-06 15:16:25.035227	2025-07-06 15:16:25.035227	0.42	1581.25
818	\N	63	2024-10-02	5518.75	1	2025-07-06 15:16:25.235966	2025-07-06 15:16:25.235966	0.50	2760.00
819	\N	50	2024-10-02	6895.00	1	2025-07-06 15:16:25.418302	2025-07-06 15:16:25.418302	0.47	3267.63
820	\N	134	2024-10-02	6000.00	1	2025-07-06 15:16:25.872562	2025-07-06 15:16:25.872562	0.37	2200.00
821	\N	33	2024-10-02	11150.00	1	2025-07-06 15:16:26.071623	2025-07-06 15:16:26.071623	0.29	3233.50
822	\N	63	2024-10-03	5522.15	1	2025-07-06 15:16:26.284448	2025-07-06 15:16:26.284448	0.50	2762.00
823	\N	30	2024-10-03	7682.90	1	2025-07-06 15:16:26.487791	2025-07-06 15:16:26.487791	0.27	2053.62
824	\N	30	2024-10-03	6380.00	1	2025-07-06 15:16:26.708986	2025-07-06 15:16:26.708986	0.70	4466.00
825	\N	30	2024-10-03	2202.72	1	2025-07-06 15:16:26.913488	2025-07-06 15:16:26.913488	0.70	1541.91
826	\N	50	2024-10-03	8770.00	1	2025-07-06 15:16:27.126534	2025-07-06 15:16:27.126534	0.35	3069.50
827	\N	30	2024-10-03	3590.00	1	2025-07-06 15:16:27.315065	2025-07-06 15:16:27.315065	0.70	2513.00
828	\N	30	2024-10-03	1410.00	1	2025-07-06 15:16:27.530433	2025-07-06 15:16:27.530433	0.59	833.33
829	\N	29	2024-10-03	6520.00	1	2025-07-06 15:16:27.777931	2025-07-06 15:16:27.777931	0.63	4095.00
830	\N	50	2024-10-03	6650.00	1	2025-07-06 15:16:28.126375	2025-07-06 15:16:28.126375	0.49	3276.81
831	\N	30	2024-10-03	7675.00	1	2025-07-06 15:16:28.325177	2025-07-06 15:16:28.325177	0.70	5372.50
832	\N	95	2024-10-04	8505.00	1	2025-07-06 15:16:28.564667	2025-07-06 15:16:28.564667	0.50	4252.50
833	\N	31	2024-10-04	2575.00	1	2025-07-06 15:16:28.771356	2025-07-06 15:16:28.771356	0.50	1287.50
834	\N	50	2024-10-04	3735.00	1	2025-07-06 15:16:28.975475	2025-07-06 15:16:28.975475	0.43	1607.97
835	\N	87	2024-10-04	3865.00	1	2025-07-06 15:16:29.217477	2025-07-06 15:16:29.217477	0.65	2512.25
836	\N	72	2024-10-07	6425.00	1	2025-07-06 15:16:29.469067	2025-07-06 15:16:29.469067	0.50	3212.50
837	\N	72	2024-10-07	6235.00	1	2025-07-06 15:16:29.793589	2025-07-06 15:16:29.793589	0.50	3117.50
838	\N	72	2024-10-07	4085.00	1	2025-07-06 15:16:30.01195	2025-07-06 15:16:30.01195	0.50	2042.50
839	\N	72	2024-10-07	5990.00	1	2025-07-06 15:16:30.254494	2025-07-06 15:16:30.254494	0.50	2995.00
840	\N	67	2024-10-07	4320.00	1	2025-07-06 15:16:30.465834	2025-07-06 15:16:30.465834	0.34	1468.80
841	\N	111	2024-10-07	8380.00	1	2025-07-06 15:16:30.684962	2025-07-06 15:16:30.684962	0.50	4190.00
842	\N	67	2024-10-07	6630.00	1	2025-07-06 15:16:30.88432	2025-07-06 15:16:30.88432	0.66	4392.26
843	\N	63	2024-10-07	7895.00	1	2025-07-06 15:16:31.274893	2025-07-06 15:16:31.274893	0.50	3947.50
844	\N	72	2024-10-07	3405.00	1	2025-07-06 15:16:31.476372	2025-07-06 15:16:31.476372	0.66	2250.00
845	\N	30	2024-10-07	1350.00	1	2025-07-06 15:16:31.662361	2025-07-06 15:16:31.662361	0.70	945.00
846	\N	72	2024-10-07	4534.15	1	2025-07-06 15:16:31.860587	2025-07-06 15:16:31.860587	0.65	2948.00
847	\N	63	2024-10-07	7230.00	1	2025-07-06 15:16:32.067998	2025-07-06 15:16:32.067998	0.50	3615.00
848	\N	33	2024-10-07	5530.00	1	2025-07-06 15:16:32.282248	2025-07-06 15:16:32.282248	0.60	3318.00
849	\N	72	2024-10-07	6150.00	1	2025-07-06 15:16:32.466339	2025-07-06 15:16:32.466339	0.50	3075.00
850	\N	30	2024-10-07	6470.00	1	2025-07-06 15:16:32.654178	2025-07-06 15:16:32.654178	0.70	4529.00
851	\N	30	2024-10-07	6850.00	1	2025-07-06 15:16:32.841918	2025-07-06 15:16:32.841918	0.50	3425.00
852	\N	30	2024-10-07	6180.00	1	2025-07-06 15:16:33.032384	2025-07-06 15:16:33.032384	0.50	3090.00
853	\N	50	2024-10-07	2678.29	1	2025-07-06 15:16:33.325719	2025-07-06 15:16:33.325719	0.68	1816.82
854	\N	50	2024-10-07	5665.00	1	2025-07-06 15:16:33.565764	2025-07-06 15:16:33.565764	0.35	1965.25
855	\N	72	2024-10-07	5720.00	1	2025-07-06 15:16:33.778307	2025-07-06 15:16:33.778307	0.60	3432.00
856	\N	29	2024-10-07	2045.00	1	2025-07-06 15:16:33.981339	2025-07-06 15:16:33.981339	0.58	1195.00
857	\N	50	2024-10-07	2880.00	1	2025-07-06 15:16:34.205001	2025-07-06 15:16:34.205001	0.41	1169.68
858	\N	29	2024-10-07	6015.00	1	2025-07-06 15:16:34.446238	2025-07-06 15:16:34.446238	0.58	3465.00
859	\N	30	2024-10-08	11570.28	1	2025-07-06 15:16:34.655083	2025-07-06 15:16:34.655083	0.60	6912.00
860	\N	67	2024-10-08	5225.00	1	2025-07-06 15:16:34.866675	2025-07-06 15:16:34.866675	0.51	2666.67
861	\N	53	2024-10-08	11543.12	1	2025-07-06 15:16:35.071138	2025-07-06 15:16:35.071138	0.66	7675.67
862	\N	30	2024-10-08	7275.00	1	2025-07-06 15:16:35.36718	2025-07-06 15:16:35.36718	0.70	5092.00
863	\N	31	2024-10-08	6640.00	1	2025-07-06 15:16:35.716002	2025-07-06 15:16:35.716002	0.47	3133.72
864	\N	30	2024-10-08	7941.52	1	2025-07-06 15:16:35.886433	2025-07-06 15:16:35.886433	0.40	3205.74
865	\N	30	2024-10-08	8385.00	1	2025-07-06 15:16:36.103051	2025-07-06 15:16:36.103051	0.70	5869.50
866	\N	30	2024-10-08	9652.24	1	2025-07-06 15:16:36.297986	2025-07-06 15:16:36.297986	0.23	2250.38
867	\N	30	2024-10-08	6685.00	1	2025-07-06 15:16:36.512029	2025-07-06 15:16:36.512029	0.61	4052.05
868	\N	135	2024-10-08	2460.00	1	2025-07-06 15:16:36.815862	2025-07-06 15:16:36.815862	0.63	1560.00
869	\N	95	2024-10-08	4885.00	1	2025-07-06 15:16:37.007335	2025-07-06 15:16:37.007335	0.65	3175.25
870	\N	30	2024-10-08	5770.00	1	2025-07-06 15:16:37.223929	2025-07-06 15:16:37.223929	0.34	1980.00
871	\N	67	2024-10-08	14930.00	1	2025-07-06 15:16:37.717566	2025-07-06 15:16:37.717566	0.61	9107.30
872	\N	31	2024-10-08	8003.94	1	2025-07-06 15:16:37.97356	2025-07-06 15:16:37.97356	0.50	4001.97
873	\N	30	2024-10-08	5990.00	1	2025-07-06 15:16:38.201165	2025-07-06 15:16:38.201165	0.40	2409.16
874	\N	30	2024-10-08	6415.00	1	2025-07-06 15:16:38.417928	2025-07-06 15:16:38.417928	0.42	2666.67
875	\N	30	2024-10-08	9679.96	1	2025-07-06 15:16:38.599926	2025-07-06 15:16:38.599926	0.73	7088.00
876	\N	35	2024-10-09	5310.00	1	2025-07-06 15:16:38.793834	2025-07-06 15:16:38.793834	0.64	3400.00
877	\N	30	2024-10-09	4440.00	1	2025-07-06 15:16:39.130395	2025-07-06 15:16:39.130395	0.77	3404.33
878	\N	31	2024-10-09	3295.00	1	2025-07-06 15:16:39.311427	2025-07-06 15:16:39.311427	0.50	1647.50
879	\N	30	2024-10-09	6230.47	1	2025-07-06 15:16:39.496765	2025-07-06 15:16:39.496765	0.34	2127.00
880	\N	30	2024-10-09	8439.71	1	2025-07-06 15:16:39.698234	2025-07-06 15:16:39.698234	0.28	2321.00
881	\N	95	2024-10-09	4230.00	1	2025-07-06 15:16:39.909385	2025-07-06 15:16:39.909385	0.40	1692.00
882	\N	80	2024-10-09	6915.00	1	2025-07-06 15:16:40.105565	2025-07-06 15:16:40.105565	0.50	3457.50
883	\N	80	2024-10-09	6310.00	1	2025-07-06 15:16:40.368155	2025-07-06 15:16:40.368155	0.60	3786.00
884	\N	98	2024-10-10	4450.00	1	2025-07-06 15:16:40.802645	2025-07-06 15:16:40.802645	0.56	2500.00
885	\N	30	2024-10-10	9535.00	1	2025-07-06 15:16:41.035543	2025-07-06 15:16:41.035543	0.32	3083.35
886	\N	33	2024-10-10	1465.00	1	2025-07-06 15:16:41.269612	2025-07-06 15:16:41.269612	0.25	366.25
887	\N	30	2024-10-10	7250.00	1	2025-07-06 15:16:41.51049	2025-07-06 15:16:41.51049	0.26	1907.88
888	\N	46	2024-10-10	7395.00	1	2025-07-06 15:16:41.731937	2025-07-06 15:16:41.731937	0.54	4000.00
889	\N	50	2024-10-10	9860.73	1	2025-07-06 15:16:42.079606	2025-07-06 15:16:42.079606	0.34	3311.64
890	\N	30	2024-10-10	5585.00	1	2025-07-06 15:16:42.473003	2025-07-06 15:16:42.473003	0.70	3909.50
891	\N	72	2024-10-11	10115.00	1	2025-07-06 15:16:42.737849	2025-07-06 15:16:42.737849	0.60	6069.00
892	\N	31	2024-10-11	11947.35	1	2025-07-06 15:16:43.058608	2025-07-06 15:16:43.058608	0.50	5973.68
893	\N	53	2024-10-11	11601.42	1	2025-07-06 15:16:43.432713	2025-07-06 15:16:43.432713	0.65	7500.00
894	\N	30	2024-10-11	6975.00	1	2025-07-06 15:16:43.718379	2025-07-06 15:16:43.718379	0.70	4882.50
895	\N	46	2024-10-11	4980.00	1	2025-07-06 15:16:44.13907	2025-07-06 15:16:44.13907	1.00	4980.00
896	\N	46	2024-10-11	5468.31	1	2025-07-06 15:16:44.48151	2025-07-06 15:16:44.48151	0.55	3000.00
897	\N	30	2024-10-11	5320.00	1	2025-07-06 15:16:44.913472	2025-07-06 15:16:44.913472	0.33	1775.00
898	\N	30	2024-10-11	5198.54	1	2025-07-06 15:16:45.201868	2025-07-06 15:16:45.201868	0.40	2091.69
899	\N	72	2024-10-11	9855.00	1	2025-07-06 15:16:45.324146	2025-07-06 15:16:45.324146	0.60	5915.00
900	\N	30	2024-10-14	5980.00	1	2025-07-06 15:16:45.433494	2025-07-06 15:16:45.433494	0.31	1830.66
901	\N	30	2024-10-14	5650.47	1	2025-07-06 15:16:45.646479	2025-07-06 15:16:45.646479	0.34	1938.33
902	\N	30	2024-10-14	5515.20	1	2025-07-06 15:16:45.774183	2025-07-06 15:16:45.774183	0.72	3971.00
903	\N	95	2024-10-14	3665.00	1	2025-07-06 15:16:45.883477	2025-07-06 15:16:45.883477	0.75	2748.75
904	\N	50	2024-10-14	3260.00	1	2025-07-06 15:16:46.106913	2025-07-06 15:16:46.106913	0.37	1213.11
905	\N	30	2024-10-14	5895.00	1	2025-07-06 15:16:46.223589	2025-07-06 15:16:46.223589	0.38	2227.98
906	\N	30	2024-10-14	6010.00	1	2025-07-06 15:16:46.344952	2025-07-06 15:16:46.344952	0.14	833.33
907	\N	46	2024-10-14	3964.67	1	2025-07-06 15:16:46.492316	2025-07-06 15:16:46.492316	0.68	2700.00
908	\N	30	2024-10-14	7460.00	1	2025-07-06 15:16:46.764701	2025-07-06 15:16:46.764701	0.70	5222.00
909	\N	30	2024-10-14	7310.00	1	2025-07-06 15:16:46.87699	2025-07-06 15:16:46.87699	0.70	5117.00
910	\N	136	2024-10-14	9885.00	1	2025-07-06 15:16:47.103607	2025-07-06 15:16:47.103607	0.65	6425.25
911	\N	30	2024-10-14	4365.00	1	2025-07-06 15:16:47.350588	2025-07-06 15:16:47.350588	0.41	1799.66
912	\N	30	2024-10-14	1745.00	1	2025-07-06 15:16:47.471888	2025-07-06 15:16:47.471888	0.48	833.00
913	\N	30	2024-10-15	6970.00	1	2025-07-06 15:16:47.602975	2025-07-06 15:16:47.602975	0.62	4295.33
914	\N	132	2024-10-15	8070.00	1	2025-07-06 15:16:47.742566	2025-07-06 15:16:47.742566	0.74	6000.00
915	\N	30	2024-10-15	6340.00	1	2025-07-06 15:16:47.887113	2025-07-06 15:16:47.887113	0.36	2271.00
916	\N	38	2024-10-15	4485.00	1	2025-07-06 15:16:48.011965	2025-07-06 15:16:48.011965	0.67	3004.95
917	\N	30	2024-10-15	8580.65	1	2025-07-06 15:16:48.137277	2025-07-06 15:16:48.137277	0.42	3640.33
918	\N	95	2024-10-15	4440.00	1	2025-07-06 15:16:48.273073	2025-07-06 15:16:48.273073	0.61	2691.00
919	\N	46	2024-10-15	3755.00	1	2025-07-06 15:16:48.408471	2025-07-06 15:16:48.408471	0.80	3000.00
920	\N	30	2024-10-15	2440.00	1	2025-07-06 15:16:48.535067	2025-07-06 15:16:48.535067	0.70	1708.00
921	\N	29	2024-10-15	3145.00	1	2025-07-06 15:16:48.675124	2025-07-06 15:16:48.675124	0.58	1820.00
922	\N	95	2024-10-15	4790.00	1	2025-07-06 15:16:48.947498	2025-07-06 15:16:48.947498	0.60	2874.00
923	\N	82	2024-10-15	10411.68	1	2025-07-06 15:16:49.087149	2025-07-06 15:16:49.087149	0.60	6250.00
924	\N	30	2024-10-15	3180.00	1	2025-07-06 15:16:49.238694	2025-07-06 15:16:49.238694	0.61	1932.96
925	\N	50	2024-10-15	8280.00	1	2025-07-06 15:16:49.405564	2025-07-06 15:16:49.405564	0.36	2995.23
926	\N	69	2024-10-15	6095.00	1	2025-07-06 15:16:49.532754	2025-07-06 15:16:49.532754	0.60	3657.00
927	\N	30	2024-10-16	6750.00	1	2025-07-06 15:16:49.763581	2025-07-06 15:16:49.763581	0.70	4725.00
928	\N	72	2024-10-16	9285.00	1	2025-07-06 15:16:49.90372	2025-07-06 15:16:49.90372	0.50	4642.50
929	\N	30	2024-10-16	6645.00	1	2025-07-06 15:16:50.050277	2025-07-06 15:16:50.050277	0.70	4651.50
930	\N	50	2024-10-16	5502.31	1	2025-07-06 15:16:50.169015	2025-07-06 15:16:50.169015	0.47	2611.00
931	\N	30	2024-10-16	7235.00	1	2025-07-06 15:16:50.295245	2025-07-06 15:16:50.295245	0.23	1651.15
932	\N	29	2024-10-16	540.00	1	2025-07-06 15:16:50.426962	2025-07-06 15:16:50.426962	0.57	310.00
933	\N	30	2024-10-16	4470.00	1	2025-07-06 15:16:50.559534	2025-07-06 15:16:50.559534	0.70	3129.00
934	\N	30	2024-10-16	6435.00	1	2025-07-06 15:16:50.687008	2025-07-06 15:16:50.687008	0.45	2907.66
935	\N	137	2024-10-16	8820.00	1	2025-07-06 15:16:50.928862	2025-07-06 15:16:50.928862	0.37	3239.95
936	\N	80	2024-10-17	2715.00	1	2025-07-06 15:16:51.053624	2025-07-06 15:16:51.053624	0.70	1900.00
937	\N	95	2024-10-17	6790.00	1	2025-07-06 15:16:51.160512	2025-07-06 15:16:51.160512	0.84	5729.00
938	\N	50	2024-10-17	9350.00	1	2025-07-06 15:16:51.284538	2025-07-06 15:16:51.284538	0.50	4675.00
939	\N	35	2024-10-17	4305.00	1	2025-07-06 15:16:51.43595	2025-07-06 15:16:51.43595	0.53	2300.00
940	\N	80	2024-10-17	7530.00	1	2025-07-06 15:16:51.636513	2025-07-06 15:16:51.636513	0.60	4518.00
941	\N	46	2024-10-17	4898.94	1	2025-07-06 15:16:51.909483	2025-07-06 15:16:51.909483	0.61	3000.00
942	\N	95	2024-10-17	4160.00	1	2025-07-06 15:16:52.282239	2025-07-06 15:16:52.282239	0.56	2329.60
943	\N	29	2024-10-17	7105.00	1	2025-07-06 15:16:52.4936	2025-07-06 15:16:52.4936	0.43	3055.00
944	\N	62	2024-10-17	4285.00	1	2025-07-06 15:16:52.707519	2025-07-06 15:16:52.707519	0.55	2356.75
945	\N	30	2024-10-18	5065.00	1	2025-07-06 15:16:53.107361	2025-07-06 15:16:53.107361	0.43	2190.41
946	\N	138	2024-10-18	12310.00	1	2025-07-06 15:16:53.472273	2025-07-06 15:16:53.472273	0.32	4000.00
947	\N	136	2024-10-18	14485.00	1	2025-07-06 15:16:53.717155	2025-07-06 15:16:53.717155	0.49	7097.65
948	\N	139	2024-10-18	2410.00	1	2025-07-06 15:16:54.072835	2025-07-06 15:16:54.072835	0.40	964.00
949	\N	30	2024-10-18	7125.00	1	2025-07-06 15:16:54.30168	2025-07-06 15:16:54.30168	0.59	4222.99
950	\N	30	2024-10-18	8900.00	1	2025-07-06 15:16:54.525244	2025-07-06 15:16:54.525244	0.37	3269.33
951	\N	140	2024-10-18	12485.00	1	2025-07-06 15:16:54.911806	2025-07-06 15:16:54.911806	0.50	6242.50
952	\N	30	2024-10-18	9423.00	1	2025-07-06 15:16:55.147937	2025-07-06 15:16:55.147937	0.70	6573.00
953	\N	30	2024-10-18	8123.54	1	2025-07-06 15:16:55.343363	2025-07-06 15:16:55.343363	0.63	5088.33
954	\N	97	2024-10-18	7405.30	1	2025-07-06 15:16:55.776338	2025-07-06 15:16:55.776338	0.50	3702.65
955	\N	50	2024-10-18	9385.00	1	2025-07-06 15:16:56.051473	2025-07-06 15:16:56.051473	0.50	4692.50
956	\N	97	2024-10-18	1655.00	1	2025-07-06 15:16:56.288506	2025-07-06 15:16:56.288506	0.60	1000.00
957	\N	80	2024-10-21	7383.19	1	2025-07-06 15:16:56.5093	2025-07-06 15:16:56.5093	0.60	4429.97
958	\N	30	2024-10-21	8185.00	1	2025-07-06 15:16:56.712627	2025-07-06 15:16:56.712627	0.70	5729.50
959	\N	33	2024-10-21	1480.00	1	2025-07-06 15:16:57.011538	2025-07-06 15:16:57.011538	0.65	962.00
960	\N	80	2024-10-21	995.00	1	2025-07-06 15:16:57.278538	2025-07-06 15:16:57.278538	0.75	746.25
961	\N	30	2024-10-21	2785.00	1	2025-07-06 15:16:57.541464	2025-07-06 15:16:57.541464	0.70	1949.50
962	\N	30	2024-10-21	6100.37	1	2025-07-06 15:16:57.752457	2025-07-06 15:16:57.752457	0.70	4270.26
963	\N	30	2024-10-22	1675.00	1	2025-07-06 15:16:57.960143	2025-07-06 15:16:57.960143	0.70	1172.50
964	\N	30	2024-10-22	2535.00	1	2025-07-06 15:16:58.198139	2025-07-06 15:16:58.198139	0.66	1666.66
965	\N	30	2024-10-22	6220.00	1	2025-07-06 15:16:58.542962	2025-07-06 15:16:58.542962	0.63	3920.00
966	\N	50	2024-10-22	3710.00	1	2025-07-06 15:16:58.738289	2025-07-06 15:16:58.738289	0.43	1579.60
967	\N	31	2024-10-22	15735.00	1	2025-07-06 15:16:58.999775	2025-07-06 15:16:58.999775	0.40	6294.00
968	\N	63	2024-10-22	9585.00	1	2025-07-06 15:16:59.219838	2025-07-06 15:16:59.219838	0.40	3834.00
969	\N	38	2024-10-22	1950.00	1	2025-07-06 15:16:59.493082	2025-07-06 15:16:59.493082	0.70	1365.00
970	\N	141	2024-10-22	7145.26	1	2025-07-06 15:17:00.00336	2025-07-06 15:17:00.00336	0.70	5000.00
971	\N	31	2024-10-22	6420.65	1	2025-07-06 15:17:00.256007	2025-07-06 15:17:00.256007	0.50	3210.33
972	\N	63	2024-10-22	3251.25	1	2025-07-06 15:17:00.608144	2025-07-06 15:17:00.608144	0.62	2000.00
973	\N	30	2024-10-23	5390.00	1	2025-07-06 15:17:00.857351	2025-07-06 15:17:00.857351	0.70	3773.00
974	\N	80	2024-10-23	15120.00	1	2025-07-06 15:17:01.123653	2025-07-06 15:17:01.123653	0.50	7515.00
975	\N	30	2024-10-23	1808.75	1	2025-07-06 15:17:01.346076	2025-07-06 15:17:01.346076	0.70	1266.75
976	\N	142	2024-10-23	5315.00	1	2025-07-06 15:17:01.772993	2025-07-06 15:17:01.772993	0.50	2657.50
977	\N	80	2024-10-23	2880.00	1	2025-07-06 15:17:01.978099	2025-07-06 15:17:01.978099	0.70	2016.00
978	\N	52	2024-10-23	7305.00	1	2025-07-06 15:17:02.183554	2025-07-06 15:17:02.183554	0.50	3650.00
979	\N	30	2024-10-23	1885.00	1	2025-07-06 15:17:02.417576	2025-07-06 15:17:02.417576	0.70	1319.50
980	\N	97	2024-10-23	1120.00	1	2025-07-06 15:17:02.661203	2025-07-06 15:17:02.661203	0.50	560.00
981	\N	80	2024-10-23	9101.79	1	2025-07-06 15:17:03.055783	2025-07-06 15:17:03.055783	0.44	4014.66
982	\N	30	2024-10-24	11462.18	1	2025-07-06 15:17:03.260017	2025-07-06 15:17:03.260017	0.25	2865.55
983	\N	129	2024-10-24	6110.00	1	2025-07-06 15:17:03.487628	2025-07-06 15:17:03.487628	0.26	1574.20
984	\N	30	2024-10-24	8867.55	1	2025-07-06 15:17:03.689342	2025-07-06 15:17:03.689342	0.44	3869.66
985	\N	67	2024-10-24	14610.00	1	2025-07-06 15:17:03.919736	2025-07-06 15:17:03.919736	0.50	7305.00
986	\N	29	2024-10-24	3700.00	1	2025-07-06 15:17:04.137203	2025-07-06 15:17:04.137203	0.50	1850.00
987	\N	29	2024-10-24	3600.00	1	2025-07-06 15:17:04.351313	2025-07-06 15:17:04.351313	0.53	1900.00
988	\N	30	2024-10-25	9598.27	1	2025-07-06 15:17:04.605338	2025-07-06 15:17:04.605338	0.42	4051.90
989	\N	63	2024-10-25	4065.48	1	2025-07-06 15:17:04.801541	2025-07-06 15:17:04.801541	0.50	2034.00
990	\N	72	2024-10-25	6877.67	1	2025-07-06 15:17:05.049086	2025-07-06 15:17:05.049086	0.64	4425.00
991	\N	72	2024-10-25	11790.00	1	2025-07-06 15:17:05.371255	2025-07-06 15:17:05.371255	0.50	5895.00
992	\N	72	2024-10-25	10630.00	1	2025-07-06 15:17:05.777825	2025-07-06 15:17:05.777825	0.50	5315.00
993	\N	72	2024-10-25	5545.00	1	2025-07-06 15:17:05.991597	2025-07-06 15:17:05.991597	0.50	2772.50
994	\N	30	2024-10-25	11620.00	1	2025-07-06 15:17:06.196984	2025-07-06 15:17:06.196984	0.70	8134.00
995	\N	72	2024-10-25	8075.47	1	2025-07-06 15:17:06.419039	2025-07-06 15:17:06.419039	0.64	5200.00
996	\N	72	2024-10-25	10305.00	1	2025-07-06 15:17:06.747307	2025-07-06 15:17:06.747307	0.50	5152.50
997	\N	72	2024-10-25	1675.00	1	2025-07-06 15:17:06.993525	2025-07-06 15:17:06.993525	0.77	1285.00
998	\N	30	2024-10-25	4895.00	1	2025-07-06 15:17:07.238523	2025-07-06 15:17:07.238523	0.70	3426.50
999	\N	95	2024-10-25	6685.00	1	2025-07-06 15:17:07.471375	2025-07-06 15:17:07.471375	0.60	4011.00
1000	\N	38	2024-10-25	4930.00	1	2025-07-06 15:17:07.852103	2025-07-06 15:17:07.852103	0.68	3351.00
1001	\N	72	2024-10-25	8580.00	1	2025-07-06 15:17:08.028845	2025-07-06 15:17:08.028845	0.50	4290.00
1002	\N	52	2024-10-28	8525.00	1	2025-07-06 15:17:08.255211	2025-07-06 15:17:08.255211	0.50	4250.00
1003	\N	91	2024-10-28	12440.00	1	2025-07-06 15:17:08.457589	2025-07-06 15:17:08.457589	0.35	4354.00
1004	\N	30	2024-10-28	8517.44	1	2025-07-06 15:17:08.667197	2025-07-06 15:17:08.667197	0.70	5962.21
1005	\N	30	2024-10-28	5447.60	1	2025-07-06 15:17:08.916049	2025-07-06 15:17:08.916049	0.49	2649.66
1006	\N	30	2024-10-28	7046.21	1	2025-07-06 15:17:09.170823	2025-07-06 15:17:09.170823	0.39	2744.54
1007	\N	30	2024-10-28	7056.25	1	2025-07-06 15:17:09.486281	2025-07-06 15:17:09.486281	0.35	2483.00
1008	\N	30	2024-10-28	2310.00	1	2025-07-06 15:17:09.756784	2025-07-06 15:17:09.756784	0.58	1333.33
1009	\N	30	2024-10-28	3545.00	1	2025-07-06 15:17:09.976836	2025-07-06 15:17:09.976836	0.70	2481.50
1010	\N	30	2024-10-28	3960.00	1	2025-07-06 15:17:10.2038	2025-07-06 15:17:10.2038	0.60	2376.00
1011	\N	63	2024-10-28	10100.00	1	2025-07-06 15:17:10.425112	2025-07-06 15:17:10.425112	0.50	5050.00
1012	\N	30	2024-10-28	7874.40	1	2025-07-06 15:17:10.608152	2025-07-06 15:17:10.608152	0.66	5179.71
1013	\N	80	2024-10-28	720.00	1	2025-07-06 15:17:10.825726	2025-07-06 15:17:10.825726	0.75	540.00
1014	\N	80	2024-10-29	2945.00	1	2025-07-06 15:17:11.236622	2025-07-06 15:17:11.236622	0.75	2208.75
1015	\N	30	2024-10-29	7629.63	1	2025-07-06 15:17:11.465958	2025-07-06 15:17:11.465958	0.50	3825.64
1016	\N	30	2024-10-29	10800.52	1	2025-07-06 15:17:11.816164	2025-07-06 15:17:11.816164	0.59	6337.52
1017	\N	30	2024-10-29	9480.00	1	2025-07-06 15:17:12.026777	2025-07-06 15:17:12.026777	0.57	5384.42
1018	\N	110	2024-10-29	4230.00	1	2025-07-06 15:17:12.265804	2025-07-06 15:17:12.265804	0.66	2797.81
1019	\N	32	2024-10-31	9415.00	1	2025-07-06 15:17:12.481126	2025-07-06 15:17:12.481126	0.65	6119.75
1020	\N	32	2024-10-31	6510.00	1	2025-07-06 15:17:12.925642	2025-07-06 15:17:12.925642	0.65	4231.50
1021	\N	67	2024-10-31	15770.00	1	2025-07-06 15:17:13.151552	2025-07-06 15:17:13.151552	0.42	6554.14
1022	\N	102	2024-10-31	3155.00	1	2025-07-06 15:17:13.385814	2025-07-06 15:17:13.385814	0.67	2100.00
1023	\N	30	2024-11-01	7125.00	1	2025-07-06 15:17:13.591967	2025-07-06 15:17:13.591967	0.45	3225.33
1024	\N	38	2024-11-01	5160.00	1	2025-07-06 15:17:13.831882	2025-07-06 15:17:13.831882	0.60	3096.00
1025	\N	30	2024-11-01	4950.00	1	2025-07-06 15:17:14.067394	2025-07-06 15:17:14.067394	0.70	3465.00
1026	\N	35	2024-11-01	7422.65	1	2025-07-06 15:17:14.343797	2025-07-06 15:17:14.343797	0.65	4800.00
1027	\N	53	2024-11-04	3960.00	1	2025-07-06 15:17:14.700246	2025-07-06 15:17:14.700246	0.55	2178.00
1028	\N	30	2024-11-04	5815.00	1	2025-07-06 15:17:15.030884	2025-07-06 15:17:15.030884	0.70	4065.00
1029	\N	30	2024-11-04	5985.00	1	2025-07-06 15:17:15.247392	2025-07-06 15:17:15.247392	0.70	4189.50
1030	\N	30	2024-11-04	4155.00	1	2025-07-06 15:17:15.454715	2025-07-06 15:17:15.454715	0.70	2908.50
1031	\N	34	2024-11-04	1475.00	1	2025-07-06 15:17:15.718746	2025-07-06 15:17:15.718746	0.59	868.77
1032	\N	63	2024-11-04	11381.20	1	2025-07-06 15:17:16.080411	2025-07-06 15:17:16.080411	0.50	5692.00
1033	\N	30	2024-11-04	7325.00	1	2025-07-06 15:17:16.456141	2025-07-06 15:17:16.456141	0.66	4868.50
1034	\N	63	2024-11-04	7285.00	1	2025-07-06 15:17:16.696367	2025-07-06 15:17:16.696367	0.50	3642.50
1035	\N	31	2024-11-04	5245.00	1	2025-07-06 15:17:17.045721	2025-07-06 15:17:17.045721	0.51	2667.50
1036	\N	112	2024-11-04	15840.00	1	2025-07-06 15:17:17.343576	2025-07-06 15:17:17.343576	0.50	7920.00
1037	\N	30	2024-11-04	4640.00	1	2025-07-06 15:17:17.527698	2025-07-06 15:17:17.527698	0.37	1725.63
1038	\N	143	2024-11-04	6330.00	1	2025-07-06 15:17:17.920699	2025-07-06 15:17:17.920699	0.50	3165.00
1039	\N	30	2024-11-04	11825.00	1	2025-07-06 15:17:18.136048	2025-07-06 15:17:18.136048	0.70	8277.50
1040	\N	80	2024-11-04	4758.00	1	2025-07-06 15:17:18.467493	2025-07-06 15:17:18.467493	0.70	3330.60
1041	\N	50	2024-11-05	5185.00	1	2025-07-06 15:17:18.673302	2025-07-06 15:17:18.673302	0.48	2488.41
1042	\N	80	2024-11-05	616.78	1	2025-07-06 15:17:18.895162	2025-07-06 15:17:18.895162	0.00	0.00
1043	\N	31	2024-11-05	7955.00	1	2025-07-06 15:17:19.14507	2025-07-06 15:17:19.14507	0.50	3977.50
1044	\N	144	2024-11-05	9270.00	1	2025-07-06 15:17:19.652416	2025-07-06 15:17:19.652416	0.50	4635.00
1045	\N	110	2024-11-05	5550.00	1	2025-07-06 15:17:19.881637	2025-07-06 15:17:19.881637	0.70	3885.00
1046	\N	50	2024-11-05	6510.00	1	2025-07-06 15:17:20.127355	2025-07-06 15:17:20.127355	0.58	3745.25
1047	\N	145	2024-11-05	7340.00	1	2025-07-06 15:17:20.453002	2025-07-06 15:17:20.453002	0.66	4844.40
1048	\N	30	2024-11-05	7100.00	1	2025-07-06 15:17:20.683729	2025-07-06 15:17:20.683729	0.68	4800.00
1049	\N	50	2024-11-05	8140.00	1	2025-07-06 15:17:20.866014	2025-07-06 15:17:20.866014	0.76	6150.28
1050	\N	31	2024-11-05	5600.00	1	2025-07-06 15:17:21.101664	2025-07-06 15:17:21.101664	0.50	2800.00
1051	\N	50	2024-11-05	5200.00	1	2025-07-06 15:17:21.342543	2025-07-06 15:17:21.342543	0.65	3380.00
1052	\N	38	2024-11-05	5580.00	1	2025-07-06 15:17:21.543277	2025-07-06 15:17:21.543277	0.67	3738.60
1053	\N	112	2024-11-05	17880.00	1	2025-07-06 15:17:21.7703	2025-07-06 15:17:21.7703	0.50	8940.00
1054	\N	35	2024-11-05	7136.53	1	2025-07-06 15:17:22.199414	2025-07-06 15:17:22.199414	0.70	5000.00
1055	\N	30	2024-11-05	8740.00	1	2025-07-06 15:17:22.41002	2025-07-06 15:17:22.41002	0.31	2712.99
1056	\N	50	2024-11-05	7725.00	1	2025-07-06 15:17:22.637192	2025-07-06 15:17:22.637192	0.39	2986.28
1057	\N	50	2024-11-05	6965.00	1	2025-07-06 15:17:22.871997	2025-07-06 15:17:22.871997	0.33	2310.57
1058	\N	30	2024-11-05	11190.00	1	2025-07-06 15:17:23.107467	2025-07-06 15:17:23.107467	0.70	7833.00
1059	\N	31	2024-11-05	6080.00	1	2025-07-06 15:17:23.320758	2025-07-06 15:17:23.320758	0.49	3000.00
1060	\N	50	2024-11-05	7675.00	1	2025-07-06 15:17:23.541298	2025-07-06 15:17:23.541298	0.50	3827.86
1061	\N	95	2024-11-06	9640.00	1	2025-07-06 15:17:23.918749	2025-07-06 15:17:23.918749	0.51	4916.40
1062	\N	30	2024-11-06	4140.00	1	2025-07-06 15:17:24.177852	2025-07-06 15:17:24.177852	0.70	2898.00
1063	\N	50	2024-11-06	10075.00	1	2025-07-06 15:17:24.419426	2025-07-06 15:17:24.419426	0.46	4629.88
1064	\N	67	2024-11-06	11435.00	1	2025-07-06 15:17:24.639002	2025-07-06 15:17:24.639002	0.41	4700.00
1065	\N	38	2024-11-06	1105.00	1	2025-07-06 15:17:24.870301	2025-07-06 15:17:24.870301	0.60	663.00
1066	\N	30	2024-11-06	6063.35	1	2025-07-06 15:17:25.226069	2025-07-06 15:17:25.226069	0.53	3187.60
1067	\N	107	2024-11-06	8915.00	1	2025-07-06 15:17:25.613189	2025-07-06 15:17:25.613189	0.55	4903.25
1068	\N	50	2024-11-06	3635.00	1	2025-07-06 15:17:25.985844	2025-07-06 15:17:25.985844	0.55	2016.76
1069	\N	32	2024-11-06	8945.00	1	2025-07-06 15:17:26.21739	2025-07-06 15:17:26.21739	0.60	5367.00
1070	\N	71	2024-11-07	740.00	1	2025-07-06 15:17:26.628264	2025-07-06 15:17:26.628264	0.50	370.00
1071	\N	30	2024-11-07	5744.85	1	2025-07-06 15:17:26.982058	2025-07-06 15:17:26.982058	0.43	2480.00
1072	\N	30	2024-11-07	5070.00	1	2025-07-06 15:17:27.31407	2025-07-06 15:17:27.31407	0.42	2154.33
1073	\N	29	2024-11-07	3050.00	1	2025-07-06 15:17:27.555	2025-07-06 15:17:27.555	0.61	1850.00
1074	\N	29	2024-11-07	2900.00	1	2025-07-06 15:17:27.784737	2025-07-06 15:17:27.784737	0.59	1700.00
1075	\N	95	2024-11-07	9150.00	1	2025-07-06 15:17:28.134885	2025-07-06 15:17:28.134885	0.54	4941.00
1076	\N	63	2024-11-07	6891.46	1	2025-07-06 15:17:28.358748	2025-07-06 15:17:28.358748	0.50	3446.00
1077	\N	30	2024-11-07	2160.00	1	2025-07-06 15:17:28.594126	2025-07-06 15:17:28.594126	0.51	1104.45
1078	\N	35	2024-11-07	5460.00	1	2025-07-06 15:17:29.049113	2025-07-06 15:17:29.049113	0.31	1700.00
1079	\N	35	2024-11-07	13392.08	1	2025-07-06 15:17:29.251553	2025-07-06 15:17:29.251553	0.40	5300.00
1080	\N	35	2024-11-07	6440.00	1	2025-07-06 15:17:29.376533	2025-07-06 15:17:29.376533	0.31	2000.00
1081	\N	29	2024-11-07	825.00	1	2025-07-06 15:17:29.489294	2025-07-06 15:17:29.489294	0.82	675.00
1082	\N	67	2024-11-07	15926.89	1	2025-07-06 15:17:29.606232	2025-07-06 15:17:29.606232	0.44	7000.00
1083	\N	30	2024-11-08	645.00	1	2025-07-06 15:17:29.831167	2025-07-06 15:17:29.831167	0.70	451.50
1084	\N	30	2024-11-08	4175.00	1	2025-07-06 15:17:29.95145	2025-07-06 15:17:29.95145	0.52	2183.83
1085	\N	80	2024-11-08	7590.00	1	2025-07-06 15:17:30.0813	2025-07-06 15:17:30.0813	0.50	3795.00
1086	\N	80	2024-11-08	5871.07	1	2025-07-06 15:17:30.206996	2025-07-06 15:17:30.206996	0.63	3727.50
1087	\N	30	2024-11-08	4975.00	1	2025-07-06 15:17:30.444271	2025-07-06 15:17:30.444271	0.70	3482.50
1088	\N	30	2024-11-08	5465.00	1	2025-07-06 15:17:30.559436	2025-07-06 15:17:30.559436	0.70	3825.50
1089	\N	30	2024-11-08	9590.00	1	2025-07-06 15:17:30.681171	2025-07-06 15:17:30.681171	0.42	4008.32
1090	\N	35	2024-11-11	10050.19	1	2025-07-06 15:17:30.820909	2025-07-06 15:17:30.820909	0.60	6030.11
1091	\N	36	2024-11-11	3681.22	1	2025-07-06 15:17:30.926737	2025-07-06 15:17:30.926737	0.75	2750.00
1092	\N	30	2024-11-11	6990.00	1	2025-07-06 15:17:31.036993	2025-07-06 15:17:31.036993	0.69	4858.00
1093	\N	30	2024-11-11	6045.00	1	2025-07-06 15:17:31.300792	2025-07-06 15:17:31.300792	0.70	4231.50
1094	\N	91	2024-11-11	9670.00	1	2025-07-06 15:17:31.526805	2025-07-06 15:17:31.526805	0.35	3384.50
1095	\N	50	2024-11-12	7920.00	1	2025-07-06 15:17:31.650834	2025-07-06 15:17:31.650834	0.70	5544.00
1096	\N	87	2024-11-12	17635.00	1	2025-07-06 15:17:31.764833	2025-07-06 15:17:31.764833	0.40	7054.00
1097	\N	30	2024-11-12	10163.52	1	2025-07-06 15:17:31.901104	2025-07-06 15:17:31.901104	0.60	6098.32
1098	\N	95	2024-11-12	2785.00	1	2025-07-06 15:17:32.02303	2025-07-06 15:17:32.02303	0.75	2088.75
1099	\N	30	2024-11-12	1965.00	1	2025-07-06 15:17:32.144844	2025-07-06 15:17:32.144844	0.76	1490.00
1100	\N	50	2024-11-12	11299.52	1	2025-07-06 15:17:32.270657	2025-07-06 15:17:32.270657	0.42	4700.00
1101	\N	38	2024-11-12	9572.90	1	2025-07-06 15:17:32.385765	2025-07-06 15:17:32.385765	0.40	3829.16
1102	\N	67	2024-11-12	9665.00	1	2025-07-06 15:17:32.500485	2025-07-06 15:17:32.500485	0.45	4320.52
1103	\N	30	2024-11-12	4595.00	1	2025-07-06 15:17:32.655477	2025-07-06 15:17:32.655477	0.38	1735.78
1104	\N	50	2024-11-12	4720.00	1	2025-07-06 15:17:32.977227	2025-07-06 15:17:32.977227	0.46	2188.39
1105	\N	104	2024-11-12	8135.00	1	2025-07-06 15:17:33.102678	2025-07-06 15:17:33.102678	0.45	3660.00
1106	\N	146	2024-11-13	905.00	1	2025-07-06 15:17:33.327434	2025-07-06 15:17:33.327434	0.72	655.00
1107	\N	30	2024-11-13	7940.00	1	2025-07-06 15:17:33.437863	2025-07-06 15:17:33.437863	0.70	5558.00
1108	\N	50	2024-11-13	9225.00	1	2025-07-06 15:17:33.547873	2025-07-06 15:17:33.547873	0.50	4612.50
1109	\N	66	2024-11-13	1315.00	1	2025-07-06 15:17:33.659247	2025-07-06 15:17:33.659247	0.51	664.08
1110	\N	30	2024-11-13	7040.50	1	2025-07-06 15:17:33.774073	2025-07-06 15:17:33.774073	0.50	3520.25
1111	\N	61	2024-11-13	2515.00	1	2025-07-06 15:17:34.02946	2025-07-06 15:17:34.02946	0.50	1257.50
1112	\N	67	2024-11-13	11915.00	1	2025-07-06 15:17:34.158717	2025-07-06 15:17:34.158717	0.53	6350.00
1113	\N	29	2024-11-13	6080.00	1	2025-07-06 15:17:34.281435	2025-07-06 15:17:34.281435	0.49	3000.00
1114	\N	50	2024-11-13	7885.00	1	2025-07-06 15:17:34.523833	2025-07-06 15:17:34.523833	0.50	3942.50
1115	\N	50	2024-11-13	7645.00	1	2025-07-06 15:17:34.759031	2025-07-06 15:17:34.759031	0.50	3822.50
1116	\N	30	2024-11-14	7240.00	1	2025-07-06 15:17:34.874281	2025-07-06 15:17:34.874281	0.50	3590.00
1117	\N	62	2024-11-14	1725.00	1	2025-07-06 15:17:34.993139	2025-07-06 15:17:34.993139	0.50	862.50
1118	\N	29	2024-11-14	500.00	1	2025-07-06 15:17:35.111807	2025-07-06 15:17:35.111807	0.50	250.00
1119	\N	129	2024-11-14	11975.00	1	2025-07-06 15:17:35.23181	2025-07-06 15:17:35.23181	0.50	5987.50
1120	\N	30	2024-11-14	7685.57	1	2025-07-06 15:17:35.346073	2025-07-06 15:17:35.346073	0.60	4611.34
1121	\N	30	2024-11-14	5460.00	1	2025-07-06 15:17:35.500029	2025-07-06 15:17:35.500029	0.66	3610.00
1122	\N	63	2024-11-14	1395.00	1	2025-07-06 15:17:35.624726	2025-07-06 15:17:35.624726	0.50	697.50
1123	\N	91	2024-11-14	995.00	1	2025-07-06 15:17:35.744759	2025-07-06 15:17:35.744759	0.43	427.66
1124	\N	46	2024-11-14	6675.00	1	2025-07-06 15:17:35.863716	2025-07-06 15:17:35.863716	0.70	4700.00
1125	\N	30	2024-11-14	1240.00	1	2025-07-06 15:17:35.989106	2025-07-06 15:17:35.989106	0.70	868.00
1126	\N	95	2024-11-14	5390.00	1	2025-07-06 15:17:36.127311	2025-07-06 15:17:36.127311	0.65	3503.50
1127	\N	30	2024-11-14	9438.32	1	2025-07-06 15:17:36.237628	2025-07-06 15:17:36.237628	0.70	6606.83
1128	\N	35	2024-11-14	6332.90	1	2025-07-06 15:17:36.359723	2025-07-06 15:17:36.359723	0.60	3800.00
1129	\N	31	2024-11-15	9148.10	1	2025-07-06 15:17:36.472621	2025-07-06 15:17:36.472621	0.50	4600.00
1130	\N	147	2024-11-15	2015.00	1	2025-07-06 15:17:36.678293	2025-07-06 15:17:36.678293	0.53	1063.00
1131	\N	46	2024-11-15	4286.16	1	2025-07-06 15:17:36.791473	2025-07-06 15:17:36.791473	0.70	3000.00
1132	\N	30	2024-11-15	3670.00	1	2025-07-06 15:17:36.907111	2025-07-06 15:17:36.907111	0.52	1893.48
1133	\N	83	2024-11-15	2930.00	1	2025-07-06 15:17:37.016578	2025-07-06 15:17:37.016578	0.65	1900.00
1134	\N	104	2024-11-18	10235.00	1	2025-07-06 15:17:37.12693	2025-07-06 15:17:37.12693	0.55	5600.00
1135	\N	50	2024-11-18	5051.01	1	2025-07-06 15:17:37.242141	2025-07-06 15:17:37.242141	0.47	2356.73
1136	\N	33	2024-11-18	12555.00	1	2025-07-06 15:17:37.358191	2025-07-06 15:17:37.358191	0.55	6905.25
1137	\N	35	2024-11-18	5527.20	1	2025-07-06 15:17:37.485177	2025-07-06 15:17:37.485177	0.60	3320.00
1138	\N	104	2024-11-18	3125.00	1	2025-07-06 15:17:37.603191	2025-07-06 15:17:37.603191	0.50	1550.00
1139	\N	104	2024-11-18	3115.00	1	2025-07-06 15:17:37.73992	2025-07-06 15:17:37.73992	0.50	1550.00
1140	\N	36	2024-11-18	4715.00	1	2025-07-06 15:17:37.85991	2025-07-06 15:17:37.85991	0.74	3495.00
1141	\N	50	2024-11-19	6245.00	1	2025-07-06 15:17:37.980242	2025-07-06 15:17:37.980242	0.68	4275.65
1142	\N	30	2024-11-19	9304.82	1	2025-07-06 15:17:38.124574	2025-07-06 15:17:38.124574	0.35	3256.08
1143	\N	72	2024-11-19	5305.00	1	2025-07-06 15:17:38.345774	2025-07-06 15:17:38.345774	0.50	2652.50
1144	\N	36	2024-11-19	2080.00	1	2025-07-06 15:17:38.472747	2025-07-06 15:17:38.472747	0.14	300.00
1145	\N	146	2024-11-19	5320.00	1	2025-07-06 15:17:38.714425	2025-07-06 15:17:38.714425	0.48	2540.00
1146	\N	31	2024-11-19	3990.00	1	2025-07-06 15:17:38.825092	2025-07-06 15:17:38.825092	0.50	1995.00
1147	\N	50	2024-11-19	3777.40	1	2025-07-06 15:17:38.948417	2025-07-06 15:17:38.948417	0.35	1322.09
1148	\N	67	2024-11-19	13922.88	1	2025-07-06 15:17:39.071815	2025-07-06 15:17:39.071815	0.55	7657.58
1149	\N	146	2024-11-19	3807.65	1	2025-07-06 15:17:39.207234	2025-07-06 15:17:39.207234	0.68	2600.00
1150	\N	35	2024-11-19	4455.00	1	2025-07-06 15:17:39.315622	2025-07-06 15:17:39.315622	0.49	2200.00
1151	\N	50	2024-11-19	3293.68	1	2025-07-06 15:17:39.428948	2025-07-06 15:17:39.428948	0.35	1152.79
1152	\N	35	2024-11-19	8191.00	1	2025-07-06 15:17:39.69093	2025-07-06 15:17:39.69093	0.55	4505.05
1153	\N	146	2024-11-19	3300.00	1	2025-07-06 15:17:39.815268	2025-07-06 15:17:39.815268	0.61	2000.00
1154	\N	72	2024-11-19	3490.00	1	2025-07-06 15:17:39.936705	2025-07-06 15:17:39.936705	0.50	1745.00
1155	\N	31	2024-11-20	1145.00	1	2025-07-06 15:17:40.061953	2025-07-06 15:17:40.061953	0.50	572.50
1156	\N	50	2024-11-20	4742.38	1	2025-07-06 15:17:40.187616	2025-07-06 15:17:40.187616	0.35	1659.83
1157	\N	146	2024-11-20	4493.39	1	2025-07-06 15:17:40.300682	2025-07-06 15:17:40.300682	0.35	1572.69
1158	\N	30	2024-11-20	11865.00	1	2025-07-06 15:17:40.422308	2025-07-06 15:17:40.422308	0.51	6069.66
1159	\N	148	2024-11-20	5410.00	1	2025-07-06 15:17:40.609919	2025-07-06 15:17:40.609919	0.60	3246.00
1160	\N	30	2024-11-20	9804.47	1	2025-07-06 15:17:40.718714	2025-07-06 15:17:40.718714	0.41	4048.33
1161	\N	50	2024-11-21	3955.00	1	2025-07-06 15:17:40.840102	2025-07-06 15:17:40.840102	0.25	988.75
1162	\N	53	2024-11-21	8565.00	1	2025-07-06 15:17:40.976384	2025-07-06 15:17:40.976384	0.60	5139.00
1163	\N	63	2024-11-21	7928.49	1	2025-07-06 15:17:41.094039	2025-07-06 15:17:41.094039	0.50	3964.00
1164	\N	31	2024-11-21	10049.72	1	2025-07-06 15:17:41.202371	2025-07-06 15:17:41.202371	0.43	4300.00
1165	\N	149	2024-11-21	1755.00	1	2025-07-06 15:17:41.390621	2025-07-06 15:17:41.390621	0.57	1000.00
1166	\N	61	2024-11-21	4035.00	1	2025-07-06 15:17:41.501243	2025-07-06 15:17:41.501243	0.50	2017.50
1167	\N	63	2024-11-21	13046.89	1	2025-07-06 15:17:41.620276	2025-07-06 15:17:41.620276	0.50	6523.00
1168	\N	103	2024-11-21	960.00	1	2025-07-06 15:17:41.742894	2025-07-06 15:17:41.742894	0.13	120.00
1169	\N	30	2024-11-21	4030.00	1	2025-07-06 15:17:41.870038	2025-07-06 15:17:41.870038	0.70	2821.00
1170	\N	150	2024-11-22	4265.17	1	2025-07-06 15:17:42.063111	2025-07-06 15:17:42.063111	0.94	4000.00
1171	\N	30	2024-11-22	6435.00	1	2025-07-06 15:17:42.180513	2025-07-06 15:17:42.180513	0.70	4504.50
1172	\N	87	2024-11-22	6160.00	1	2025-07-06 15:17:42.309717	2025-07-06 15:17:42.309717	0.50	3080.00
1173	\N	87	2024-11-22	8641.28	1	2025-07-06 15:17:42.43305	2025-07-06 15:17:42.43305	0.55	4752.66
1174	\N	64	2024-11-22	3690.00	1	2025-07-06 15:17:42.548793	2025-07-06 15:17:42.548793	0.75	2767.50
1175	\N	151	2024-11-22	8870.00	1	2025-07-06 15:17:42.737841	2025-07-06 15:17:42.737841	0.50	4435.00
1176	\N	29	2024-11-22	2610.00	1	2025-07-06 15:17:42.871462	2025-07-06 15:17:42.871462	0.52	1367.67
1177	\N	150	2024-11-22	3067.08	1	2025-07-06 15:17:42.987005	2025-07-06 15:17:42.987005	0.98	3000.00
1178	\N	30	2024-11-22	4295.00	1	2025-07-06 15:17:43.105345	2025-07-06 15:17:43.105345	0.70	3006.50
1179	\N	30	2024-11-22	2115.00	1	2025-07-06 15:17:43.233746	2025-07-06 15:17:43.233746	0.59	1255.00
1180	\N	95	2024-11-22	7820.00	1	2025-07-06 15:17:43.350143	2025-07-06 15:17:43.350143	0.51	4000.00
1181	\N	95	2024-11-22	4240.00	1	2025-07-06 15:17:43.488541	2025-07-06 15:17:43.488541	0.24	1000.00
1182	\N	30	2024-11-25	6125.00	1	2025-07-06 15:17:43.614174	2025-07-06 15:17:43.614174	0.58	3533.66
1183	\N	67	2024-11-25	7230.00	1	2025-07-06 15:17:43.728401	2025-07-06 15:17:43.728401	0.51	3687.30
1184	\N	113	2024-11-25	9788.62	1	2025-07-06 15:17:43.842882	2025-07-06 15:17:43.842882	0.60	5873.17
1185	\N	30	2024-11-25	3300.00	1	2025-07-06 15:17:43.952173	2025-07-06 15:17:43.952173	0.58	1917.68
1186	\N	29	2024-11-25	9898.20	1	2025-07-06 15:17:44.077354	2025-07-06 15:17:44.077354	0.25	2503.66
1187	\N	29	2024-11-25	825.00	1	2025-07-06 15:17:44.214213	2025-07-06 15:17:44.214213	0.82	675.00
1188	\N	152	2024-11-25	3340.00	1	2025-07-06 15:17:44.449276	2025-07-06 15:17:44.449276	0.55	1837.00
1189	\N	53	2024-11-25	6975.00	1	2025-07-06 15:17:44.562176	2025-07-06 15:17:44.562176	0.65	4500.00
1190	\N	29	2024-11-26	550.00	1	2025-07-06 15:17:44.688692	2025-07-06 15:17:44.688692	0.45	250.00
1191	\N	151	2024-11-26	7380.00	1	2025-07-06 15:17:44.915302	2025-07-06 15:17:44.915302	0.50	3690.00
1192	\N	153	2024-11-26	11666.71	1	2025-07-06 15:17:45.121696	2025-07-06 15:17:45.121696	0.53	6150.00
1193	\N	31	2024-11-26	8519.90	1	2025-07-06 15:17:45.240561	2025-07-06 15:17:45.240561	0.50	4219.90
1194	\N	154	2024-11-26	5522.74	1	2025-07-06 15:17:45.561727	2025-07-06 15:17:45.561727	0.67	3699.94
1195	\N	30	2024-11-26	3397.87	1	2025-07-06 15:17:45.672452	2025-07-06 15:17:45.672452	0.48	1643.33
1196	\N	151	2024-11-26	5355.00	1	2025-07-06 15:17:45.79146	2025-07-06 15:17:45.79146	0.50	2677.50
1197	\N	29	2024-11-26	1105.00	1	2025-07-06 15:17:45.919332	2025-07-06 15:17:45.919332	0.59	655.00
1198	\N	151	2024-11-26	10030.00	1	2025-07-06 15:17:46.037539	2025-07-06 15:17:46.037539	0.50	5015.00
1199	\N	46	2024-11-26	13455.00	1	2025-07-06 15:17:46.1666	2025-07-06 15:17:46.1666	0.39	5200.00
1200	\N	30	2024-11-26	6523.22	1	2025-07-06 15:17:46.2751	2025-07-06 15:17:46.2751	0.60	3913.94
1201	\N	53	2024-11-27	9185.00	1	2025-07-06 15:17:46.3912	2025-07-06 15:17:46.3912	0.65	6000.00
1202	\N	83	2024-11-27	5965.00	1	2025-07-06 15:17:46.504382	2025-07-06 15:17:46.504382	0.67	4000.00
1203	\N	46	2024-11-27	8355.00	1	2025-07-06 15:17:46.609314	2025-07-06 15:17:46.609314	0.45	3800.00
1204	\N	30	2024-11-27	2590.00	1	2025-07-06 15:17:46.728523	2025-07-06 15:17:46.728523	0.64	1659.66
1205	\N	30	2024-11-27	7230.00	1	2025-07-06 15:17:46.93521	2025-07-06 15:17:46.93521	0.60	4338.00
1206	\N	30	2024-11-27	1715.00	1	2025-07-06 15:17:47.066504	2025-07-06 15:17:47.066504	0.50	857.50
1207	\N	30	2024-11-27	3440.00	1	2025-07-06 15:17:47.205941	2025-07-06 15:17:47.205941	0.36	1248.66
1208	\N	95	2024-11-27	7810.00	1	2025-07-06 15:17:47.330858	2025-07-06 15:17:47.330858	0.45	3535.22
1209	\N	38	2024-11-27	1480.00	1	2025-07-06 15:17:47.446	2025-07-06 15:17:47.446	0.50	740.00
1210	\N	46	2024-11-27	7200.00	1	2025-07-06 15:17:47.692792	2025-07-06 15:17:47.692792	0.45	3250.00
1211	\N	53	2024-11-27	6185.00	1	2025-07-06 15:17:47.826519	2025-07-06 15:17:47.826519	0.41	2525.00
1212	\N	31	2024-12-02	6531.00	1	2025-07-06 15:17:47.964527	2025-07-06 15:17:47.964527	0.50	3265.50
1213	\N	31	2024-12-02	5562.16	1	2025-07-06 15:17:48.103595	2025-07-06 15:17:48.103595	0.50	2781.08
1214	\N	33	2024-12-02	11550.00	1	2025-07-06 15:17:48.224623	2025-07-06 15:17:48.224623	0.46	5270.36
1215	\N	29	2024-12-02	1805.00	1	2025-07-06 15:17:48.353486	2025-07-06 15:17:48.353486	0.67	1205.00
1216	\N	30	2024-12-02	9393.90	1	2025-07-06 15:17:48.477077	2025-07-06 15:17:48.477077	0.37	3437.66
1217	\N	30	2024-12-02	4290.00	1	2025-07-06 15:17:48.584685	2025-07-06 15:17:48.584685	0.60	2574.00
1218	\N	30	2024-12-02	5592.24	1	2025-07-06 15:17:48.695433	2025-07-06 15:17:48.695433	0.60	3355.35
1219	\N	61	2024-12-02	4155.32	1	2025-07-06 15:17:48.805609	2025-07-06 15:17:48.805609	0.50	2077.66
1220	\N	155	2024-12-02	840.00	1	2025-07-06 15:17:49.004983	2025-07-06 15:17:49.004983	0.00	0.00
1221	\N	30	2024-12-02	7102.40	1	2025-07-06 15:17:49.129432	2025-07-06 15:17:49.129432	0.70	4971.80
1222	\N	29	2024-12-02	1105.00	1	2025-07-06 15:17:49.357274	2025-07-06 15:17:49.357274	0.55	605.00
1223	\N	156	2024-12-02	7390.00	1	2025-07-06 15:17:49.558944	2025-07-06 15:17:49.558944	0.54	4000.00
1224	\N	67	2024-12-02	9339.52	1	2025-07-06 15:17:49.678708	2025-07-06 15:17:49.678708	0.75	7004.64
1225	\N	30	2024-12-02	9175.00	1	2025-07-06 15:17:49.795687	2025-07-06 15:17:49.795687	0.55	5009.37
1226	\N	46	2024-12-02	5368.25	1	2025-07-06 15:17:49.916171	2025-07-06 15:17:49.916171	0.75	4000.00
1227	\N	30	2024-12-03	8043.99	1	2025-07-06 15:17:50.041814	2025-07-06 15:17:50.041814	0.47	3804.17
1228	\N	80	2024-12-03	8312.39	1	2025-07-06 15:17:50.163216	2025-07-06 15:17:50.163216	0.70	5818.67
1229	\N	146	2024-12-03	14710.00	1	2025-07-06 15:17:50.279424	2025-07-06 15:17:50.279424	0.63	9267.30
1230	\N	30	2024-12-03	9110.37	1	2025-07-06 15:17:50.398562	2025-07-06 15:17:50.398562	0.60	5466.23
1231	\N	96	2024-12-03	10585.00	1	2025-07-06 15:17:50.641792	2025-07-06 15:17:50.641792	0.35	3704.75
1232	\N	30	2024-12-03	3135.00	1	2025-07-06 15:17:50.769005	2025-07-06 15:17:50.769005	0.60	1881.00
1233	\N	30	2024-12-03	7025.47	1	2025-07-06 15:17:50.891518	2025-07-06 15:17:50.891518	0.45	3182.00
1234	\N	29	2024-12-03	3760.00	1	2025-07-06 15:17:51.009788	2025-07-06 15:17:51.009788	0.50	1880.00
1235	\N	30	2024-12-03	1438.22	1	2025-07-06 15:17:51.11792	2025-07-06 15:17:51.11792	0.60	862.94
1236	\N	156	2024-12-03	3840.00	1	2025-07-06 15:17:51.231189	2025-07-06 15:17:51.231189	0.26	1000.00
1237	\N	156	2024-12-03	2830.00	1	2025-07-06 15:17:51.360722	2025-07-06 15:17:51.360722	0.33	940.00
1238	\N	95	2024-12-03	6020.00	1	2025-07-06 15:17:51.477231	2025-07-06 15:17:51.477231	0.52	3130.40
1239	\N	30	2024-12-04	7169.04	1	2025-07-06 15:17:51.689507	2025-07-06 15:17:51.689507	0.51	3659.33
1240	\N	30	2024-12-04	8267.30	1	2025-07-06 15:17:51.92712	2025-07-06 15:17:51.92712	0.46	3828.00
1241	\N	157	2024-12-04	6280.00	1	2025-07-06 15:17:52.120907	2025-07-06 15:17:52.120907	0.65	4075.00
1242	\N	80	2024-12-04	6045.00	1	2025-07-06 15:17:52.227335	2025-07-06 15:17:52.227335	0.40	2418.00
1243	\N	87	2024-12-04	5600.00	1	2025-07-06 15:17:52.348743	2025-07-06 15:17:52.348743	0.55	3080.00
1244	\N	33	2024-12-04	11285.00	1	2025-07-06 15:17:52.454177	2025-07-06 15:17:52.454177	0.55	6206.75
1245	\N	33	2024-12-04	11305.00	1	2025-07-06 15:17:52.776276	2025-07-06 15:17:52.776276	0.55	6217.75
1246	\N	59	2024-12-04	10904.14	1	2025-07-06 15:17:52.896613	2025-07-06 15:17:52.896613	0.50	5452.07
1247	\N	30	2024-12-04	8960.99	1	2025-07-06 15:17:53.012664	2025-07-06 15:17:53.012664	0.46	4112.33
1248	\N	30	2024-12-04	11731.21	1	2025-07-06 15:17:53.132601	2025-07-06 15:17:53.132601	0.29	3404.34
1249	\N	87	2024-12-04	9105.00	1	2025-07-06 15:17:53.253348	2025-07-06 15:17:53.253348	0.60	5463.00
1250	\N	30	2024-12-04	7421.21	1	2025-07-06 15:17:53.390676	2025-07-06 15:17:53.390676	0.70	5194.85
1251	\N	35	2024-12-04	1650.00	1	2025-07-06 15:17:53.638745	2025-07-06 15:17:53.638745	0.65	1072.50
1252	\N	30	2024-12-05	6174.87	1	2025-07-06 15:17:53.760889	2025-07-06 15:17:53.760889	0.69	4236.38
1253	\N	80	2024-12-05	7380.00	1	2025-07-06 15:17:53.88126	2025-07-06 15:17:53.88126	0.75	5535.00
1254	\N	30	2024-12-05	5034.15	1	2025-07-06 15:17:53.999865	2025-07-06 15:17:53.999865	0.54	2696.65
1255	\N	68	2024-12-05	7509.38	1	2025-07-06 15:17:54.108	2025-07-06 15:17:54.108	0.80	6007.51
1256	\N	30	2024-12-05	5457.25	1	2025-07-06 15:17:54.232825	2025-07-06 15:17:54.232825	0.63	3457.25
1257	\N	74	2024-12-05	8345.00	1	2025-07-06 15:17:54.358807	2025-07-06 15:17:54.358807	0.50	4172.50
1258	\N	68	2024-12-05	10610.00	1	2025-07-06 15:17:54.46571	2025-07-06 15:17:54.46571	0.61	6500.00
1259	\N	69	2024-12-05	6915.00	1	2025-07-06 15:17:54.576548	2025-07-06 15:17:54.576548	0.60	4149.00
1260	\N	63	2024-12-05	4542.67	1	2025-07-06 15:17:54.68415	2025-07-06 15:17:54.68415	0.50	2271.00
1261	\N	30	2024-12-06	9712.99	1	2025-07-06 15:17:54.802599	2025-07-06 15:17:54.802599	0.70	6799.10
1262	\N	30	2024-12-06	10127.99	1	2025-07-06 15:17:54.925317	2025-07-06 15:17:54.925317	0.58	5840.43
1263	\N	83	2024-12-06	11285.00	1	2025-07-06 15:17:55.055398	2025-07-06 15:17:55.055398	0.50	5643.00
1264	\N	158	2024-12-06	10940.00	1	2025-07-06 15:17:55.261309	2025-07-06 15:17:55.261309	0.50	5470.00
1265	\N	159	2024-12-06	7745.00	1	2025-07-06 15:17:55.460569	2025-07-06 15:17:55.460569	0.67	5163.33
1266	\N	30	2024-12-06	8895.00	1	2025-07-06 15:17:55.570034	2025-07-06 15:17:55.570034	0.70	6195.00
1267	\N	30	2024-12-06	2400.00	1	2025-07-06 15:17:55.692019	2025-07-06 15:17:55.692019	0.67	1600.00
1268	\N	103	2024-12-06	1470.00	1	2025-07-06 15:17:55.803011	2025-07-06 15:17:55.803011	0.50	735.00
1269	\N	103	2024-12-06	2135.00	1	2025-07-06 15:17:55.920735	2025-07-06 15:17:55.920735	0.50	1067.50
1270	\N	30	2024-12-06	8790.00	1	2025-07-06 15:17:56.052345	2025-07-06 15:17:56.052345	0.70	6153.00
1271	\N	29	2024-12-06	1285.00	1	2025-07-06 15:17:56.28164	2025-07-06 15:17:56.28164	0.47	600.00
1272	\N	103	2024-12-06	1755.00	1	2025-07-06 15:17:56.410068	2025-07-06 15:17:56.410068	0.50	877.50
1273	\N	38	2024-12-09	1655.00	1	2025-07-06 15:17:56.53343	2025-07-06 15:17:56.53343	0.65	1075.75
1274	\N	30	2024-12-09	9035.00	1	2025-07-06 15:17:56.765619	2025-07-06 15:17:56.765619	0.70	6324.50
1275	\N	85	2024-12-09	9455.00	1	2025-07-06 15:17:56.890177	2025-07-06 15:17:56.890177	0.40	3782.00
1276	\N	85	2024-12-09	9542.60	1	2025-07-06 15:17:56.997578	2025-07-06 15:17:56.997578	0.40	3817.04
1277	\N	30	2024-12-09	11406.63	1	2025-07-06 15:17:57.118613	2025-07-06 15:17:57.118613	0.70	7984.65
1278	\N	30	2024-12-09	10073.13	1	2025-07-06 15:17:57.245359	2025-07-06 15:17:57.245359	0.44	4444.00
1279	\N	80	2024-12-09	8465.00	1	2025-07-06 15:17:57.3564	2025-07-06 15:17:57.3564	0.75	6348.75
1280	\N	30	2024-12-09	4575.00	1	2025-07-06 15:17:57.47634	2025-07-06 15:17:57.47634	0.70	3195.00
1281	\N	30	2024-12-09	7432.61	1	2025-07-06 15:17:57.594479	2025-07-06 15:17:57.594479	0.70	5202.83
1282	\N	30	2024-12-10	4965.00	1	2025-07-06 15:17:57.832685	2025-07-06 15:17:57.832685	0.63	3124.00
1283	\N	146	2024-12-10	7915.00	1	2025-07-06 15:17:57.942271	2025-07-06 15:17:57.942271	0.44	3500.00
1284	\N	30	2024-12-10	6689.89	1	2025-07-06 15:17:58.054345	2025-07-06 15:17:58.054345	0.70	4682.93
1285	\N	160	2024-12-10	4700.00	1	2025-07-06 15:17:58.244632	2025-07-06 15:17:58.244632	0.91	4300.00
1286	\N	29	2024-12-10	2874.85	1	2025-07-06 15:17:58.36498	2025-07-06 15:17:58.36498	0.67	1924.85
1287	\N	30	2024-12-10	6913.96	1	2025-07-06 15:17:58.488959	2025-07-06 15:17:58.488959	0.70	4839.78
1288	\N	30	2024-12-10	9633.63	1	2025-07-06 15:17:58.607038	2025-07-06 15:17:58.607038	0.46	4388.28
1289	\N	46	2024-12-10	8271.56	1	2025-07-06 15:17:58.726244	2025-07-06 15:17:58.726244	0.73	6000.00
1290	\N	31	2024-12-10	8470.00	1	2025-07-06 15:17:58.971569	2025-07-06 15:17:58.971569	0.50	4235.00
1291	\N	30	2024-12-10	7190.00	1	2025-07-06 15:17:59.098634	2025-07-06 15:17:59.098634	0.61	4382.66
1292	\N	30	2024-12-10	6750.51	1	2025-07-06 15:17:59.220746	2025-07-06 15:17:59.220746	0.60	4050.00
1293	\N	63	2024-12-10	6385.00	1	2025-07-06 15:17:59.333539	2025-07-06 15:17:59.333539	0.50	3192.50
1294	\N	69	2024-12-10	5990.00	1	2025-07-06 15:17:59.456703	2025-07-06 15:17:59.456703	0.55	3294.50
1295	\N	161	2024-12-10	1900.00	1	2025-07-06 15:17:59.668383	2025-07-06 15:17:59.668383	0.40	765.52
1296	\N	160	2024-12-10	11980.00	1	2025-07-06 15:17:59.777129	2025-07-06 15:17:59.777129	0.39	4623.70
1297	\N	80	2024-12-10	3820.00	1	2025-07-06 15:18:00.000541	2025-07-06 15:18:00.000541	0.75	2865.00
1298	\N	161	2024-12-10	1695.00	1	2025-07-06 15:18:00.129804	2025-07-06 15:18:00.129804	0.44	748.58
1299	\N	30	2024-12-11	1905.00	1	2025-07-06 15:18:00.271961	2025-07-06 15:18:00.271961	0.70	1333.50
1300	\N	30	2024-12-11	8825.00	1	2025-07-06 15:18:00.395779	2025-07-06 15:18:00.395779	0.60	5295.00
1301	\N	30	2024-12-11	5955.00	1	2025-07-06 15:18:00.539874	2025-07-06 15:18:00.539874	0.41	2462.66
1302	\N	38	2024-12-11	1920.00	1	2025-07-06 15:18:00.667856	2025-07-06 15:18:00.667856	0.70	1344.00
1303	\N	95	2024-12-11	10215.00	1	2025-07-06 15:18:00.905995	2025-07-06 15:18:00.905995	0.33	3370.95
1304	\N	31	2024-12-11	4205.00	1	2025-07-06 15:18:01.138623	2025-07-06 15:18:01.138623	0.50	2102.50
1305	\N	69	2024-12-11	12625.00	1	2025-07-06 15:18:01.267933	2025-07-06 15:18:01.267933	0.50	6312.50
1306	\N	31	2024-12-11	8465.00	1	2025-07-06 15:18:01.386238	2025-07-06 15:18:01.386238	0.50	4232.50
1307	\N	46	2024-12-11	3485.00	1	2025-07-06 15:18:01.503962	2025-07-06 15:18:01.503962	0.50	1750.00
1308	\N	33	2024-12-11	6170.00	1	2025-07-06 15:18:01.626804	2025-07-06 15:18:01.626804	0.55	3393.50
1309	\N	30	2024-12-11	3390.00	1	2025-07-06 15:18:01.742503	2025-07-06 15:18:01.742503	0.70	2373.00
1310	\N	95	2024-12-11	7760.00	1	2025-07-06 15:18:01.864161	2025-07-06 15:18:01.864161	0.45	3492.00
1311	\N	162	2024-12-11	7245.00	1	2025-07-06 15:18:02.058085	2025-07-06 15:18:02.058085	0.70	5071.50
1312	\N	31	2024-12-12	12160.00	1	2025-07-06 15:18:02.19141	2025-07-06 15:18:02.19141	0.50	6080.00
1313	\N	30	2024-12-12	5200.00	1	2025-07-06 15:18:02.314429	2025-07-06 15:18:02.314429	0.70	3640.00
1314	\N	30	2024-12-12	4670.00	1	2025-07-06 15:18:02.422291	2025-07-06 15:18:02.422291	0.65	3015.16
1315	\N	30	2024-12-12	13426.48	1	2025-07-06 15:18:02.536485	2025-07-06 15:18:02.536485	0.49	6552.16
1316	\N	30	2024-12-12	11180.00	1	2025-07-06 15:18:02.650987	2025-07-06 15:18:02.650987	0.38	4245.50
1317	\N	30	2024-12-12	3691.43	1	2025-07-06 15:18:02.765283	2025-07-06 15:18:02.765283	0.70	2584.01
1318	\N	33	2024-12-13	7164.99	1	2025-07-06 15:18:02.986046	2025-07-06 15:18:02.986046	0.50	3584.00
1319	\N	31	2024-12-13	8579.19	1	2025-07-06 15:18:03.095646	2025-07-06 15:18:03.095646	0.50	4289.60
1320	\N	29	2024-12-13	6505.00	1	2025-07-06 15:18:03.225386	2025-07-06 15:18:03.225386	0.44	2885.00
1321	\N	33	2024-12-13	6720.00	1	2025-07-06 15:18:03.333706	2025-07-06 15:18:03.333706	0.80	5376.00
1322	\N	53	2024-12-13	8360.00	1	2025-07-06 15:18:03.443423	2025-07-06 15:18:03.443423	0.60	5016.00
1323	\N	161	2024-12-13	4730.00	1	2025-07-06 15:18:03.588313	2025-07-06 15:18:03.588313	0.34	1630.00
1324	\N	69	2024-12-16	6480.00	1	2025-07-06 15:18:03.692193	2025-07-06 15:18:03.692193	0.50	3240.00
1325	\N	80	2024-12-16	7761.35	1	2025-07-06 15:18:03.806814	2025-07-06 15:18:03.806814	0.50	3880.68
1326	\N	30	2024-12-16	9430.00	1	2025-07-06 15:18:03.93904	2025-07-06 15:18:03.93904	0.70	6594.49
1327	\N	80	2024-12-16	4885.00	1	2025-07-06 15:18:04.061071	2025-07-06 15:18:04.061071	0.50	2442.50
1328	\N	30	2024-12-16	3040.00	1	2025-07-06 15:18:04.190793	2025-07-06 15:18:04.190793	0.57	1730.81
1329	\N	31	2024-12-16	10303.47	1	2025-07-06 15:18:04.318075	2025-07-06 15:18:04.318075	0.50	5151.50
1330	\N	80	2024-12-16	5300.00	1	2025-07-06 15:18:04.451374	2025-07-06 15:18:04.451374	0.60	3180.00
1331	\N	36	2024-12-16	6865.00	1	2025-07-06 15:18:04.688679	2025-07-06 15:18:04.688679	0.58	4000.00
1332	\N	80	2024-12-16	33565.00	1	2025-07-06 15:18:04.819934	2025-07-06 15:18:04.819934	0.50	16782.50
1333	\N	143	2024-12-17	13485.00	1	2025-07-06 15:18:04.953963	2025-07-06 15:18:04.953963	0.60	8091.00
1334	\N	69	2024-12-17	10865.00	1	2025-07-06 15:18:05.296704	2025-07-06 15:18:05.296704	0.45	4889.25
1335	\N	33	2024-12-17	7135.90	1	2025-07-06 15:18:05.412503	2025-07-06 15:18:05.412503	0.60	4281.54
1336	\N	105	2024-12-17	11145.00	1	2025-07-06 15:18:05.531766	2025-07-06 15:18:05.531766	0.70	7801.50
1337	\N	163	2024-12-17	8470.00	1	2025-07-06 15:18:05.727152	2025-07-06 15:18:05.727152	0.60	5082.00
1338	\N	163	2024-12-17	3485.00	1	2025-07-06 15:18:05.98099	2025-07-06 15:18:05.98099	0.65	2265.25
1339	\N	63	2024-12-17	11650.00	1	2025-07-06 15:18:06.093245	2025-07-06 15:18:06.093245	0.50	5825.00
1340	\N	30	2024-12-17	7776.72	1	2025-07-06 15:18:06.212764	2025-07-06 15:18:06.212764	0.32	2522.33
1341	\N	87	2024-12-17	4085.00	1	2025-07-06 15:18:06.345595	2025-07-06 15:18:06.345595	0.59	2430.00
1342	\N	35	2024-12-17	10020.00	1	2025-07-06 15:18:06.481089	2025-07-06 15:18:06.481089	0.40	4000.00
1343	\N	31	2024-12-17	8395.00	1	2025-07-06 15:18:06.604331	2025-07-06 15:18:06.604331	0.43	3587.22
1344	\N	30	2024-12-17	7100.00	1	2025-07-06 15:18:06.731142	2025-07-06 15:18:06.731142	0.65	4600.00
1345	\N	30	2024-12-17	9428.81	1	2025-07-06 15:18:06.854837	2025-07-06 15:18:06.854837	0.24	2266.78
1346	\N	164	2024-12-17	7130.00	1	2025-07-06 15:18:07.194552	2025-07-06 15:18:07.194552	0.74	5273.55
1347	\N	53	2024-12-18	11256.71	1	2025-07-06 15:18:07.313578	2025-07-06 15:18:07.313578	0.55	6191.19
1348	\N	30	2024-12-18	11062.73	1	2025-07-06 15:18:07.428041	2025-07-06 15:18:07.428041	0.55	6080.00
1349	\N	36	2024-12-18	4730.00	1	2025-07-06 15:18:07.542746	2025-07-06 15:18:07.542746	0.72	3426.70
1350	\N	31	2024-12-18	10720.00	1	2025-07-06 15:18:07.662464	2025-07-06 15:18:07.662464	0.50	5360.00
1351	\N	30	2024-12-18	9234.27	1	2025-07-06 15:18:07.881684	2025-07-06 15:18:07.881684	0.61	5636.36
1352	\N	30	2024-12-18	8316.25	1	2025-07-06 15:18:07.999268	2025-07-06 15:18:07.999268	0.70	5821.38
1353	\N	132	2024-12-18	6655.00	1	2025-07-06 15:18:08.110611	2025-07-06 15:18:08.110611	0.45	3000.00
1354	\N	30	2024-12-18	11731.21	1	2025-07-06 15:18:08.223639	2025-07-06 15:18:08.223639	0.26	3000.00
1355	\N	30	2024-12-18	12816.45	1	2025-07-06 15:18:08.335949	2025-07-06 15:18:08.335949	0.52	6721.18
1356	\N	67	2024-12-18	7757.65	1	2025-07-06 15:18:08.459604	2025-07-06 15:18:08.459604	0.52	4033.98
1357	\N	30	2024-12-18	10838.79	1	2025-07-06 15:18:08.717406	2025-07-06 15:18:08.717406	0.25	2755.45
1358	\N	72	2024-12-18	6002.20	1	2025-07-06 15:18:08.838635	2025-07-06 15:18:08.838635	0.60	3592.00
1359	\N	72	2024-12-18	8030.00	1	2025-07-06 15:18:08.974143	2025-07-06 15:18:08.974143	0.52	4200.00
1360	\N	80	2024-12-19	5493.50	1	2025-07-06 15:18:09.121069	2025-07-06 15:18:09.121069	0.65	3570.78
1361	\N	87	2024-12-19	7035.00	1	2025-07-06 15:18:09.239849	2025-07-06 15:18:09.239849	0.70	4924.50
1362	\N	33	2024-12-19	11140.00	1	2025-07-06 15:18:09.36895	2025-07-06 15:18:09.36895	0.65	7241.00
1363	\N	63	2024-12-19	12197.62	1	2025-07-06 15:18:09.492281	2025-07-06 15:18:09.492281	0.50	6100.00
1364	\N	105	2024-12-19	5640.00	1	2025-07-06 15:18:09.60524	2025-07-06 15:18:09.60524	0.50	2820.00
1365	\N	63	2024-12-19	11600.28	1	2025-07-06 15:18:09.73249	2025-07-06 15:18:09.73249	0.50	5800.00
1366	\N	30	2024-12-19	9939.81	1	2025-07-06 15:18:09.871957	2025-07-06 15:18:09.871957	0.33	3238.33
1367	\N	30	2024-12-19	6780.25	1	2025-07-06 15:18:10.007263	2025-07-06 15:18:10.007263	0.32	2166.10
1368	\N	30	2024-12-20	2310.00	1	2025-07-06 15:18:10.137778	2025-07-06 15:18:10.137778	0.70	1617.00
1369	\N	30	2024-12-20	4190.00	1	2025-07-06 15:18:10.262027	2025-07-06 15:18:10.262027	0.69	2890.00
1370	\N	74	2024-12-20	7267.90	1	2025-07-06 15:18:10.413297	2025-07-06 15:18:10.413297	0.35	2543.77
1371	\N	30	2024-12-20	2540.00	1	2025-07-06 15:18:10.522841	2025-07-06 15:18:10.522841	0.60	1524.00
1372	\N	67	2024-12-20	9550.00	1	2025-07-06 15:18:10.635755	2025-07-06 15:18:10.635755	0.76	7258.00
1373	\N	79	2024-12-20	4630.00	1	2025-07-06 15:18:10.867544	2025-07-06 15:18:10.867544	0.60	2778.00
1374	\N	50	2024-12-20	2325.00	1	2025-07-06 15:18:10.989335	2025-07-06 15:18:10.989335	0.55	1278.75
1375	\N	29	2024-12-20	11465.41	1	2025-07-06 15:18:11.124646	2025-07-06 15:18:11.124646	0.32	3640.41
1376	\N	80	2024-12-20	5825.00	1	2025-07-06 15:18:11.233541	2025-07-06 15:18:11.233541	0.70	4077.50
1377	\N	35	2024-12-20	4970.00	1	2025-07-06 15:18:11.346554	2025-07-06 15:18:11.346554	0.65	3225.00
1378	\N	35	2024-12-20	5520.55	1	2025-07-06 15:18:11.465101	2025-07-06 15:18:11.465101	0.68	3775.00
1379	\N	165	2024-12-23	16010.00	1	2025-07-06 15:18:11.67662	2025-07-06 15:18:11.67662	0.67	10672.00
1380	\N	67	2024-12-23	9440.00	1	2025-07-06 15:18:11.786882	2025-07-06 15:18:11.786882	0.24	2265.60
1381	\N	87	2024-12-23	8535.00	1	2025-07-06 15:18:11.909634	2025-07-06 15:18:11.909634	0.55	4694.25
1382	\N	31	2024-12-23	4590.00	1	2025-07-06 15:18:12.029344	2025-07-06 15:18:12.029344	0.50	2295.00
1383	\N	30	2024-12-23	7645.00	1	2025-07-06 15:18:12.173177	2025-07-06 15:18:12.173177	0.52	4000.00
1384	\N	30	2024-12-23	9864.92	1	2025-07-06 15:18:12.299535	2025-07-06 15:18:12.299535	0.61	5986.33
1385	\N	165	2024-12-23	11715.00	1	2025-07-06 15:18:12.43412	2025-07-06 15:18:12.43412	0.68	8000.00
1386	\N	50	2024-12-23	2570.00	1	2025-07-06 15:18:12.567635	2025-07-06 15:18:12.567635	0.51	1308.45
1387	\N	29	2024-12-23	6105.00	1	2025-07-06 15:18:12.812638	2025-07-06 15:18:12.812638	0.51	3130.77
1388	\N	64	2024-12-23	6865.00	1	2025-07-06 15:18:12.982704	2025-07-06 15:18:12.982704	0.67	4599.55
1389	\N	30	2024-12-23	5381.82	1	2025-07-06 15:18:13.122127	2025-07-06 15:18:13.122127	0.70	3767.28
1390	\N	63	2024-12-24	6298.27	1	2025-07-06 15:18:13.229271	2025-07-06 15:18:13.229271	0.50	3150.00
1391	\N	166	2024-12-24	4655.00	1	2025-07-06 15:18:13.447707	2025-07-06 15:18:13.447707	0.00	0.00
1392	\N	143	2024-12-27	6225.00	1	2025-07-06 15:18:13.557558	2025-07-06 15:18:13.557558	0.55	3423.75
1393	\N	29	2024-12-27	2645.00	1	2025-07-06 15:18:13.787375	2025-07-06 15:18:13.787375	0.64	1695.00
1394	\N	30	2024-12-27	10830.00	1	2025-07-06 15:18:13.919435	2025-07-06 15:18:13.919435	0.70	7530.00
1395	\N	87	2024-12-27	6930.00	1	2025-07-06 15:18:14.024567	2025-07-06 15:18:14.024567	0.59	4087.57
1396	\N	53	2024-12-27	4350.00	1	2025-07-06 15:18:14.161746	2025-07-06 15:18:14.161746	0.50	2175.00
1397	\N	80	2024-12-27	11799.85	1	2025-07-06 15:18:14.283482	2025-07-06 15:18:14.283482	0.65	7669.90
1398	\N	87	2024-12-27	5965.00	1	2025-07-06 15:18:14.409225	2025-07-06 15:18:14.409225	0.50	2982.50
1399	\N	63	2024-12-30	8094.89	1	2025-07-06 15:18:14.536279	2025-07-06 15:18:14.536279	0.52	4227.00
1400	\N	102	2024-12-30	5055.00	1	2025-07-06 15:18:14.646768	2025-07-06 15:18:14.646768	0.50	2527.50
1401	\N	38	2024-12-30	8600.40	1	2025-07-06 15:18:14.763024	2025-07-06 15:18:14.763024	0.67	5762.27
1402	\N	167	2024-12-30	4985.00	1	2025-07-06 15:18:15.204127	2025-07-06 15:18:15.204127	0.65	3240.25
1403	\N	102	2024-12-30	3340.00	1	2025-07-06 15:18:15.347028	2025-07-06 15:18:15.347028	0.50	1670.00
1404	\N	30	2024-12-30	7476.75	1	2025-07-06 15:18:15.499518	2025-07-06 15:18:15.499518	0.44	3272.26
1405	\N	50	2024-12-30	3614.78	1	2025-07-06 15:18:15.623379	2025-07-06 15:18:15.623379	0.60	2168.86
1406	\N	30	2024-12-30	4965.47	1	2025-07-06 15:18:15.730481	2025-07-06 15:18:15.730481	0.60	2979.29
1407	\N	46	2024-12-30	7050.70	1	2025-07-06 15:18:15.841762	2025-07-06 15:18:15.841762	0.69	4900.00
1408	\N	31	2024-12-30	8516.30	1	2025-07-06 15:18:16.091813	2025-07-06 15:18:16.091813	0.35	3000.00
1409	\N	87	2024-12-30	13945.00	1	2025-07-06 15:18:16.214134	2025-07-06 15:18:16.214134	0.50	6972.50
1410	\N	30	2024-12-30	7915.00	1	2025-07-06 15:18:16.333676	2025-07-06 15:18:16.333676	0.25	1944.66
1411	\N	30	2024-12-30	3982.51	1	2025-07-06 15:18:16.465713	2025-07-06 15:18:16.465713	0.30	1179.50
1412	\N	30	2024-12-30	8391.68	1	2025-07-06 15:18:16.736928	2025-07-06 15:18:16.736928	0.82	6915.43
1413	\N	30	2024-12-31	8570.00	1	2025-07-06 15:18:16.881945	2025-07-06 15:18:16.881945	0.70	5999.00
1414	\N	30	2024-12-31	4760.00	1	2025-07-06 15:18:17.008128	2025-07-06 15:18:17.008128	0.60	2856.00
1415	\N	30	2024-12-31	10969.84	1	2025-07-06 15:18:17.1126	2025-07-06 15:18:17.1126	0.58	6336.75
1416	\N	30	2024-12-31	6934.86	1	2025-07-06 15:18:17.2338	2025-07-06 15:18:17.2338	0.70	4854.41
1417	\N	30	2024-12-31	4972.04	1	2025-07-06 15:18:17.36281	2025-07-06 15:18:17.36281	0.36	1780.24
1418	\N	50	2024-12-31	4019.06	1	2025-07-06 15:18:17.469513	2025-07-06 15:18:17.469513	0.52	2100.00
1419	\N	30	2024-12-31	1110.00	1	2025-07-06 15:18:17.595743	2025-07-06 15:18:17.595743	0.70	777.00
1420	\N	30	2024-12-31	5859.71	1	2025-07-06 15:18:17.723107	2025-07-06 15:18:17.723107	0.60	3515.83
1421	\N	30	2024-12-31	7390.00	1	2025-07-06 15:18:17.835511	2025-07-06 15:18:17.835511	0.70	5173.00
1422	\N	30	2025-01-02	6052.15	1	2025-07-06 15:18:17.96498	2025-07-06 15:18:17.96498	0.45	2700.00
1423	\N	95	2025-01-02	4750.00	1	2025-07-06 15:18:18.092178	2025-07-06 15:18:18.092178	0.50	2375.00
1424	\N	88	2025-01-02	1425.00	1	2025-07-06 15:18:18.234104	2025-07-06 15:18:18.234104	0.49	700.00
1425	\N	30	2025-01-02	10861.06	1	2025-07-06 15:18:18.36704	2025-07-06 15:18:18.36704	0.49	5300.00
1426	\N	46	2025-01-02	6695.32	1	2025-07-06 15:18:18.489147	2025-07-06 15:18:18.489147	0.67	4485.00
1427	\N	168	2025-01-02	3275.00	1	2025-07-06 15:18:18.671299	2025-07-06 15:18:18.671299	0.50	1637.50
1428	\N	30	2025-01-02	7258.49	1	2025-07-06 15:18:18.796275	2025-07-06 15:18:18.796275	0.56	4042.87
1429	\N	91	2025-01-02	14795.00	1	2025-07-06 15:18:18.913629	2025-07-06 15:18:18.913629	0.56	8219.44
1430	\N	67	2025-01-02	9350.00	1	2025-07-06 15:18:19.041831	2025-07-06 15:18:19.041831	0.53	4955.50
1431	\N	85	2025-01-02	9117.74	1	2025-07-06 15:18:19.160652	2025-07-06 15:18:19.160652	0.50	4558.85
1432	\N	29	2025-01-02	2339.07	1	2025-07-06 15:18:19.277994	2025-07-06 15:18:19.277994	0.45	1050.00
1433	\N	29	2025-01-02	3315.00	1	2025-07-06 15:18:19.392466	2025-07-06 15:18:19.392466	0.67	2215.00
1434	\N	63	2025-01-02	2203.50	1	2025-07-06 15:18:19.515047	2025-07-06 15:18:19.515047	0.50	1101.75
1435	\N	30	2025-01-02	12154.04	1	2025-07-06 15:18:19.634925	2025-07-06 15:18:19.634925	0.50	6076.66
1436	\N	30	2025-01-02	8391.68	1	2025-07-06 15:18:19.877411	2025-07-06 15:18:19.877411	0.60	5035.01
1437	\N	30	2025-01-03	11343.65	1	2025-07-06 15:18:20.010938	2025-07-06 15:18:20.010938	0.47	5316.66
1438	\N	65	2025-01-03	7265.00	1	2025-07-06 15:18:20.139929	2025-07-06 15:18:20.139929	0.50	3632.50
1439	\N	65	2025-01-03	9745.00	1	2025-07-06 15:18:20.268541	2025-07-06 15:18:20.268541	0.60	5847.00
1440	\N	146	2025-01-03	7935.00	1	2025-07-06 15:18:20.396859	2025-07-06 15:18:20.396859	0.70	5554.50
1441	\N	67	2025-01-03	9765.00	1	2025-07-06 15:18:20.519914	2025-07-06 15:18:20.519914	0.26	2500.00
1442	\N	32	2025-01-03	10521.36	1	2025-07-06 15:18:20.633466	2025-07-06 15:18:20.633466	0.63	6586.46
1443	\N	65	2025-01-03	4380.00	1	2025-07-06 15:18:20.85638	2025-07-06 15:18:20.85638	0.36	1558.50
1444	\N	30	2025-01-03	11149.52	1	2025-07-06 15:18:20.982291	2025-07-06 15:18:20.982291	0.70	7804.67
1445	\N	85	2025-01-03	7206.97	1	2025-07-06 15:18:21.127281	2025-07-06 15:18:21.127281	0.50	3603.45
1446	\N	30	2025-01-03	9861.30	1	2025-07-06 15:18:21.258239	2025-07-06 15:18:21.258239	0.58	5728.66
1447	\N	65	2025-01-03	6705.00	1	2025-07-06 15:18:21.480041	2025-07-06 15:18:21.480041	0.50	3352.50
1448	\N	169	2025-01-03	7515.00	1	2025-07-06 15:18:21.68226	2025-07-06 15:18:21.68226	0.55	4100.00
1449	\N	30	2025-01-03	10367.10	1	2025-07-06 15:18:21.81193	2025-07-06 15:18:21.81193	0.62	6437.06
1450	\N	132	2025-01-03	6150.00	1	2025-07-06 15:18:21.926923	2025-07-06 15:18:21.926923	0.49	3000.00
1451	\N	31	2025-01-06	6350.00	1	2025-07-06 15:18:22.149316	2025-07-06 15:18:22.149316	0.50	3175.00
1452	\N	88	2025-01-06	2050.00	1	2025-07-06 15:18:22.293174	2025-07-06 15:18:22.293174	0.30	620.00
1453	\N	33	2025-01-06	1405.00	1	2025-07-06 15:18:22.431604	2025-07-06 15:18:22.431604	0.58	812.57
1454	\N	31	2025-01-06	10765.90	1	2025-07-06 15:18:22.548463	2025-07-06 15:18:22.548463	0.50	5382.50
1455	\N	87	2025-01-06	8305.00	1	2025-07-06 15:18:22.66844	2025-07-06 15:18:22.66844	0.60	4983.00
1456	\N	170	2025-01-07	4120.00	1	2025-07-06 15:18:22.866672	2025-07-06 15:18:22.866672	0.50	2060.00
1457	\N	171	2025-01-07	10530.00	1	2025-07-06 15:18:23.046807	2025-07-06 15:18:23.046807	0.33	3478.23
1458	\N	91	2025-01-07	10598.34	1	2025-07-06 15:18:23.265006	2025-07-06 15:18:23.265006	0.50	5299.17
1459	\N	29	2025-01-07	18515.00	1	2025-07-06 15:18:23.386535	2025-07-06 15:18:23.386535	0.46	8500.00
1460	\N	30	2025-01-07	9876.75	1	2025-07-06 15:18:23.509557	2025-07-06 15:18:23.509557	0.64	6272.33
1461	\N	87	2025-01-07	6390.00	1	2025-07-06 15:18:23.651741	2025-07-06 15:18:23.651741	0.65	4153.50
1462	\N	30	2025-01-08	8125.32	1	2025-07-06 15:18:23.76984	2025-07-06 15:18:23.76984	0.25	2000.00
1463	\N	143	2025-01-08	8925.00	1	2025-07-06 15:18:23.914593	2025-07-06 15:18:23.914593	0.50	4462.50
1464	\N	46	2025-01-08	4250.94	1	2025-07-06 15:18:24.033461	2025-07-06 15:18:24.033461	0.59	2500.00
1465	\N	63	2025-01-08	1585.00	1	2025-07-06 15:18:24.151273	2025-07-06 15:18:24.151273	0.50	792.50
1466	\N	172	2025-01-08	9452.89	1	2025-07-06 15:18:24.326459	2025-07-06 15:18:24.326459	0.42	4000.00
1467	\N	173	2025-01-08	10270.00	1	2025-07-06 15:18:24.516589	2025-07-06 15:18:24.516589	0.50	5135.00
1468	\N	30	2025-01-08	4775.00	1	2025-07-06 15:18:24.629741	2025-07-06 15:18:24.629741	0.60	2865.00
1469	\N	30	2025-01-08	2695.14	1	2025-07-06 15:18:24.743828	2025-07-06 15:18:24.743828	0.60	1617.09
1470	\N	71	2025-01-08	7280.00	1	2025-07-06 15:18:24.867928	2025-07-06 15:18:24.867928	0.49	3560.54
1471	\N	30	2025-01-08	8105.00	1	2025-07-06 15:18:25.099374	2025-07-06 15:18:25.099374	0.46	3741.80
1472	\N	35	2025-01-08	7405.00	1	2025-07-06 15:18:25.22515	2025-07-06 15:18:25.22515	0.00	0.00
1473	\N	30	2025-01-08	7459.72	1	2025-07-06 15:18:25.334471	2025-07-06 15:18:25.334471	0.69	5159.72
1474	\N	36	2025-01-08	6631.93	1	2025-07-06 15:18:25.561939	2025-07-06 15:18:25.561939	0.71	4708.67
1475	\N	30	2025-01-08	9255.00	1	2025-07-06 15:18:25.678939	2025-07-06 15:18:25.678939	0.49	4539.94
1476	\N	95	2025-01-09	8510.39	1	2025-07-06 15:18:25.804784	2025-07-06 15:18:25.804784	0.35	2978.64
1477	\N	30	2025-01-09	11185.00	1	2025-07-06 15:18:25.921263	2025-07-06 15:18:25.921263	0.59	6650.19
1478	\N	30	2025-01-09	9135.00	1	2025-07-06 15:18:26.040286	2025-07-06 15:18:26.040286	0.60	5481.00
1479	\N	81	2025-01-09	2575.00	1	2025-07-06 15:18:26.163089	2025-07-06 15:18:26.163089	0.50	1287.50
1480	\N	81	2025-01-09	2635.00	1	2025-07-06 15:18:26.274202	2025-07-06 15:18:26.274202	0.50	1317.50
1481	\N	105	2025-01-09	7130.00	1	2025-07-06 15:18:26.502096	2025-07-06 15:18:26.502096	0.55	3921.50
1482	\N	30	2025-01-09	5630.00	1	2025-07-06 15:18:26.629664	2025-07-06 15:18:26.629664	0.54	3040.20
1483	\N	105	2025-01-09	6925.00	1	2025-07-06 15:18:26.745953	2025-07-06 15:18:26.745953	0.48	3327.36
1484	\N	30	2025-01-09	6925.00	1	2025-07-06 15:18:26.861953	2025-07-06 15:18:26.861953	0.48	3327.36
1485	\N	174	2025-01-09	645.00	1	2025-07-06 15:18:27.050176	2025-07-06 15:18:27.050176	0.70	451.50
1486	\N	30	2025-01-09	2578.75	1	2025-07-06 15:18:27.176522	2025-07-06 15:18:27.176522	0.74	1896.66
1487	\N	30	2025-01-10	6402.24	1	2025-07-06 15:18:27.402104	2025-07-06 15:18:27.402104	0.70	4481.57
1488	\N	46	2025-01-10	10090.74	1	2025-07-06 15:18:27.536885	2025-07-06 15:18:27.536885	0.40	4000.00
1489	\N	38	2025-01-10	2290.00	1	2025-07-06 15:18:27.751555	2025-07-06 15:18:27.751555	0.10	229.00
1490	\N	38	2025-01-10	3330.00	1	2025-07-06 15:18:27.86337	2025-07-06 15:18:27.86337	0.19	641.46
1491	\N	30	2025-01-10	6650.00	1	2025-07-06 15:18:27.980152	2025-07-06 15:18:27.980152	0.60	3990.00
1492	\N	29	2025-01-10	10240.00	1	2025-07-06 15:18:28.106641	2025-07-06 15:18:28.106641	0.27	2789.00
1493	\N	30	2025-01-10	4495.65	1	2025-07-06 15:18:28.236184	2025-07-06 15:18:28.236184	0.53	2400.00
1494	\N	110	2025-01-10	10489.84	1	2025-07-06 15:18:28.359487	2025-07-06 15:18:28.359487	0.75	7867.38
1495	\N	30	2025-01-10	10713.62	1	2025-07-06 15:18:28.504478	2025-07-06 15:18:28.504478	0.59	6279.63
1496	\N	46	2025-01-10	6932.04	1	2025-07-06 15:18:28.64283	2025-07-06 15:18:28.64283	0.68	4700.00
1497	\N	80	2025-01-10	5085.00	1	2025-07-06 15:18:28.786702	2025-07-06 15:18:28.786702	0.75	3813.00
1498	\N	30	2025-01-13	9400.57	1	2025-07-06 15:18:28.912465	2025-07-06 15:18:28.912465	0.32	2969.11
1499	\N	29	2025-01-13	1000.00	1	2025-07-06 15:18:29.028757	2025-07-06 15:18:29.028757	0.60	600.00
1500	\N	30	2025-01-13	5251.61	1	2025-07-06 15:18:29.169016	2025-07-06 15:18:29.169016	0.65	3426.28
1501	\N	31	2025-01-13	1675.00	1	2025-07-06 15:18:29.2959	2025-07-06 15:18:29.2959	0.50	837.50
1502	\N	30	2025-01-13	10611.46	1	2025-07-06 15:18:29.417979	2025-07-06 15:18:29.417979	0.52	5514.65
1503	\N	38	2025-01-13	5124.01	1	2025-07-06 15:18:29.532691	2025-07-06 15:18:29.532691	0.60	3074.41
1504	\N	33	2025-01-13	12050.00	1	2025-07-06 15:18:29.661694	2025-07-06 15:18:29.661694	0.58	6989.00
1505	\N	30	2025-01-13	880.00	1	2025-07-06 15:18:29.790895	2025-07-06 15:18:29.790895	0.50	440.00
1506	\N	30	2025-01-13	4680.00	1	2025-07-06 15:18:29.945314	2025-07-06 15:18:29.945314	0.70	3280.00
1507	\N	95	2025-01-13	1910.00	1	2025-07-06 15:18:30.121238	2025-07-06 15:18:30.121238	0.51	974.10
1508	\N	38	2025-01-14	8356.79	1	2025-07-06 15:18:30.248428	2025-07-06 15:18:30.248428	0.60	5014.08
1509	\N	30	2025-01-14	8745.00	1	2025-07-06 15:18:30.502874	2025-07-06 15:18:30.502874	0.70	6121.50
1510	\N	105	2025-01-14	4945.00	1	2025-07-06 15:18:30.655521	2025-07-06 15:18:30.655521	0.60	2967.00
1511	\N	30	2025-01-14	8051.51	1	2025-07-06 15:18:30.804999	2025-07-06 15:18:30.804999	0.70	5636.06
1512	\N	30	2025-01-14	1354.05	1	2025-07-06 15:18:30.928784	2025-07-06 15:18:30.928784	0.70	947.84
1513	\N	53	2025-01-14	10455.00	1	2025-07-06 15:18:31.053016	2025-07-06 15:18:31.053016	0.85	8914.35
1514	\N	31	2025-01-14	8663.71	1	2025-07-06 15:18:31.195409	2025-07-06 15:18:31.195409	0.50	4331.85
1515	\N	80	2025-01-14	2995.00	1	2025-07-06 15:18:31.558452	2025-07-06 15:18:31.558452	0.70	2096.50
1516	\N	31	2025-01-14	3820.00	1	2025-07-06 15:18:31.694048	2025-07-06 15:18:31.694048	0.50	1910.00
1517	\N	143	2025-01-14	7380.00	1	2025-07-06 15:18:31.85044	2025-07-06 15:18:31.85044	0.50	3690.00
1518	\N	102	2025-01-14	9730.00	1	2025-07-06 15:18:31.97781	2025-07-06 15:18:31.97781	0.36	3500.00
1519	\N	175	2025-01-15	10607.67	1	2025-07-06 15:18:32.183653	2025-07-06 15:18:32.183653	0.50	5303.84
1520	\N	31	2025-01-15	1165.00	1	2025-07-06 15:18:32.311698	2025-07-06 15:18:32.311698	0.50	582.50
1521	\N	30	2025-01-15	10002.78	1	2025-07-06 15:18:32.446463	2025-07-06 15:18:32.446463	0.52	5207.59
1522	\N	31	2025-01-15	8006.26	1	2025-07-06 15:18:32.683562	2025-07-06 15:18:32.683562	0.50	4003.13
1523	\N	30	2025-01-15	10455.00	1	2025-07-06 15:18:32.814698	2025-07-06 15:18:32.814698	0.50	5227.50
1524	\N	30	2025-01-15	3992.34	1	2025-07-06 15:18:32.942839	2025-07-06 15:18:32.942839	0.70	2794.64
1525	\N	102	2025-01-16	5006.62	1	2025-07-06 15:18:33.052127	2025-07-06 15:18:33.052127	0.60	3003.97
1526	\N	30	2025-01-16	5025.00	1	2025-07-06 15:18:33.16895	2025-07-06 15:18:33.16895	0.60	2996.97
1527	\N	30	2025-01-16	6490.00	1	2025-07-06 15:18:33.304894	2025-07-06 15:18:33.304894	0.59	3811.72
1528	\N	169	2025-01-16	10207.00	1	2025-07-06 15:18:33.428437	2025-07-06 15:18:33.428437	0.25	2551.75
1529	\N	95	2025-01-16	1415.00	1	2025-07-06 15:18:33.559084	2025-07-06 15:18:33.559084	0.55	778.25
1530	\N	33	2025-01-16	10230.00	1	2025-07-06 15:18:33.690815	2025-07-06 15:18:33.690815	0.60	6138.00
1531	\N	176	2025-01-16	12505.00	1	2025-07-06 15:18:33.924408	2025-07-06 15:18:33.924408	0.50	6252.50
1532	\N	30	2025-01-16	9839.43	1	2025-07-06 15:18:34.048851	2025-07-06 15:18:34.048851	0.66	6491.46
1533	\N	30	2025-01-16	4592.30	1	2025-07-06 15:18:34.180756	2025-07-06 15:18:34.180756	0.52	2405.57
1534	\N	177	2025-01-16	2275.00	1	2025-07-06 15:18:34.400158	2025-07-06 15:18:34.400158	0.65	1486.04
1535	\N	69	2025-01-16	10186.78	1	2025-07-06 15:18:34.538852	2025-07-06 15:18:34.538852	0.60	6122.07
1536	\N	46	2025-01-16	4685.00	1	2025-07-06 15:18:34.65133	2025-07-06 15:18:34.65133	0.50	2350.00
1537	\N	67	2025-01-16	9520.00	1	2025-07-06 15:18:34.881904	2025-07-06 15:18:34.881904	0.72	6854.40
1538	\N	67	2025-01-16	9910.00	1	2025-07-06 15:18:35.060955	2025-07-06 15:18:35.060955	0.70	6937.00
1539	\N	30	2025-01-16	10975.84	1	2025-07-06 15:18:35.2565	2025-07-06 15:18:35.2565	0.64	7040.20
1540	\N	30	2025-01-16	12617.63	1	2025-07-06 15:18:35.482834	2025-07-06 15:18:35.482834	0.56	7040.20
1541	\N	30	2025-01-16	4887.62	1	2025-07-06 15:18:35.79376	2025-07-06 15:18:35.79376	0.53	2581.69
1542	\N	30	2025-01-16	6950.00	1	2025-07-06 15:18:36.00036	2025-07-06 15:18:36.00036	0.60	4145.06
1543	\N	178	2025-01-16	12604.60	1	2025-07-06 15:18:36.338861	2025-07-06 15:18:36.338861	0.49	6187.50
1544	\N	179	2025-01-17	10344.66	1	2025-07-06 15:18:36.830523	2025-07-06 15:18:36.830523	0.49	5089.28
1545	\N	30	2025-01-17	11717.06	1	2025-07-06 15:18:37.226063	2025-07-06 15:18:37.226063	0.58	6771.51
1546	\N	67	2025-01-17	2955.00	1	2025-07-06 15:18:37.419992	2025-07-06 15:18:37.419992	0.53	1576.00
1547	\N	46	2025-01-17	7904.96	1	2025-07-06 15:18:37.790213	2025-07-06 15:18:37.790213	0.51	4000.00
1548	\N	30	2025-01-17	3540.00	1	2025-07-06 15:18:38.000063	2025-07-06 15:18:38.000063	0.50	1770.00
1549	\N	58	2025-01-17	6190.00	1	2025-07-06 15:18:38.212097	2025-07-06 15:18:38.212097	0.33	2066.67
1550	\N	30	2025-01-17	8673.25	1	2025-07-06 15:18:38.397061	2025-07-06 15:18:38.397061	0.27	2321.89
1551	\N	87	2025-01-17	7185.00	1	2025-07-06 15:18:38.740848	2025-07-06 15:18:38.740848	0.65	4670.25
1552	\N	80	2025-01-17	12484.00	1	2025-07-06 15:18:38.980832	2025-07-06 15:18:38.980832	0.42	5244.95
1553	\N	30	2025-01-17	1250.00	1	2025-07-06 15:18:39.214911	2025-07-06 15:18:39.214911	0.50	625.00
1554	\N	50	2025-01-20	5242.25	1	2025-07-06 15:18:39.429906	2025-07-06 15:18:39.429906	0.63	3302.25
1555	\N	67	2025-01-20	9285.00	1	2025-07-06 15:18:39.643419	2025-07-06 15:18:39.643419	0.43	4000.00
1556	\N	30	2025-01-20	9275.00	1	2025-07-06 15:18:40.086872	2025-07-06 15:18:40.086872	0.70	6535.33
1557	\N	30	2025-01-20	8024.75	1	2025-07-06 15:18:40.307968	2025-07-06 15:18:40.307968	0.81	6521.21
1558	\N	38	2025-01-20	6866.05	1	2025-07-06 15:18:40.639964	2025-07-06 15:18:40.639964	0.60	4119.63
1559	\N	30	2025-01-20	10107.90	1	2025-07-06 15:18:41.052567	2025-07-06 15:18:41.052567	0.71	7159.09
1560	\N	30	2025-01-20	8640.00	1	2025-07-06 15:18:41.250164	2025-07-06 15:18:41.250164	0.64	5540.00
1561	\N	50	2025-01-20	15928.61	1	2025-07-06 15:18:41.594541	2025-07-06 15:18:41.594541	0.48	7595.79
1562	\N	38	2025-01-20	3615.00	1	2025-07-06 15:18:41.742415	2025-07-06 15:18:41.742415	0.50	1807.50
1563	\N	30	2025-01-20	9375.00	1	2025-07-06 15:18:41.8833	2025-07-06 15:18:41.8833	0.60	5625.00
1564	\N	30	2025-01-21	1669.40	1	2025-07-06 15:18:42.008362	2025-07-06 15:18:42.008362	0.62	1036.66
1565	\N	30	2025-01-21	6930.00	1	2025-07-06 15:18:42.229968	2025-07-06 15:18:42.229968	0.33	2314.73
1566	\N	30	2025-01-21	6235.00	1	2025-07-06 15:18:42.371919	2025-07-06 15:18:42.371919	0.70	4364.50
1567	\N	63	2025-01-21	2683.77	1	2025-07-06 15:18:42.491987	2025-07-06 15:18:42.491987	0.50	1343.00
1568	\N	30	2025-01-21	4945.00	1	2025-07-06 15:18:42.753944	2025-07-06 15:18:42.753944	0.36	1765.18
1569	\N	180	2025-01-22	1600.00	1	2025-07-06 15:18:42.975766	2025-07-06 15:18:42.975766	0.65	1040.00
1570	\N	180	2025-01-22	1600.00	1	2025-07-06 15:18:43.080957	2025-07-06 15:18:43.080957	0.65	1040.00
1571	\N	33	2025-01-22	1980.00	1	2025-07-06 15:18:43.231393	2025-07-06 15:18:43.231393	0.80	1584.00
1572	\N	30	2025-01-22	1675.00	1	2025-07-06 15:18:43.350574	2025-07-06 15:18:43.350574	0.70	1172.50
1573	\N	50	2025-01-22	4580.00	1	2025-07-06 15:18:43.51534	2025-07-06 15:18:43.51534	0.30	1374.00
1574	\N	105	2025-01-22	12780.00	1	2025-07-06 15:18:43.633975	2025-07-06 15:18:43.633975	0.65	8307.00
1575	\N	102	2025-01-22	5835.00	1	2025-07-06 15:18:43.759057	2025-07-06 15:18:43.759057	0.40	2334.00
1576	\N	71	2025-01-23	1070.00	1	2025-07-06 15:18:43.87592	2025-07-06 15:18:43.87592	0.75	802.50
1577	\N	50	2025-01-23	4814.60	1	2025-07-06 15:18:43.995794	2025-07-06 15:18:43.995794	0.58	2814.60
1578	\N	50	2025-01-23	8495.00	1	2025-07-06 15:18:44.10802	2025-07-06 15:18:44.10802	0.65	5495.00
1579	\N	46	2025-01-23	6440.00	1	2025-07-06 15:18:44.250661	2025-07-06 15:18:44.250661	0.62	4000.00
1580	\N	91	2025-01-23	645.00	1	2025-07-06 15:18:44.374873	2025-07-06 15:18:44.374873	0.62	400.00
1581	\N	130	2025-01-23	11905.00	1	2025-07-06 15:18:44.502475	2025-07-06 15:18:44.502475	0.50	5952.50
1582	\N	35	2025-01-23	6921.60	1	2025-07-06 15:18:44.615427	2025-07-06 15:18:44.615427	0.60	4152.96
1583	\N	181	2025-01-24	5595.00	1	2025-07-06 15:18:44.815683	2025-07-06 15:18:44.815683	0.27	1500.00
1584	\N	30	2025-01-24	8660.00	1	2025-07-06 15:18:44.943624	2025-07-06 15:18:44.943624	1.00	8660.00
1585	\N	30	2025-01-24	8660.00	1	2025-07-06 15:18:45.174922	2025-07-06 15:18:45.174922	0.70	6062.00
1586	\N	38	2025-01-24	9080.00	1	2025-07-06 15:18:45.296621	2025-07-06 15:18:45.296621	0.80	7264.00
1587	\N	50	2025-01-24	4023.00	1	2025-07-06 15:18:45.421957	2025-07-06 15:18:45.421957	0.52	2100.00
1588	\N	155	2025-01-24	10406.51	1	2025-07-06 15:18:45.558522	2025-07-06 15:18:45.558522	0.50	5203.00
1589	\N	30	2025-01-24	4415.32	1	2025-07-06 15:18:45.686665	2025-07-06 15:18:45.686665	0.69	3065.32
1590	\N	31	2025-01-24	5110.00	1	2025-07-06 15:18:45.819678	2025-07-06 15:18:45.819678	0.50	2555.00
1591	\N	30	2025-01-24	7915.00	1	2025-07-06 15:18:45.942205	2025-07-06 15:18:45.942205	0.26	2059.87
1592	\N	32	2025-01-24	2195.00	1	2025-07-06 15:18:46.059913	2025-07-06 15:18:46.059913	0.70	1536.50
1593	\N	63	2025-01-24	6855.00	1	2025-07-06 15:18:46.182341	2025-07-06 15:18:46.182341	0.50	3427.50
1594	\N	63	2025-01-24	4000.00	1	2025-07-06 15:18:46.290476	2025-07-06 15:18:46.290476	0.50	2000.00
1595	\N	91	2025-01-27	6872.18	1	2025-07-06 15:18:46.401858	2025-07-06 15:18:46.401858	0.60	4123.31
1596	\N	80	2025-01-27	2010.00	1	2025-07-06 15:18:46.517541	2025-07-06 15:18:46.517541	0.33	670.00
1597	\N	30	2025-01-27	2105.00	1	2025-07-06 15:18:46.641896	2025-07-06 15:18:46.641896	0.58	1217.63
1598	\N	80	2025-01-27	1510.00	1	2025-07-06 15:18:46.75817	2025-07-06 15:18:46.75817	0.33	503.00
1599	\N	98	2025-01-27	13840.26	1	2025-07-06 15:18:46.873478	2025-07-06 15:18:46.873478	0.63	8728.86
1600	\N	30	2025-01-27	5080.00	1	2025-07-06 15:18:47.004254	2025-07-06 15:18:47.004254	0.55	2803.96
1601	\N	182	2025-01-27	10736.99	1	2025-07-06 15:18:47.239741	2025-07-06 15:18:47.239741	0.70	7500.00
1602	\N	183	2025-01-27	3375.00	1	2025-07-06 15:18:47.424352	2025-07-06 15:18:47.424352	0.65	2193.75
1603	\N	30	2025-01-27	10424.03	1	2025-07-06 15:18:47.544795	2025-07-06 15:18:47.544795	0.45	4709.66
1604	\N	31	2025-01-27	6675.00	1	2025-07-06 15:18:47.6694	2025-07-06 15:18:47.6694	0.50	3337.50
1605	\N	182	2025-01-27	10858.99	1	2025-07-06 15:18:47.798725	2025-07-06 15:18:47.798725	0.70	7600.00
1606	\N	30	2025-01-27	7195.00	1	2025-07-06 15:18:47.927058	2025-07-06 15:18:47.927058	0.50	3597.50
1607	\N	80	2025-01-28	5840.00	1	2025-07-06 15:18:48.047394	2025-07-06 15:18:48.047394	0.50	2920.00
1608	\N	35	2025-01-28	11465.00	1	2025-07-06 15:18:48.16451	2025-07-06 15:18:48.16451	0.59	6800.00
1609	\N	35	2025-01-28	15905.00	1	2025-07-06 15:18:48.294944	2025-07-06 15:18:48.294944	0.60	9500.00
1610	\N	30	2025-01-28	9788.90	1	2025-07-06 15:18:48.415126	2025-07-06 15:18:48.415126	0.46	4529.63
1611	\N	30	2025-01-28	4565.92	1	2025-07-06 15:18:48.530025	2025-07-06 15:18:48.530025	0.60	2739.56
1612	\N	31	2025-01-28	9446.17	1	2025-07-06 15:18:48.637579	2025-07-06 15:18:48.637579	0.50	4723.08
1613	\N	30	2025-01-29	6553.77	1	2025-07-06 15:18:48.759112	2025-07-06 15:18:48.759112	0.70	4587.64
1614	\N	53	2025-01-29	12586.28	1	2025-07-06 15:18:48.891176	2025-07-06 15:18:48.891176	0.60	7551.77
1615	\N	31	2025-01-29	4335.00	1	2025-07-06 15:18:49.020469	2025-07-06 15:18:49.020469	0.23	1000.00
1616	\N	50	2025-01-29	6154.14	1	2025-07-06 15:18:49.2515	2025-07-06 15:18:49.2515	0.40	2439.11
1617	\N	46	2025-01-29	4617.20	1	2025-07-06 15:18:49.376181	2025-07-06 15:18:49.376181	0.71	3300.00
1618	\N	33	2025-01-29	10745.00	1	2025-07-06 15:18:49.4852	2025-07-06 15:18:49.4852	0.65	6984.25
1619	\N	30	2025-01-29	4285.00	1	2025-07-06 15:18:49.598914	2025-07-06 15:18:49.598914	0.43	1844.74
1620	\N	30	2025-01-29	7150.75	1	2025-07-06 15:18:49.724803	2025-07-06 15:18:49.724803	0.51	3617.60
1621	\N	91	2025-01-29	1100.00	1	2025-07-06 15:18:49.850599	2025-07-06 15:18:49.850599	0.61	666.00
1622	\N	91	2025-01-29	4531.10	1	2025-07-06 15:18:49.96708	2025-07-06 15:18:49.96708	0.60	2718.60
1623	\N	95	2025-01-29	6745.00	1	2025-07-06 15:18:50.092038	2025-07-06 15:18:50.092038	0.55	3709.75
1624	\N	112	2025-01-29	5710.00	1	2025-07-06 15:18:50.225765	2025-07-06 15:18:50.225765	0.70	3997.00
1625	\N	30	2025-01-30	33407.13	1	2025-07-06 15:18:50.360596	2025-07-06 15:18:50.360596	0.00	0.00
1626	\N	30	2025-01-30	2450.54	1	2025-07-06 15:18:50.499998	2025-07-06 15:18:50.499998	0.55	1347.80
1627	\N	50	2025-01-30	3789.93	1	2025-07-06 15:18:50.635058	2025-07-06 15:18:50.635058	0.42	1582.19
1628	\N	50	2025-01-30	2190.00	1	2025-07-06 15:18:50.767919	2025-07-06 15:18:50.767919	0.39	854.87
1629	\N	30	2025-01-30	6615.00	1	2025-07-06 15:18:50.879801	2025-07-06 15:18:50.879801	0.70	4630.50
1630	\N	87	2025-01-30	9325.00	1	2025-07-06 15:18:50.99947	2025-07-06 15:18:50.99947	0.54	5000.00
1631	\N	33	2025-01-30	2125.00	1	2025-07-06 15:18:51.126753	2025-07-06 15:18:51.126753	0.45	950.00
1632	\N	50	2025-01-30	5500.00	1	2025-07-06 15:18:51.257438	2025-07-06 15:18:51.257438	0.58	3212.78
1633	\N	50	2025-01-30	5299.30	1	2025-07-06 15:18:51.378366	2025-07-06 15:18:51.378366	0.44	2329.49
1634	\N	50	2025-01-30	2755.88	1	2025-07-06 15:18:51.499779	2025-07-06 15:18:51.499779	0.39	1086.61
1635	\N	146	2025-01-30	9641.63	1	2025-07-06 15:18:51.645155	2025-07-06 15:18:51.645155	0.67	6500.00
1636	\N	31	2025-01-30	5315.00	1	2025-07-06 15:18:51.774829	2025-07-06 15:18:51.774829	0.50	2657.50
1637	\N	30	2025-01-31	4144.78	1	2025-07-06 15:18:51.897598	2025-07-06 15:18:51.897598	0.36	1481.33
1638	\N	30	2025-01-31	5837.15	1	2025-07-06 15:18:52.012807	2025-07-06 15:18:52.012807	0.23	1333.33
1639	\N	30	2025-01-31	6594.75	1	2025-07-06 15:18:52.128343	2025-07-06 15:18:52.128343	0.70	4616.33
1640	\N	30	2025-01-31	13464.32	1	2025-07-06 15:18:52.262221	2025-07-06 15:18:52.262221	0.64	8578.66
1641	\N	143	2025-01-31	8265.00	1	2025-07-06 15:18:52.370026	2025-07-06 15:18:52.370026	0.50	4132.50
1642	\N	50	2025-01-31	3194.16	1	2025-07-06 15:18:52.5922	2025-07-06 15:18:52.5922	0.47	1500.00
1643	\N	30	2025-01-31	4004.80	1	2025-07-06 15:18:52.710728	2025-07-06 15:18:52.710728	0.56	2229.52
1644	\N	63	2025-01-31	5060.00	1	2025-07-06 15:18:52.835827	2025-07-06 15:18:52.835827	0.50	2512.50
1645	\N	146	2025-02-03	1400.25	1	2025-07-06 15:18:52.950996	2025-07-06 15:18:52.950996	0.36	500.00
1646	\N	83	2025-02-03	13257.00	1	2025-07-06 15:18:53.090935	2025-07-06 15:18:53.090935	0.65	8617.05
1647	\N	102	2025-02-03	2555.00	1	2025-07-06 15:18:53.234396	2025-07-06 15:18:53.234396	0.67	1703.33
1648	\N	31	2025-02-03	3075.00	1	2025-07-06 15:18:53.386479	2025-07-06 15:18:53.386479	0.52	1600.00
1649	\N	30	2025-02-03	6160.00	1	2025-07-06 15:18:53.512453	2025-07-06 15:18:53.512453	0.60	3696.00
1650	\N	30	2025-02-03	3550.00	1	2025-07-06 15:18:53.644431	2025-07-06 15:18:53.644431	0.60	2130.00
1651	\N	184	2025-02-03	6775.00	1	2025-07-06 15:18:53.853222	2025-07-06 15:18:53.853222	0.50	3387.50
1652	\N	35	2025-02-04	11210.00	1	2025-07-06 15:18:53.98782	2025-07-06 15:18:53.98782	0.54	6000.00
1653	\N	33	2025-02-04	5575.00	1	2025-07-06 15:18:54.13028	2025-07-06 15:18:54.13028	0.54	3000.00
1654	\N	63	2025-02-04	2095.00	1	2025-07-06 15:18:54.263327	2025-07-06 15:18:54.263327	0.50	1047.50
1655	\N	30	2025-02-04	12243.75	1	2025-07-06 15:18:54.397918	2025-07-06 15:18:54.397918	0.41	5076.21
1656	\N	30	2025-02-04	10375.19	1	2025-07-06 15:18:54.513448	2025-07-06 15:18:54.513448	0.45	4666.67
1657	\N	30	2025-02-04	10593.81	1	2025-07-06 15:18:54.643913	2025-07-06 15:18:54.643913	0.44	4666.67
1658	\N	185	2025-02-04	10325.00	1	2025-07-06 15:18:54.889582	2025-07-06 15:18:54.889582	0.50	5200.00
1659	\N	63	2025-02-04	5350.33	1	2025-07-06 15:18:55.021565	2025-07-06 15:18:55.021565	0.50	2675.00
1660	\N	63	2025-02-04	4841.38	1	2025-07-06 15:18:55.276245	2025-07-06 15:18:55.276245	0.50	2422.00
1661	\N	63	2025-02-04	5305.80	1	2025-07-06 15:18:55.429226	2025-07-06 15:18:55.429226	0.50	2654.00
1662	\N	107	2025-02-05	16728.70	1	2025-07-06 15:18:55.552026	2025-07-06 15:18:55.552026	0.65	10873.66
1663	\N	30	2025-02-05	12131.17	1	2025-07-06 15:18:55.785364	2025-07-06 15:18:55.785364	0.15	1805.67
1664	\N	105	2025-02-05	4210.00	1	2025-07-06 15:18:55.910542	2025-07-06 15:18:55.910542	0.42	1750.00
1665	\N	50	2025-02-05	5894.19	1	2025-07-06 15:18:56.16341	2025-07-06 15:18:56.16341	0.51	3000.00
1666	\N	186	2025-02-05	8415.00	1	2025-07-06 15:18:56.3815	2025-07-06 15:18:56.3815	0.50	4200.00
1667	\N	30	2025-02-05	9613.96	1	2025-07-06 15:18:56.492874	2025-07-06 15:18:56.492874	0.76	7271.00
1668	\N	31	2025-02-05	5120.00	1	2025-07-06 15:18:56.605559	2025-07-06 15:18:56.605559	0.50	2560.00
1669	\N	64	2025-02-06	7962.05	1	2025-07-06 15:18:56.719254	2025-07-06 15:18:56.719254	0.50	3982.00
1670	\N	187	2025-02-06	9015.75	1	2025-07-06 15:18:57.032362	2025-07-06 15:18:57.032362	0.60	5409.00
1671	\N	29	2025-02-06	6575.00	1	2025-07-06 15:18:57.153583	2025-07-06 15:18:57.153583	0.27	1800.00
1672	\N	80	2025-02-06	1395.00	1	2025-07-06 15:18:57.283117	2025-07-06 15:18:57.283117	3.58	5000.00
1673	\N	90	2025-02-06	9936.72	1	2025-07-06 15:18:57.408045	2025-07-06 15:18:57.408045	0.65	6458.85
1674	\N	177	2025-02-06	4330.00	1	2025-07-06 15:18:57.558368	2025-07-06 15:18:57.558368	0.60	2598.00
1675	\N	30	2025-02-06	4036.66	1	2025-07-06 15:18:57.696015	2025-07-06 15:18:57.696015	0.52	2100.00
1676	\N	188	2025-02-06	5245.00	1	2025-07-06 15:18:57.906145	2025-07-06 15:18:57.906145	0.51	2700.00
1677	\N	95	2025-02-06	7846.86	1	2025-07-06 15:18:58.023876	2025-07-06 15:18:58.023876	0.43	3374.12
1678	\N	29	2025-02-06	11611.50	1	2025-07-06 15:18:58.158826	2025-07-06 15:18:58.158826	0.50	5748.21
1679	\N	29	2025-02-06	11036.78	1	2025-07-06 15:18:58.277465	2025-07-06 15:18:58.277465	0.47	5200.00
1680	\N	189	2025-02-06	9175.00	1	2025-07-06 15:18:58.560607	2025-07-06 15:18:58.560607	0.50	4600.00
1681	\N	36	2025-02-06	10820.00	1	2025-07-06 15:18:58.786873	2025-07-06 15:18:58.786873	0.39	4166.67
1682	\N	176	2025-02-07	4380.00	1	2025-07-06 15:18:58.974909	2025-07-06 15:18:58.974909	0.50	2190.00
1683	\N	95	2025-02-07	1530.00	1	2025-07-06 15:18:59.214056	2025-07-06 15:18:59.214056	0.55	841.50
1684	\N	29	2025-02-07	13045.00	1	2025-07-06 15:18:59.45619	2025-07-06 15:18:59.45619	0.59	7645.00
1685	\N	29	2025-02-07	10085.00	1	2025-07-06 15:18:59.679065	2025-07-06 15:18:59.679065	0.60	6051.00
1686	\N	29	2025-02-07	10188.95	1	2025-07-06 15:18:59.951142	2025-07-06 15:18:59.951142	0.57	5804.92
1687	\N	70	2025-02-07	2120.00	1	2025-07-06 15:19:00.349706	2025-07-06 15:19:00.349706	0.60	1272.00
1688	\N	29	2025-02-07	6485.79	1	2025-07-06 15:19:00.523696	2025-07-06 15:19:00.523696	0.56	3600.00
1689	\N	29	2025-02-07	11185.00	1	2025-07-06 15:19:00.846356	2025-07-06 15:19:00.846356	0.60	6750.00
1690	\N	87	2025-02-07	1930.00	1	2025-07-06 15:19:01.079357	2025-07-06 15:19:01.079357	0.60	1158.00
1691	\N	30	2025-02-10	7454.67	1	2025-07-06 15:19:01.322502	2025-07-06 15:19:01.322502	0.60	4454.66
1692	\N	29	2025-02-10	13325.17	1	2025-07-06 15:19:01.538272	2025-07-06 15:19:01.538272	0.20	2620.81
1693	\N	29	2025-02-10	7685.00	1	2025-07-06 15:19:01.750983	2025-07-06 15:19:01.750983	0.60	4611.00
1694	\N	29	2025-02-10	13838.69	1	2025-07-06 15:19:01.980229	2025-07-06 15:19:01.980229	0.60	8303.21
1695	\N	29	2025-02-10	13930.00	1	2025-07-06 15:19:02.444246	2025-07-06 15:19:02.444246	0.65	9100.00
1696	\N	29	2025-02-10	718.22	1	2025-07-06 15:19:02.705072	2025-07-06 15:19:02.705072	0.60	431.47
1697	\N	51	2025-02-10	8942.42	1	2025-07-06 15:19:03.067273	2025-07-06 15:19:03.067273	0.50	4471.21
1698	\N	53	2025-02-10	11035.00	1	2025-07-06 15:19:03.273672	2025-07-06 15:19:03.273672	0.50	5517.50
1699	\N	29	2025-02-10	14145.00	1	2025-07-06 15:19:03.705893	2025-07-06 15:19:03.705893	0.60	8487.00
1700	\N	29	2025-02-10	9690.00	1	2025-07-06 15:19:03.911139	2025-07-06 15:19:03.911139	0.68	6575.00
1701	\N	29	2025-02-10	11755.00	1	2025-07-06 15:19:04.193552	2025-07-06 15:19:04.193552	0.60	7030.00
1702	\N	63	2025-02-11	11042.76	1	2025-07-06 15:19:04.610125	2025-07-06 15:19:04.610125	0.50	5521.76
1703	\N	29	2025-02-11	12419.58	1	2025-07-06 15:19:04.864923	2025-07-06 15:19:04.864923	0.60	7451.74
1704	\N	29	2025-02-11	2962.90	1	2025-07-06 15:19:05.13344	2025-07-06 15:19:05.13344	0.60	1777.74
1705	\N	29	2025-02-11	12418.28	1	2025-07-06 15:19:05.399064	2025-07-06 15:19:05.399064	0.60	7450.96
1706	\N	29	2025-02-11	11706.62	1	2025-07-06 15:19:05.621585	2025-07-06 15:19:05.621585	0.60	7023.96
1707	\N	29	2025-02-11	5810.00	1	2025-07-06 15:19:05.942433	2025-07-06 15:19:05.942433	0.60	3470.00
1708	\N	29	2025-02-11	17780.00	1	2025-07-06 15:19:06.170075	2025-07-06 15:19:06.170075	0.62	11100.00
1709	\N	29	2025-02-11	17780.00	1	2025-07-06 15:19:06.577875	2025-07-06 15:19:06.577875	0.62	11100.00
1710	\N	29	2025-02-11	9085.00	1	2025-07-06 15:19:06.792025	2025-07-06 15:19:06.792025	0.50	4542.50
1711	\N	29	2025-02-11	4605.00	1	2025-07-06 15:19:07.144153	2025-07-06 15:19:07.144153	0.62	2855.00
1712	\N	29	2025-02-11	10725.00	1	2025-07-06 15:19:07.384805	2025-07-06 15:19:07.384805	0.66	7125.00
1713	\N	29	2025-02-11	12425.00	1	2025-07-06 15:19:07.592601	2025-07-06 15:19:07.592601	0.58	7225.00
1714	\N	29	2025-02-11	10637.96	1	2025-07-06 15:19:07.824958	2025-07-06 15:19:07.824958	0.71	7537.96
1715	\N	29	2025-02-11	8360.00	1	2025-07-06 15:19:08.073066	2025-07-06 15:19:08.073066	0.60	5016.00
1716	\N	72	2025-02-11	5265.00	1	2025-07-06 15:19:08.273472	2025-07-06 15:19:08.273472	0.50	2632.50
1717	\N	29	2025-02-11	4532.50	1	2025-07-06 15:19:08.687962	2025-07-06 15:19:08.687962	0.60	2719.50
1718	\N	67	2025-02-11	12960.00	1	2025-07-06 15:19:08.952529	2025-07-06 15:19:08.952529	0.16	2073.60
1719	\N	29	2025-02-11	13262.10	1	2025-07-06 15:19:09.216936	2025-07-06 15:19:09.216936	0.50	6653.00
1720	\N	29	2025-02-11	6473.67	1	2025-07-06 15:19:09.437765	2025-07-06 15:19:09.437765	0.65	4207.88
1721	\N	29	2025-02-11	2340.00	1	2025-07-06 15:19:09.627857	2025-07-06 15:19:09.627857	0.59	1390.00
1722	\N	80	2025-02-11	2120.47	1	2025-07-06 15:19:09.857383	2025-07-06 15:19:09.857383	0.60	1272.28
1723	\N	29	2025-02-11	2205.00	1	2025-07-06 15:19:10.090885	2025-07-06 15:19:10.090885	0.64	1405.00
1724	\N	80	2025-02-11	10151.87	1	2025-07-06 15:19:10.247227	2025-07-06 15:19:10.247227	0.50	5075.94
1725	\N	29	2025-02-11	11795.00	1	2025-07-06 15:19:10.635018	2025-07-06 15:19:10.635018	0.55	6472.25
1726	\N	29	2025-02-11	11048.61	1	2025-07-06 15:19:10.84817	2025-07-06 15:19:10.84817	0.60	6629.16
1727	\N	29	2025-02-11	6720.00	1	2025-07-06 15:19:11.068853	2025-07-06 15:19:11.068853	0.60	4032.00
1728	\N	29	2025-02-11	16875.00	1	2025-07-06 15:19:11.286907	2025-07-06 15:19:11.286907	0.60	10125.00
1729	\N	29	2025-02-11	10875.00	1	2025-07-06 15:19:11.536042	2025-07-06 15:19:11.536042	0.64	6925.00
1730	\N	29	2025-02-11	11937.61	1	2025-07-06 15:19:11.813471	2025-07-06 15:19:11.813471	0.60	7162.56
1731	\N	80	2025-02-11	10250.04	1	2025-07-06 15:19:12.059779	2025-07-06 15:19:12.059779	0.50	5125.02
1732	\N	29	2025-02-11	707.90	1	2025-07-06 15:19:12.38719	2025-07-06 15:19:12.38719	0.58	407.90
1733	\N	29	2025-02-11	11465.41	1	2025-07-06 15:19:12.677055	2025-07-06 15:19:12.677055	0.30	3465.41
1734	\N	29	2025-02-11	7781.25	1	2025-07-06 15:19:12.883707	2025-07-06 15:19:12.883707	0.66	5126.25
1735	\N	190	2025-02-11	6695.00	1	2025-07-06 15:19:13.215881	2025-07-06 15:19:13.215881	0.51	3400.00
1736	\N	29	2025-02-11	9565.17	1	2025-07-06 15:19:13.409956	2025-07-06 15:19:13.409956	0.60	5739.10
1737	\N	29	2025-02-11	5910.79	1	2025-07-06 15:19:13.629568	2025-07-06 15:19:13.629568	0.52	3080.00
1738	\N	29	2025-02-11	9330.00	1	2025-07-06 15:19:13.813211	2025-07-06 15:19:13.813211	0.52	4830.00
1739	\N	29	2025-02-11	6126.70	1	2025-07-06 15:19:14.054072	2025-07-06 15:19:14.054072	0.60	3674.22
1740	\N	191	2025-02-11	7807.24	1	2025-07-06 15:19:14.374831	2025-07-06 15:19:14.374831	0.65	5100.00
1741	\N	36	2025-02-12	9202.12	1	2025-07-06 15:19:14.563426	2025-07-06 15:19:14.563426	0.76	6950.00
1742	\N	29	2025-02-12	8570.00	1	2025-07-06 15:19:14.950284	2025-07-06 15:19:14.950284	0.59	5052.00
1743	\N	29	2025-02-12	9715.50	1	2025-07-06 15:19:15.205613	2025-07-06 15:19:15.205613	0.60	5829.30
1744	\N	192	2025-02-12	2619.76	1	2025-07-06 15:19:15.556393	2025-07-06 15:19:15.556393	0.00	0.00
1745	\N	29	2025-02-12	7498.74	1	2025-07-06 15:19:15.765278	2025-07-06 15:19:15.765278	0.52	3871.47
1746	\N	29	2025-02-12	11950.95	1	2025-07-06 15:19:16.021619	2025-07-06 15:19:16.021619	0.50	5975.47
1747	\N	31	2025-02-12	15962.75	1	2025-07-06 15:19:16.275192	2025-07-06 15:19:16.275192	0.50	7981.38
1748	\N	190	2025-02-12	8040.00	1	2025-07-06 15:19:16.610688	2025-07-06 15:19:16.610688	0.51	4100.00
1749	\N	190	2025-02-12	7860.00	1	2025-07-06 15:19:16.888834	2025-07-06 15:19:16.888834	0.51	4000.00
1750	\N	190	2025-02-12	10025.00	1	2025-07-06 15:19:17.127125	2025-07-06 15:19:17.127125	0.51	5100.00
1751	\N	29	2025-02-12	12215.00	1	2025-07-06 15:19:17.378959	2025-07-06 15:19:17.378959	0.50	6107.50
1752	\N	29	2025-02-13	7266.05	1	2025-07-06 15:19:17.623284	2025-07-06 15:19:17.623284	0.58	4240.00
1753	\N	29	2025-02-13	13815.73	1	2025-07-06 15:19:17.81332	2025-07-06 15:19:17.81332	0.55	7598.65
1754	\N	29	2025-02-13	8495.69	1	2025-07-06 15:19:18.018238	2025-07-06 15:19:18.018238	0.60	5097.00
1755	\N	29	2025-02-13	11058.98	1	2025-07-06 15:19:18.211042	2025-07-06 15:19:18.211042	0.59	6473.27
1756	\N	29	2025-02-13	13023.66	1	2025-07-06 15:19:18.396548	2025-07-06 15:19:18.396548	0.65	8464.78
1757	\N	29	2025-02-13	9062.62	1	2025-07-06 15:19:18.646619	2025-07-06 15:19:18.646619	0.67	6061.80
1758	\N	30	2025-02-13	11725.17	1	2025-07-06 15:19:18.867194	2025-07-06 15:19:18.867194	0.31	3674.58
1759	\N	29	2025-02-13	4280.00	1	2025-07-06 15:19:19.107009	2025-07-06 15:19:19.107009	0.58	2480.00
1760	\N	190	2025-02-13	6885.00	1	2025-07-06 15:19:19.349172	2025-07-06 15:19:19.349172	0.60	4100.00
1761	\N	63	2025-02-13	2693.69	1	2025-07-06 15:19:19.799459	2025-07-06 15:19:19.799459	0.50	1348.00
1762	\N	29	2025-02-13	16897.08	1	2025-07-06 15:19:20.023045	2025-07-06 15:19:20.023045	0.58	9880.00
1763	\N	30	2025-02-13	13416.46	1	2025-07-06 15:19:20.248171	2025-07-06 15:19:20.248171	0.53	7108.32
1764	\N	29	2025-02-13	13700.00	1	2025-07-06 15:19:20.4403	2025-07-06 15:19:20.4403	0.65	8905.00
1765	\N	30	2025-02-13	8680.00	1	2025-07-06 15:19:20.710522	2025-07-06 15:19:20.710522	0.70	6076.00
1766	\N	29	2025-02-13	9635.00	1	2025-07-06 15:19:20.950527	2025-07-06 15:19:20.950527	0.57	5499.25
1767	\N	29	2025-02-13	12155.00	1	2025-07-06 15:19:21.155268	2025-07-06 15:19:21.155268	0.55	6685.25
1768	\N	29	2025-02-13	3350.00	1	2025-07-06 15:19:21.417215	2025-07-06 15:19:21.417215	0.55	1850.00
1769	\N	29	2025-02-13	7545.00	1	2025-07-06 15:19:21.775449	2025-07-06 15:19:21.775449	0.60	4527.00
1770	\N	29	2025-02-13	10155.00	1	2025-07-06 15:19:22.045802	2025-07-06 15:19:22.045802	0.58	5900.00
1771	\N	29	2025-02-13	10996.39	1	2025-07-06 15:19:22.261743	2025-07-06 15:19:22.261743	0.65	7149.50
1772	\N	30	2025-02-13	4945.00	1	2025-07-06 15:19:22.461501	2025-07-06 15:19:22.461501	0.39	1923.19
1773	\N	29	2025-02-13	10385.00	1	2025-07-06 15:19:22.680188	2025-07-06 15:19:22.680188	0.60	6240.00
1774	\N	29	2025-02-13	8810.00	1	2025-07-06 15:19:23.010152	2025-07-06 15:19:23.010152	0.54	4764.75
1775	\N	29	2025-02-13	8810.00	1	2025-07-06 15:19:23.249064	2025-07-06 15:19:23.249064	0.54	4764.75
1776	\N	29	2025-02-13	7435.00	1	2025-07-06 15:19:23.600814	2025-07-06 15:19:23.600814	0.60	4461.00
1777	\N	33	2025-02-13	8270.00	1	2025-07-06 15:19:23.825071	2025-07-06 15:19:23.825071	0.60	4962.00
1778	\N	30	2025-02-13	7535.00	1	2025-07-06 15:19:24.040135	2025-07-06 15:19:24.040135	0.67	5035.00
1779	\N	29	2025-02-13	5659.30	1	2025-07-06 15:19:24.25781	2025-07-06 15:19:24.25781	0.60	3395.58
1780	\N	29	2025-02-13	3928.97	1	2025-07-06 15:19:24.579428	2025-07-06 15:19:24.579428	0.67	2648.97
1781	\N	30	2025-02-13	9912.35	1	2025-07-06 15:19:24.81824	2025-07-06 15:19:24.81824	0.61	6053.00
1782	\N	29	2025-02-13	4670.00	1	2025-07-06 15:19:25.045077	2025-07-06 15:19:25.045077	0.60	2802.00
1783	\N	29	2025-02-13	5744.87	1	2025-07-06 15:19:25.355166	2025-07-06 15:19:25.355166	0.60	3446.92
1784	\N	30	2025-02-14	1759.30	1	2025-07-06 15:19:25.6406	2025-07-06 15:19:25.6406	0.76	1333.33
1785	\N	29	2025-02-14	18187.61	1	2025-07-06 15:19:26.080047	2025-07-06 15:19:26.080047	0.55	10003.18
1786	\N	29	2025-02-14	7038.48	1	2025-07-06 15:19:26.324184	2025-07-06 15:19:26.324184	0.57	4000.00
1787	\N	29	2025-02-14	8672.21	1	2025-07-06 15:19:26.543995	2025-07-06 15:19:26.543995	0.56	4880.00
1788	\N	29	2025-02-14	10924.29	1	2025-07-06 15:19:26.770742	2025-07-06 15:19:26.770742	0.60	6511.37
1789	\N	29	2025-02-14	4698.88	1	2025-07-06 15:19:26.95549	2025-07-06 15:19:26.95549	0.51	2400.00
1790	\N	30	2025-02-14	8102.90	1	2025-07-06 15:19:27.13911	2025-07-06 15:19:27.13911	0.47	3802.05
1791	\N	30	2025-02-14	2810.00	1	2025-07-06 15:19:27.508385	2025-07-06 15:19:27.508385	0.68	1904.00
1792	\N	29	2025-02-14	11036.00	1	2025-07-06 15:19:27.680416	2025-07-06 15:19:27.680416	0.50	5520.00
1793	\N	29	2025-02-14	11036.78	1	2025-07-06 15:19:28.014087	2025-07-06 15:19:28.014087	0.50	5520.00
1794	\N	30	2025-02-14	7165.00	1	2025-07-06 15:19:28.261912	2025-07-06 15:19:28.261912	0.64	4580.80
1795	\N	29	2025-02-14	11611.50	1	2025-07-06 15:19:28.477458	2025-07-06 15:19:28.477458	0.50	5748.21
1796	\N	29	2025-02-14	5500.00	1	2025-07-06 15:19:28.808558	2025-07-06 15:19:28.808558	0.55	3025.00
1797	\N	30	2025-02-14	4252.28	1	2025-07-06 15:19:29.019447	2025-07-06 15:19:29.019447	0.42	1777.93
1798	\N	29	2025-02-14	10580.00	1	2025-07-06 15:19:29.228226	2025-07-06 15:19:29.228226	0.60	6348.00
1799	\N	29	2025-02-14	8681.45	1	2025-07-06 15:19:29.520204	2025-07-06 15:19:29.520204	0.57	4974.88
1800	\N	30	2025-02-14	8984.59	1	2025-07-06 15:19:29.706512	2025-07-06 15:19:29.706512	0.50	4514.65
1801	\N	29	2025-02-14	12745.00	1	2025-07-06 15:19:30.069509	2025-07-06 15:19:30.069509	0.60	7647.00
1802	\N	29	2025-02-14	890.00	1	2025-07-06 15:19:30.347686	2025-07-06 15:19:30.347686	0.40	356.00
1803	\N	29	2025-02-14	10155.18	1	2025-07-06 15:19:30.553391	2025-07-06 15:19:30.553391	0.60	6050.00
1804	\N	30	2025-02-14	12533.28	1	2025-07-06 15:19:30.771824	2025-07-06 15:19:30.771824	0.56	7062.00
1805	\N	29	2025-02-14	7720.00	1	2025-07-06 15:19:31.052919	2025-07-06 15:19:31.052919	0.52	4000.00
1806	\N	30	2025-02-14	3460.66	1	2025-07-06 15:19:31.263937	2025-07-06 15:19:31.263937	0.49	1679.32
1807	\N	30	2025-02-14	2470.00	1	2025-07-06 15:19:31.491099	2025-07-06 15:19:31.491099	0.70	1729.00
1808	\N	50	2025-02-18	823.10	1	2025-07-06 15:19:31.806964	2025-07-06 15:19:31.806964	0.67	550.00
1809	\N	29	2025-02-18	16815.00	1	2025-07-06 15:19:32.183053	2025-07-06 15:19:32.183053	0.58	9800.00
1810	\N	30	2025-02-18	9977.59	1	2025-07-06 15:19:32.45322	2025-07-06 15:19:32.45322	0.55	5465.61
1811	\N	29	2025-02-18	6505.00	1	2025-07-06 15:19:32.704201	2025-07-06 15:19:32.704201	0.60	3900.00
1812	\N	193	2025-02-18	6965.00	1	2025-07-06 15:19:33.056259	2025-07-06 15:19:33.056259	0.30	2089.50
1813	\N	30	2025-02-18	12086.40	1	2025-07-06 15:19:33.25694	2025-07-06 15:19:33.25694	0.25	3042.79
1814	\N	29	2025-02-18	5062.54	1	2025-07-06 15:19:33.47086	2025-07-06 15:19:33.47086	0.55	2784.48
1815	\N	29	2025-02-18	8585.00	1	2025-07-06 15:19:33.727381	2025-07-06 15:19:33.727381	0.60	5120.00
1816	\N	29	2025-02-18	13335.05	1	2025-07-06 15:19:34.083605	2025-07-06 15:19:34.083605	0.60	8001.03
1817	\N	30	2025-02-18	12757.63	1	2025-07-06 15:19:34.299932	2025-07-06 15:19:34.299932	0.34	4366.66
1818	\N	29	2025-02-18	10615.00	1	2025-07-06 15:19:34.633635	2025-07-06 15:19:34.633635	0.32	3439.50
1819	\N	30	2025-02-18	2272.11	1	2025-07-06 15:19:34.928917	2025-07-06 15:19:34.928917	0.75	1706.00
1820	\N	30	2025-02-18	4313.98	1	2025-07-06 15:19:35.108533	2025-07-06 15:19:35.108533	0.70	3019.79
1821	\N	30	2025-05-15	6286.50	1	2025-07-06 15:19:35.322917	2025-07-06 15:19:35.322917	0.65	4086.23
1822	\N	36	2025-02-18	9515.00	1	2025-07-06 15:19:35.53739	2025-07-06 15:19:35.53739	0.61	5800.00
1823	\N	36	2025-02-18	3795.00	1	2025-07-06 15:19:35.768405	2025-07-06 15:19:35.768405	0.42	1600.00
1824	\N	194	2025-02-18	1280.00	1	2025-07-06 15:19:36.235109	2025-07-06 15:19:36.235109	0.77	984.87
1825	\N	29	2025-02-18	12125.00	1	2025-07-06 15:19:36.454124	2025-07-06 15:19:36.454124	0.52	6300.00
1826	\N	29	2025-02-18	3940.00	1	2025-07-06 15:19:36.708125	2025-07-06 15:19:36.708125	0.55	2167.00
1827	\N	144	2025-02-18	4075.00	1	2025-07-06 15:19:36.903684	2025-07-06 15:19:36.903684	0.50	2035.50
1828	\N	144	2025-02-18	4040.00	1	2025-07-06 15:19:37.123949	2025-07-06 15:19:37.123949	0.50	2020.00
1829	\N	29	2025-02-18	13250.00	1	2025-07-06 15:19:37.346476	2025-07-06 15:19:37.346476	0.70	9275.00
1830	\N	29	2025-02-18	10040.00	1	2025-07-06 15:19:37.565162	2025-07-06 15:19:37.565162	0.56	5600.00
1831	\N	29	2025-02-18	10407.16	1	2025-07-06 15:19:37.865221	2025-07-06 15:19:37.865221	0.51	5307.16
1832	\N	195	2025-02-18	8209.27	1	2025-07-06 15:19:38.469891	2025-07-06 15:19:38.469891	0.32	2648.57
1833	\N	30	2025-02-18	9689.42	1	2025-07-06 15:19:38.75336	2025-07-06 15:19:38.75336	0.23	2246.66
1834	\N	29	2025-02-19	3545.94	1	2025-07-06 15:19:38.966283	2025-07-06 15:19:38.966283	0.35	1241.06
1835	\N	29	2025-02-19	7785.00	1	2025-07-06 15:19:39.225593	2025-07-06 15:19:39.225593	0.50	3885.00
1836	\N	29	2025-02-19	7785.00	1	2025-07-06 15:19:39.471999	2025-07-06 15:19:39.471999	0.50	3885.00
1837	\N	29	2025-02-19	2390.00	1	2025-07-06 15:19:39.830713	2025-07-06 15:19:39.830713	0.40	956.00
1838	\N	29	2025-02-19	11715.00	1	2025-07-06 15:19:40.071246	2025-07-06 15:19:40.071246	0.40	4686.00
1839	\N	80	2025-02-19	6920.00	1	2025-07-06 15:19:40.530715	2025-07-06 15:19:40.530715	0.50	3460.00
1840	\N	30	2025-02-19	7070.18	1	2025-07-06 15:19:40.787608	2025-07-06 15:19:40.787608	0.54	3836.89
1841	\N	196	2025-02-19	6480.00	1	2025-07-06 15:19:41.174348	2025-07-06 15:19:41.174348	0.46	3000.00
1842	\N	29	2025-02-19	8240.00	1	2025-07-06 15:19:41.381359	2025-07-06 15:19:41.381359	0.55	4532.00
1843	\N	197	2025-02-19	6930.00	1	2025-07-06 15:19:41.743167	2025-07-06 15:19:41.743167	0.50	3465.00
1844	\N	198	2025-02-19	7694.97	1	2025-07-06 15:19:42.374167	2025-07-06 15:19:42.374167	0.40	3077.99
1845	\N	29	2025-02-19	2803.18	1	2025-07-06 15:19:42.578983	2025-07-06 15:19:42.578983	0.54	1500.00
1846	\N	199	2025-02-19	7140.00	1	2025-07-06 15:19:42.975152	2025-07-06 15:19:42.975152	0.65	4641.00
1847	\N	29	2025-02-19	5710.00	1	2025-07-06 15:19:43.294672	2025-07-06 15:19:43.294672	0.60	3426.00
1848	\N	199	2025-02-19	5930.00	1	2025-07-06 15:19:43.562048	2025-07-06 15:19:43.562048	0.50	2965.00
1849	\N	30	2025-02-19	12798.72	1	2025-07-06 15:19:43.777574	2025-07-06 15:19:43.777574	0.46	5877.38
1850	\N	29	2025-02-19	7980.00	1	2025-07-06 15:19:43.988419	2025-07-06 15:19:43.988419	0.61	4900.00
1851	\N	30	2025-02-19	6080.00	1	2025-07-06 15:19:44.220984	2025-07-06 15:19:44.220984	0.67	4066.29
1852	\N	29	2025-02-19	12051.01	1	2025-07-06 15:19:44.636455	2025-07-06 15:19:44.636455	0.50	5975.00
1853	\N	200	2025-02-19	21240.22	1	2025-07-06 15:19:44.977496	2025-07-06 15:19:44.977496	0.60	12744.13
1854	\N	29	2025-02-20	14582.58	1	2025-07-06 15:19:45.217678	2025-07-06 15:19:45.217678	0.50	7291.28
1855	\N	30	2025-02-20	615.25	1	2025-07-06 15:19:45.427305	2025-07-06 15:19:45.427305	0.60	371.67
1856	\N	29	2025-02-20	9796.11	1	2025-07-06 15:19:45.686524	2025-07-06 15:19:45.686524	0.60	5877.66
1857	\N	67	2025-02-20	10590.00	1	2025-07-06 15:19:46.002994	2025-07-06 15:19:46.002994	0.52	5506.80
1858	\N	29	2025-02-20	5530.00	1	2025-07-06 15:19:46.228515	2025-07-06 15:19:46.228515	0.33	1845.64
1859	\N	29	2025-02-20	7925.00	1	2025-07-06 15:19:46.438764	2025-07-06 15:19:46.438764	0.55	4358.75
1860	\N	67	2025-02-20	7130.00	1	2025-07-06 15:19:46.749925	2025-07-06 15:19:46.749925	0.50	3565.00
1861	\N	67	2025-02-20	14811.75	1	2025-07-06 15:19:46.991181	2025-07-06 15:19:46.991181	0.90	13330.75
1862	\N	91	2025-02-20	3862.85	1	2025-07-06 15:19:47.199908	2025-07-06 15:19:47.199908	0.35	1352.00
1863	\N	91	2025-02-20	7718.59	1	2025-07-06 15:19:47.382665	2025-07-06 15:19:47.382665	0.40	3087.40
1864	\N	190	2025-02-20	1445.00	1	2025-07-06 15:19:47.605919	2025-07-06 15:19:47.605919	0.50	722.50
1865	\N	190	2025-02-20	4800.00	1	2025-07-06 15:19:47.825302	2025-07-06 15:19:47.825302	0.50	2400.00
1866	\N	67	2025-02-20	6250.00	1	2025-07-06 15:19:48.04607	2025-07-06 15:19:48.04607	0.50	3125.00
1867	\N	67	2025-02-20	10370.00	1	2025-07-06 15:19:48.331944	2025-07-06 15:19:48.331944	0.48	5000.00
1868	\N	30	2025-02-20	11515.67	1	2025-07-06 15:19:48.677832	2025-07-06 15:19:48.677832	0.36	4171.89
1869	\N	29	2025-02-20	9910.00	1	2025-07-06 15:19:48.859136	2025-07-06 15:19:48.859136	0.60	5946.00
1870	\N	29	2025-02-20	8622.74	1	2025-07-06 15:19:49.087855	2025-07-06 15:19:49.087855	0.34	2900.00
1871	\N	80	2025-02-20	6445.00	1	2025-07-06 15:19:49.426866	2025-07-06 15:19:49.426866	0.60	3867.00
1872	\N	201	2025-02-20	6958.56	1	2025-07-06 15:19:49.787246	2025-07-06 15:19:49.787246	0.78	5450.00
1873	\N	30	2025-02-20	5675.59	1	2025-07-06 15:19:50.070694	2025-07-06 15:19:50.070694	0.52	2944.53
1874	\N	91	2025-02-20	10580.14	1	2025-07-06 15:19:50.378459	2025-07-06 15:19:50.378459	0.40	4232.00
1875	\N	30	2025-02-20	7200.00	1	2025-07-06 15:19:50.588535	2025-07-06 15:19:50.588535	0.49	3550.50
1876	\N	29	2025-02-21	12030.00	1	2025-07-06 15:19:50.983764	2025-07-06 15:19:50.983764	0.50	6015.00
1877	\N	29	2025-02-21	6055.00	1	2025-07-06 15:19:51.228775	2025-07-06 15:19:51.228775	0.50	3027.50
1878	\N	29	2025-02-21	7700.00	1	2025-07-06 15:19:51.468761	2025-07-06 15:19:51.468761	0.69	5350.00
1879	\N	29	2025-02-21	12011.30	1	2025-07-06 15:19:51.798782	2025-07-06 15:19:51.798782	0.51	6111.30
1880	\N	30	2025-02-21	3475.00	1	2025-07-06 15:19:52.01619	2025-07-06 15:19:52.01619	0.57	1976.00
1881	\N	29	2025-02-21	11939.52	1	2025-07-06 15:19:52.344567	2025-07-06 15:19:52.344567	0.54	6500.00
1882	\N	30	2025-02-21	7070.18	1	2025-07-06 15:19:52.541805	2025-07-06 15:19:52.541805	0.54	3836.89
1883	\N	29	2025-02-21	9060.00	1	2025-07-06 15:19:52.747082	2025-07-06 15:19:52.747082	0.60	5450.00
1884	\N	29	2025-02-21	500.00	1	2025-07-06 15:19:53.017715	2025-07-06 15:19:53.017715	0.33	166.67
1885	\N	29	2025-02-21	2635.00	1	2025-07-06 15:19:53.359898	2025-07-06 15:19:53.359898	0.50	1320.00
1886	\N	29	2025-02-21	550.00	1	2025-07-06 15:19:53.570733	2025-07-06 15:19:53.570733	0.70	385.00
1887	\N	30	2025-02-21	1285.00	1	2025-07-06 15:19:53.788287	2025-07-06 15:19:53.788287	0.70	899.50
1888	\N	29	2025-02-21	7815.00	1	2025-07-06 15:19:54.004474	2025-07-06 15:19:54.004474	0.61	4754.00
1889	\N	30	2025-02-21	8370.10	1	2025-07-06 15:19:54.231084	2025-07-06 15:19:54.231084	0.70	5859.07
1890	\N	32	2025-02-21	5255.00	1	2025-07-06 15:19:54.552922	2025-07-06 15:19:54.552922	0.50	2627.50
1891	\N	30	2025-02-21	2947.23	1	2025-07-06 15:19:54.75079	2025-07-06 15:19:54.75079	0.70	2063.06
1892	\N	30	2025-02-21	11415.22	1	2025-07-06 15:19:55.033219	2025-07-06 15:19:55.033219	0.22	2562.08
1893	\N	29	2025-02-21	5170.00	1	2025-07-06 15:19:55.398908	2025-07-06 15:19:55.398908	0.53	2758.00
1894	\N	29	2025-02-21	5514.22	1	2025-07-06 15:19:55.728162	2025-07-06 15:19:55.728162	0.60	3308.00
1895	\N	29	2025-02-21	7360.00	1	2025-07-06 15:19:56.04727	2025-07-06 15:19:56.04727	0.16	1180.00
1896	\N	30	2025-02-21	10395.00	1	2025-07-06 15:19:56.243404	2025-07-06 15:19:56.243404	0.70	7276.50
1897	\N	33	2025-02-21	5195.00	1	2025-07-06 15:19:56.451484	2025-07-06 15:19:56.451484	0.30	1558.50
1898	\N	29	2025-02-24	6635.00	1	2025-07-06 15:19:56.879294	2025-07-06 15:19:56.879294	0.60	3981.00
1899	\N	46	2025-02-24	7395.00	1	2025-07-06 15:19:57.142744	2025-07-06 15:19:57.142744	0.41	3000.00
1900	\N	30	2025-02-24	9173.15	1	2025-07-06 15:19:57.351914	2025-07-06 15:19:57.351914	0.50	4586.57
1901	\N	29	2025-02-24	7985.00	1	2025-07-06 15:19:57.56141	2025-07-06 15:19:57.56141	0.60	4791.00
1902	\N	61	2025-02-24	2515.00	1	2025-07-06 15:19:57.908476	2025-07-06 15:19:57.908476	0.50	1257.50
1903	\N	114	2025-02-24	10070.00	1	2025-07-06 15:19:58.164083	2025-07-06 15:19:58.164083	0.70	7049.00
1904	\N	29	2025-02-24	5445.00	1	2025-07-06 15:19:58.464507	2025-07-06 15:19:58.464507	0.60	3267.00
1905	\N	67	2025-02-24	16674.55	1	2025-07-06 15:19:59.014582	2025-07-06 15:19:59.014582	0.48	8000.00
1906	\N	30	2025-02-24	3425.00	1	2025-07-06 15:19:59.271027	2025-07-06 15:19:59.271027	0.36	1238.66
1907	\N	35	2025-02-24	8391.57	1	2025-07-06 15:19:59.636408	2025-07-06 15:19:59.636408	0.60	5034.94
1908	\N	30	2025-02-24	9375.00	1	2025-07-06 15:20:00.014862	2025-07-06 15:20:00.014862	0.46	4313.40
1909	\N	67	2025-02-24	11915.00	1	2025-07-06 15:20:00.27297	2025-07-06 15:20:00.27297	0.53	6319.88
1910	\N	29	2025-02-24	6780.00	1	2025-07-06 15:20:00.478537	2025-07-06 15:20:00.478537	0.13	890.00
1911	\N	29	2025-02-24	10130.00	1	2025-07-06 15:20:00.797526	2025-07-06 15:20:00.797526	0.45	4558.50
1912	\N	30	2025-02-24	9068.55	1	2025-07-06 15:20:01.021255	2025-07-06 15:20:01.021255	0.42	3837.42
1913	\N	101	2025-02-25	7759.96	1	2025-07-06 15:20:01.258462	2025-07-06 15:20:01.258462	0.55	4267.98
1914	\N	30	2025-02-25	12201.99	1	2025-07-06 15:20:01.552805	2025-07-06 15:20:01.552805	0.51	6278.22
1915	\N	31	2025-02-25	5080.00	1	2025-07-06 15:20:01.882538	2025-07-06 15:20:01.882538	0.49	2475.00
1916	\N	67	2025-02-25	550.00	1	2025-07-06 15:20:02.243138	2025-07-06 15:20:02.243138	0.51	280.00
1917	\N	202	2025-02-25	10075.00	1	2025-07-06 15:20:02.477013	2025-07-06 15:20:02.477013	0.50	5037.50
1918	\N	69	2025-02-25	11076.39	1	2025-07-06 15:20:02.584978	2025-07-06 15:20:02.584978	0.40	4430.56
1919	\N	203	2025-02-25	6415.00	1	2025-07-06 15:20:02.791983	2025-07-06 15:20:02.791983	0.55	3500.00
1920	\N	52	2025-02-25	1470.00	1	2025-07-06 15:20:02.899195	2025-07-06 15:20:02.899195	0.68	1000.00
1921	\N	129	2025-02-25	5660.00	1	2025-07-06 15:20:03.148654	2025-07-06 15:20:03.148654	0.20	1132.00
1922	\N	188	2025-02-25	11410.00	1	2025-07-06 15:20:03.25704	2025-07-06 15:20:03.25704	0.26	3000.00
1923	\N	204	2025-02-25	5950.00	1	2025-07-06 15:20:03.437787	2025-07-06 15:20:03.437787	0.30	1785.00
1924	\N	29	2025-02-25	905.00	1	2025-07-06 15:20:03.563509	2025-07-06 15:20:03.563509	0.51	460.00
1925	\N	29	2025-02-25	4625.00	1	2025-07-06 15:20:03.672428	2025-07-06 15:20:03.672428	0.60	2775.00
1926	\N	166	2025-02-25	11395.00	1	2025-07-06 15:20:03.789852	2025-07-06 15:20:03.789852	0.40	4558.00
1927	\N	201	2025-02-25	6155.75	1	2025-07-06 15:20:04.036674	2025-07-06 15:20:04.036674	0.44	2688.01
1928	\N	29	2025-02-25	9485.00	1	2025-07-06 15:20:04.155125	2025-07-06 15:20:04.155125	0.60	5691.00
1929	\N	205	2025-02-25	5310.00	1	2025-07-06 15:20:04.365357	2025-07-06 15:20:04.365357	0.42	2250.00
1930	\N	30	2025-02-25	6300.00	1	2025-07-06 15:20:04.478284	2025-07-06 15:20:04.478284	0.33	2100.00
1931	\N	50	2025-02-25	8765.73	1	2025-07-06 15:20:04.596721	2025-07-06 15:20:04.596721	0.44	3813.60
1932	\N	29	2025-02-25	550.00	1	2025-07-06 15:20:04.714882	2025-07-06 15:20:04.714882	0.35	192.50
1933	\N	30	2025-02-25	3381.40	1	2025-07-06 15:20:04.963547	2025-07-06 15:20:04.963547	0.49	1640.86
1934	\N	206	2025-02-25	5375.00	1	2025-07-06 15:20:05.151981	2025-07-06 15:20:05.151981	0.56	3000.00
1935	\N	30	2025-02-25	7764.36	1	2025-07-06 15:20:05.269009	2025-07-06 15:20:05.269009	0.35	2738.66
1936	\N	35	2025-02-25	10185.00	1	2025-07-06 15:20:05.388988	2025-07-06 15:20:05.388988	0.40	4074.00
1937	\N	46	2025-02-25	9980.00	1	2025-07-06 15:20:05.515634	2025-07-06 15:20:05.515634	0.50	5000.00
1938	\N	50	2025-02-25	6310.00	1	2025-07-06 15:20:05.629072	2025-07-06 15:20:05.629072	0.40	2551.60
1939	\N	46	2025-02-26	5943.28	1	2025-07-06 15:20:05.752967	2025-07-06 15:20:05.752967	0.71	4200.00
1940	\N	101	2025-02-26	8057.00	1	2025-07-06 15:20:05.871209	2025-07-06 15:20:05.871209	0.55	4431.35
1941	\N	30	2025-02-26	4101.00	1	2025-07-06 15:20:05.979306	2025-07-06 15:20:05.979306	0.50	2050.50
1942	\N	29	2025-02-26	9757.23	1	2025-07-06 15:20:06.093872	2025-07-06 15:20:06.093872	0.40	3902.89
1943	\N	30	2025-02-26	4101.00	1	2025-07-06 15:20:06.338404	2025-07-06 15:20:06.338404	0.60	2460.00
1944	\N	29	2025-02-26	8360.00	1	2025-07-06 15:20:06.445714	2025-07-06 15:20:06.445714	0.58	4827.50
1945	\N	30	2025-02-26	12710.70	1	2025-07-06 15:20:06.554015	2025-07-06 15:20:06.554015	0.70	8897.49
1946	\N	37	2025-02-26	9181.23	1	2025-07-06 15:20:06.696494	2025-07-06 15:20:06.696494	0.50	4592.00
1947	\N	37	2025-02-26	8460.07	1	2025-07-06 15:20:06.801284	2025-07-06 15:20:06.801284	0.50	4230.00
1948	\N	29	2025-02-26	12635.00	1	2025-07-06 15:20:06.920962	2025-07-06 15:20:06.920962	0.50	6350.00
1949	\N	30	2025-02-26	700.00	1	2025-07-06 15:20:07.042621	2025-07-06 15:20:07.042621	0.70	490.00
1950	\N	29	2025-02-26	6915.00	1	2025-07-06 15:20:07.164965	2025-07-06 15:20:07.164965	0.57	3967.00
1951	\N	29	2025-02-26	12440.00	1	2025-07-06 15:20:07.282167	2025-07-06 15:20:07.282167	0.10	1225.00
1952	\N	38	2025-02-26	9704.92	1	2025-07-06 15:20:07.418763	2025-07-06 15:20:07.418763	0.60	5822.95
1953	\N	37	2025-02-26	550.00	1	2025-07-06 15:20:07.540898	2025-07-06 15:20:07.540898	0.18	100.00
1954	\N	29	2025-02-26	8254.35	1	2025-07-06 15:20:07.662235	2025-07-06 15:20:07.662235	0.56	4608.89
1955	\N	29	2025-02-26	16465.00	1	2025-07-06 15:20:07.797466	2025-07-06 15:20:07.797466	0.50	8275.00
1956	\N	207	2025-02-26	1975.00	1	2025-07-06 15:20:08.019234	2025-07-06 15:20:08.019234	0.55	1086.25
1957	\N	208	2025-02-27	5945.00	1	2025-07-06 15:20:08.34958	2025-07-06 15:20:08.34958	0.55	3269.75
1958	\N	29	2025-02-27	10360.00	1	2025-07-06 15:20:08.501026	2025-07-06 15:20:08.501026	0.60	6216.00
1959	\N	29	2025-02-27	8446.92	1	2025-07-06 15:20:08.645403	2025-07-06 15:20:08.645403	0.62	5210.00
1960	\N	29	2025-02-27	12288.62	1	2025-07-06 15:20:08.757241	2025-07-06 15:20:08.757241	0.56	6900.00
1961	\N	29	2025-02-27	9265.00	1	2025-07-06 15:20:08.884	2025-07-06 15:20:08.884	0.51	4700.00
1962	\N	30	2025-02-27	700.00	1	2025-07-06 15:20:08.994454	2025-07-06 15:20:08.994454	0.60	420.00
1963	\N	29	2025-02-27	7125.09	1	2025-07-06 15:20:09.131983	2025-07-06 15:20:09.131983	0.68	4810.00
1964	\N	54	2025-02-27	8510.56	1	2025-07-06 15:20:09.252076	2025-07-06 15:20:09.252076	0.53	4500.00
1965	\N	46	2025-02-27	7342.64	1	2025-07-06 15:20:09.388314	2025-07-06 15:20:09.388314	0.59	4300.00
1966	\N	29	2025-02-27	14125.00	1	2025-07-06 15:20:09.505871	2025-07-06 15:20:09.505871	0.60	8475.00
1967	\N	29	2025-02-28	2153.65	1	2025-07-06 15:20:09.73512	2025-07-06 15:20:09.73512	0.60	1292.19
1968	\N	29	2025-02-28	8727.00	1	2025-07-06 15:20:09.867353	2025-07-06 15:20:09.867353	0.55	4799.85
1969	\N	29	2025-02-28	4480.00	1	2025-07-06 15:20:09.994393	2025-07-06 15:20:09.994393	0.49	2200.00
1970	\N	35	2025-02-28	13660.78	1	2025-07-06 15:20:10.134538	2025-07-06 15:20:10.134538	0.44	6000.00
1971	\N	29	2025-02-28	12415.00	1	2025-07-06 15:20:10.384722	2025-07-06 15:20:10.384722	0.50	6207.50
1972	\N	50	2025-02-28	4745.00	1	2025-07-06 15:20:10.509111	2025-07-06 15:20:10.509111	0.50	2372.50
1973	\N	209	2025-02-28	6555.00	1	2025-07-06 15:20:10.74026	2025-07-06 15:20:10.74026	0.56	3661.94
1974	\N	29	2025-02-28	6210.00	1	2025-07-06 15:20:10.85493	2025-07-06 15:20:10.85493	0.55	3415.50
1975	\N	30	2025-02-28	10370.00	1	2025-07-06 15:20:10.997175	2025-07-06 15:20:10.997175	0.30	3145.26
1976	\N	30	2025-02-28	6219.89	1	2025-07-06 15:20:11.137595	2025-07-06 15:20:11.137595	0.70	4353.92
1977	\N	85	2025-02-28	15842.47	1	2025-07-06 15:20:11.253155	2025-07-06 15:20:11.253155	0.40	6336.99
1978	\N	192	2025-02-28	8845.00	1	2025-07-06 15:20:11.369463	2025-07-06 15:20:11.369463	0.51	4510.59
1979	\N	29	2025-02-28	6520.00	1	2025-07-06 15:20:11.502217	2025-07-06 15:20:11.502217	0.55	3600.00
1980	\N	29	2025-02-28	17258.00	1	2025-07-06 15:20:11.621494	2025-07-06 15:20:11.621494	0.43	7350.00
1981	\N	192	2025-02-28	10788.05	1	2025-07-06 15:20:11.745371	2025-07-06 15:20:11.745371	0.38	4099.44
1982	\N	29	2025-02-28	17258.00	1	2025-07-06 15:20:11.875897	2025-07-06 15:20:11.875897	0.43	7350.00
1983	\N	91	2025-02-28	3914.01	1	2025-07-06 15:20:11.997396	2025-07-06 15:20:11.997396	0.45	1761.30
1984	\N	46	2025-03-03	7542.69	1	2025-07-06 15:20:12.240628	2025-07-06 15:20:12.240628	0.70	5270.00
1985	\N	87	2025-03-03	7335.00	1	2025-07-06 15:20:12.371284	2025-07-06 15:20:12.371284	0.50	3667.50
1986	\N	30	2025-03-03	9314.71	1	2025-07-06 15:20:12.509877	2025-07-06 15:20:12.509877	0.60	5588.83
1987	\N	30	2025-03-03	7520.94	1	2025-07-06 15:20:12.647704	2025-07-06 15:20:12.647704	0.60	4512.57
1988	\N	29	2025-03-03	13883.92	1	2025-07-06 15:20:12.763619	2025-07-06 15:20:12.763619	0.55	7600.00
1989	\N	37	2025-03-03	3048.11	1	2025-07-06 15:20:12.892686	2025-07-06 15:20:12.892686	0.50	1524.00
1990	\N	50	2025-03-03	9728.57	1	2025-07-06 15:20:13.002356	2025-07-06 15:20:13.002356	0.35	3405.00
1991	\N	192	2025-03-03	10788.05	1	2025-07-06 15:20:13.106146	2025-07-06 15:20:13.106146	0.38	4099.44
1992	\N	30	2025-03-04	1190.00	1	2025-07-06 15:20:13.221645	2025-07-06 15:20:13.221645	0.50	595.00
1993	\N	29	2025-03-04	17258.00	1	2025-07-06 15:20:13.341726	2025-07-06 15:20:13.341726	0.43	7350.00
1994	\N	30	2025-03-04	9068.55	1	2025-07-06 15:20:13.470926	2025-07-06 15:20:13.470926	0.42	3837.42
1995	\N	29	2025-03-04	13716.53	1	2025-07-06 15:20:13.59973	2025-07-06 15:20:13.59973	0.59	8050.00
1996	\N	30	2025-03-04	5700.00	1	2025-07-06 15:20:13.731307	2025-07-06 15:20:13.731307	0.45	2566.66
1997	\N	29	2025-03-04	4460.00	1	2025-07-06 15:20:13.897939	2025-07-06 15:20:13.897939	0.56	2479.50
1998	\N	50	2025-03-04	3301.19	1	2025-07-06 15:20:14.009282	2025-07-06 15:20:14.009282	0.78	2591.17
1999	\N	30	2025-03-04	11348.71	1	2025-07-06 15:20:14.221556	2025-07-06 15:20:14.221556	0.42	4774.62
2000	\N	29	2025-03-04	776.75	1	2025-07-06 15:20:14.463513	2025-07-06 15:20:14.463513	0.55	427.21
2001	\N	87	2025-03-04	9705.00	1	2025-07-06 15:20:14.605899	2025-07-06 15:20:14.605899	0.00	0.00
2002	\N	29	2025-03-04	881.90	1	2025-07-06 15:20:14.716776	2025-07-06 15:20:14.716776	0.55	485.04
2003	\N	208	2025-03-04	5415.00	1	2025-07-06 15:20:14.845267	2025-07-06 15:20:14.845267	0.60	3249.00
2004	\N	46	2025-03-04	4654.33	1	2025-07-06 15:20:14.978577	2025-07-06 15:20:14.978577	0.52	2400.00
2005	\N	37	2025-03-04	12064.02	1	2025-07-06 15:20:15.10277	2025-07-06 15:20:15.10277	0.50	6032.00
2006	\N	30	2025-03-04	4519.70	1	2025-07-06 15:20:15.215716	2025-07-06 15:20:15.215716	0.70	3163.79
2007	\N	30	2025-03-04	7446.14	1	2025-07-06 15:20:15.349091	2025-07-06 15:20:15.349091	0.58	4327.33
2008	\N	210	2025-03-04	7535.00	1	2025-07-06 15:20:15.562253	2025-07-06 15:20:15.562253	0.67	5035.00
2009	\N	29	2025-03-04	8999.90	1	2025-07-06 15:20:15.694911	2025-07-06 15:20:15.694911	0.60	5399.94
2010	\N	29	2025-03-04	10117.64	1	2025-07-06 15:20:15.82584	2025-07-06 15:20:15.82584	0.57	5800.00
2011	\N	29	2025-03-05	6465.42	1	2025-07-06 15:20:15.946395	2025-07-06 15:20:15.946395	0.56	3643.48
2012	\N	30	2025-03-05	1485.00	1	2025-07-06 15:20:16.068214	2025-07-06 15:20:16.068214	0.70	1039.50
2013	\N	30	2025-03-05	4170.75	1	2025-07-06 15:20:16.198195	2025-07-06 15:20:16.198195	0.60	2502.45
2014	\N	80	2025-03-05	6170.00	1	2025-07-06 15:20:16.325063	2025-07-06 15:20:16.325063	0.65	4010.50
2015	\N	30	2025-03-05	7677.30	1	2025-07-06 15:20:16.445114	2025-07-06 15:20:16.445114	0.19	1487.01
2016	\N	29	2025-03-05	8775.00	1	2025-07-06 15:20:16.583822	2025-07-06 15:20:16.583822	0.50	4387.50
2017	\N	29	2025-03-05	10370.00	1	2025-07-06 15:20:16.712576	2025-07-06 15:20:16.712576	0.52	5400.00
2018	\N	29	2025-03-05	10117.64	1	2025-07-06 15:20:16.864909	2025-07-06 15:20:16.864909	0.57	5800.00
2019	\N	46	2025-03-05	5990.00	1	2025-07-06 15:20:16.994196	2025-07-06 15:20:16.994196	0.75	4492.00
2020	\N	29	2025-03-05	7705.00	1	2025-07-06 15:20:17.156233	2025-07-06 15:20:17.156233	0.68	5255.00
2021	\N	29	2025-03-05	3133.84	1	2025-07-06 15:20:17.274787	2025-07-06 15:20:17.274787	0.60	1880.30
2022	\N	211	2025-03-05	2405.00	1	2025-07-06 15:20:17.477114	2025-07-06 15:20:17.477114	0.49	1166.67
2023	\N	29	2025-03-05	16930.67	1	2025-07-06 15:20:17.594756	2025-07-06 15:20:17.594756	0.60	10158.40
2024	\N	29	2025-03-05	9002.50	1	2025-07-06 15:20:17.711214	2025-07-06 15:20:17.711214	0.55	4951.37
2025	\N	29	2025-03-05	10205.00	1	2025-07-06 15:20:17.825242	2025-07-06 15:20:17.825242	0.71	7245.55
2026	\N	212	2025-03-05	11165.57	1	2025-07-06 15:20:18.013011	2025-07-06 15:20:18.013011	0.50	5582.78
2027	\N	72	2025-03-05	8148.95	1	2025-07-06 15:20:18.127517	2025-07-06 15:20:18.127517	0.62	5020.00
2028	\N	30	2025-03-05	10568.96	1	2025-07-06 15:20:18.27342	2025-07-06 15:20:18.27342	0.70	7398.27
2029	\N	29	2025-03-05	8205.00	1	2025-07-06 15:20:18.532808	2025-07-06 15:20:18.532808	0.55	4512.75
2030	\N	146	2025-03-05	3635.00	1	2025-07-06 15:20:18.68074	2025-07-06 15:20:18.68074	0.55	1999.25
2031	\N	37	2025-03-05	12595.15	1	2025-07-06 15:20:18.809203	2025-07-06 15:20:18.809203	0.50	6298.00
2032	\N	37	2025-03-06	6303.27	1	2025-07-06 15:20:18.953465	2025-07-06 15:20:18.953465	0.50	3153.00
2033	\N	30	2025-03-06	8015.37	1	2025-07-06 15:20:19.091659	2025-07-06 15:20:19.091659	0.70	5610.76
2034	\N	91	2025-03-06	3914.01	1	2025-07-06 15:20:19.229611	2025-07-06 15:20:19.229611	0.45	1761.30
2035	\N	46	2025-03-06	500.00	1	2025-07-06 15:20:19.489114	2025-07-06 15:20:19.489114	0.20	100.00
2036	\N	30	2025-03-06	1635.60	1	2025-07-06 15:20:19.625334	2025-07-06 15:20:19.625334	0.70	1145.10
2037	\N	70	2025-03-06	2070.00	1	2025-07-06 15:20:19.754189	2025-07-06 15:20:19.754189	0.50	1035.00
2038	\N	29	2025-03-06	5910.00	1	2025-07-06 15:20:19.883773	2025-07-06 15:20:19.883773	0.55	3250.50
2039	\N	31	2025-03-06	8488.87	1	2025-07-06 15:20:20.021097	2025-07-06 15:20:20.021097	0.50	4244.40
2040	\N	29	2025-03-06	4230.15	1	2025-07-06 15:20:20.157731	2025-07-06 15:20:20.157731	0.63	2650.00
2041	\N	211	2025-03-06	2405.00	1	2025-07-06 15:20:20.298074	2025-07-06 15:20:20.298074	0.49	1166.67
2042	\N	213	2025-03-06	1155.00	1	2025-07-06 15:20:20.610685	2025-07-06 15:20:20.610685	0.60	693.00
2043	\N	60	2025-03-06	12095.00	1	2025-07-06 15:20:20.733501	2025-07-06 15:20:20.733501	0.50	6047.50
2044	\N	46	2025-03-06	9990.00	1	2025-07-06 15:20:20.857071	2025-07-06 15:20:20.857071	0.35	3500.00
2045	\N	29	2025-03-06	2927.19	1	2025-07-06 15:20:20.975473	2025-07-06 15:20:20.975473	0.55	1609.95
2046	\N	46	2025-03-06	6530.00	1	2025-07-06 15:20:21.078009	2025-07-06 15:20:21.078009	0.54	3500.00
2047	\N	69	2025-03-06	17300.00	1	2025-07-06 15:20:21.196581	2025-07-06 15:20:21.196581	0.40	7000.00
2048	\N	146	2025-03-06	4569.11	1	2025-07-06 15:20:21.332085	2025-07-06 15:20:21.332085	0.48	2209.28
2049	\N	95	2025-03-06	7846.86	1	2025-07-06 15:20:21.462767	2025-07-06 15:20:21.462767	0.49	3877.57
2050	\N	214	2025-03-07	6355.00	1	2025-07-06 15:20:21.703634	2025-07-06 15:20:21.703634	0.60	3813.00
2051	\N	37	2025-03-07	3877.60	1	2025-07-06 15:20:21.821828	2025-07-06 15:20:21.821828	0.51	1977.00
2052	\N	29	2025-03-07	11502.14	1	2025-07-06 15:20:21.947341	2025-07-06 15:20:21.947341	0.58	6700.00
2053	\N	29	2025-03-07	8753.03	1	2025-07-06 15:20:22.076802	2025-07-06 15:20:22.076802	0.55	4814.16
2054	\N	56	2025-03-07	11783.03	1	2025-07-06 15:20:22.1954	2025-07-06 15:20:22.1954	0.50	5891.50
2055	\N	29	2025-03-07	10551.81	1	2025-07-06 15:20:22.31387	2025-07-06 15:20:22.31387	0.55	5803.49
2056	\N	29	2025-03-07	11017.15	1	2025-07-06 15:20:22.441909	2025-07-06 15:20:22.441909	0.55	6059.43
2057	\N	29	2025-03-07	7385.00	1	2025-07-06 15:20:22.566887	2025-07-06 15:20:22.566887	0.61	4486.00
2058	\N	31	2025-03-07	6990.00	1	2025-07-06 15:20:22.728493	2025-07-06 15:20:22.728493	0.50	3495.00
2059	\N	29	2025-03-07	9610.00	1	2025-07-06 15:20:22.839033	2025-07-06 15:20:22.839033	0.52	5000.00
2060	\N	29	2025-03-07	6059.35	1	2025-07-06 15:20:22.956883	2025-07-06 15:20:22.956883	0.60	3635.61
2061	\N	80	2025-03-07	9740.00	1	2025-07-06 15:20:23.075649	2025-07-06 15:20:23.075649	0.50	4870.00
2062	\N	29	2025-03-07	12170.00	1	2025-07-06 15:20:23.198275	2025-07-06 15:20:23.198275	0.60	7302.00
2063	\N	215	2025-03-07	6395.00	1	2025-07-06 15:20:23.432724	2025-07-06 15:20:23.432724	0.50	3197.50
2064	\N	29	2025-03-07	8260.00	1	2025-07-06 15:20:23.696655	2025-07-06 15:20:23.696655	0.61	5049.15
2065	\N	29	2025-03-07	11054.10	1	2025-07-06 15:20:23.813784	2025-07-06 15:20:23.813784	0.60	6632.46
2066	\N	30	2025-03-07	16195.65	1	2025-07-06 15:20:24.058294	2025-07-06 15:20:24.058294	0.23	3759.83
2067	\N	46	2025-03-07	560.00	1	2025-07-06 15:20:24.188519	2025-07-06 15:20:24.188519	0.71	400.00
2068	\N	29	2025-03-07	9586.07	1	2025-07-06 15:20:24.424167	2025-07-06 15:20:24.424167	0.60	5751.64
2069	\N	29	2025-03-07	12051.01	1	2025-07-06 15:20:24.794416	2025-07-06 15:20:24.794416	0.50	5975.00
2070	\N	35	2025-03-10	6842.10	1	2025-07-06 15:20:25.11727	2025-07-06 15:20:25.11727	0.60	4105.26
2071	\N	216	2025-03-10	1740.00	1	2025-07-06 15:20:25.451775	2025-07-06 15:20:25.451775	0.67	1166.67
2072	\N	216	2025-03-10	1795.00	1	2025-07-06 15:20:25.657473	2025-07-06 15:20:25.657473	0.60	1083.33
2073	\N	78	2025-03-10	10146.89	1	2025-07-06 15:20:25.879917	2025-07-06 15:20:25.879917	0.50	5073.00
2074	\N	120	2025-03-10	9415.00	1	2025-07-06 15:20:26.108239	2025-07-06 15:20:26.108239	0.50	4707.50
2075	\N	216	2025-03-10	7785.32	1	2025-07-06 15:20:26.320018	2025-07-06 15:20:26.320018	0.61	4741.91
2076	\N	77	2025-03-10	2425.00	1	2025-07-06 15:20:26.664614	2025-07-06 15:20:26.664614	0.50	1212.50
2077	\N	29	2025-03-10	3985.00	1	2025-07-06 15:20:27.021434	2025-07-06 15:20:27.021434	0.55	2191.75
2078	\N	87	2025-03-10	10475.00	1	2025-07-06 15:20:27.241379	2025-07-06 15:20:27.241379	0.50	5237.50
2079	\N	30	2025-03-10	5575.00	1	2025-07-06 15:20:27.485125	2025-07-06 15:20:27.485125	0.70	3902.50
2080	\N	217	2025-03-10	7092.42	1	2025-07-06 15:20:27.851273	2025-07-06 15:20:27.851273	0.70	4964.69
2081	\N	110	2025-03-10	1910.00	1	2025-07-06 15:20:28.072842	2025-07-06 15:20:28.072842	0.48	907.25
2082	\N	59	2025-03-10	11369.66	1	2025-07-06 15:20:28.291641	2025-07-06 15:20:28.291641	0.55	6253.31
2083	\N	207	2025-03-10	5615.00	1	2025-07-06 15:20:28.742086	2025-07-06 15:20:28.742086	0.41	2302.15
2084	\N	67	2025-03-10	11581.86	1	2025-07-06 15:20:29.000232	2025-07-06 15:20:29.000232	0.63	7324.62
2085	\N	30	2025-03-10	1610.45	1	2025-07-06 15:20:29.233459	2025-07-06 15:20:29.233459	0.62	996.27
2086	\N	61	2025-03-11	5490.00	1	2025-07-06 15:20:29.450757	2025-07-06 15:20:29.450757	0.49	2664.20
2087	\N	201	2025-03-11	2975.00	1	2025-07-06 15:20:29.690167	2025-07-06 15:20:29.690167	0.61	1800.00
2088	\N	30	2025-03-11	1294.15	1	2025-07-06 15:20:30.058312	2025-07-06 15:20:30.058312	0.70	905.90
2089	\N	29	2025-03-11	5685.00	1	2025-07-06 15:20:30.480096	2025-07-06 15:20:30.480096	0.61	3469.50
2090	\N	32	2025-03-11	15100.00	1	2025-07-06 15:20:30.733997	2025-07-06 15:20:30.733997	0.65	9815.00
2091	\N	29	2025-03-11	500.00	1	2025-07-06 15:20:31.031917	2025-07-06 15:20:31.031917	0.25	125.00
2092	\N	146	2025-03-11	2784.50	1	2025-07-06 15:20:31.295934	2025-07-06 15:20:31.295934	0.70	1949.15
2093	\N	218	2025-03-11	13455.00	1	2025-07-06 15:20:31.688202	2025-07-06 15:20:31.688202	0.50	6727.50
2094	\N	192	2025-03-11	5650.00	1	2025-07-06 15:20:31.970447	2025-07-06 15:20:31.970447	0.81	4600.00
2095	\N	219	2025-03-11	3515.00	1	2025-07-06 15:20:32.489118	2025-07-06 15:20:32.489118	0.95	3350.00
2096	\N	29	2025-03-11	3540.00	1	2025-07-06 15:20:32.763117	2025-07-06 15:20:32.763117	0.65	2301.00
2097	\N	220	2025-03-11	11160.00	1	2025-07-06 15:20:33.12148	2025-07-06 15:20:33.12148	0.00	0.00
2098	\N	30	2025-03-12	2754.55	1	2025-07-06 15:20:33.349081	2025-07-06 15:20:33.349081	0.70	1928.18
2099	\N	29	2025-03-12	13771.31	1	2025-07-06 15:20:33.625992	2025-07-06 15:20:33.625992	0.54	7398.92
2100	\N	29	2025-03-12	1808.75	1	2025-07-06 15:20:33.878467	2025-07-06 15:20:33.878467	0.55	994.81
2101	\N	216	2025-03-12	2415.00	1	2025-07-06 15:20:34.131588	2025-07-06 15:20:34.131588	0.62	1501.17
2102	\N	36	2025-03-12	16765.00	1	2025-07-06 15:20:34.351134	2025-07-06 15:20:34.351134	0.62	10400.00
2103	\N	30	2025-03-12	12268.40	1	2025-07-06 15:20:34.760201	2025-07-06 15:20:34.760201	0.60	7333.33
2104	\N	50	2025-03-12	4860.00	1	2025-07-06 15:20:35.001722	2025-07-06 15:20:35.001722	0.50	2430.00
2105	\N	50	2025-03-12	5618.99	1	2025-07-06 15:20:35.194863	2025-07-06 15:20:35.194863	0.60	3371.39
2106	\N	50	2025-03-12	8732.00	1	2025-07-06 15:20:35.421125	2025-07-06 15:20:35.421125	0.45	3929.40
2107	\N	35	2025-03-12	8005.15	1	2025-07-06 15:20:35.646629	2025-07-06 15:20:35.646629	0.60	4803.09
2108	\N	30	2025-03-12	11142.22	1	2025-07-06 15:20:35.880301	2025-07-06 15:20:35.880301	0.60	6685.34
2109	\N	50	2025-03-12	6063.78	1	2025-07-06 15:20:36.149331	2025-07-06 15:20:36.149331	0.35	2122.32
2110	\N	189	2025-03-12	8190.00	1	2025-07-06 15:20:36.406614	2025-07-06 15:20:36.406614	0.51	4166.67
2111	\N	30	2025-03-12	2706.43	1	2025-07-06 15:20:36.811284	2025-07-06 15:20:36.811284	0.70	1894.51
2112	\N	216	2025-03-12	8631.30	1	2025-07-06 15:20:37.11464	2025-07-06 15:20:37.11464	0.45	3884.09
2113	\N	82	2025-03-13	8461.95	1	2025-07-06 15:20:37.343587	2025-07-06 15:20:37.343587	0.67	5700.00
2114	\N	29	2025-03-13	8910.00	1	2025-07-06 15:20:37.553457	2025-07-06 15:20:37.553457	0.60	5346.00
2115	\N	30	2025-03-13	1820.00	1	2025-07-06 15:20:37.815238	2025-07-06 15:20:37.815238	0.70	1274.00
2116	\N	30	2025-03-13	12565.86	1	2025-07-06 15:20:38.084871	2025-07-06 15:20:38.084871	0.73	9146.67
2117	\N	30	2025-03-13	11040.84	1	2025-07-06 15:20:38.348426	2025-07-06 15:20:38.348426	0.70	7728.59
2118	\N	213	2025-03-13	10525.00	1	2025-07-06 15:20:38.681204	2025-07-06 15:20:38.681204	0.65	6841.25
2119	\N	50	2025-03-13	2398.41	1	2025-07-06 15:20:39.070249	2025-07-06 15:20:39.070249	0.60	1439.04
2120	\N	221	2025-03-13	12045.00	1	2025-07-06 15:20:39.545792	2025-07-06 15:20:39.545792	0.55	6624.75
2121	\N	29	2025-03-13	9485.00	1	2025-07-06 15:20:39.795889	2025-07-06 15:20:39.795889	0.51	4800.00
2122	\N	30	2025-03-13	7376.42	1	2025-07-06 15:20:40.021448	2025-07-06 15:20:40.021448	0.66	4876.42
2123	\N	30	2025-03-13	1940.00	1	2025-07-06 15:20:40.257655	2025-07-06 15:20:40.257655	0.62	1204.98
2124	\N	221	2025-03-13	11995.00	1	2025-07-06 15:20:40.488355	2025-07-06 15:20:40.488355	0.55	6597.25
2125	\N	46	2025-03-13	8265.13	1	2025-07-06 15:20:40.90622	2025-07-06 15:20:40.90622	0.69	5700.00
2126	\N	67	2025-03-13	7700.00	1	2025-07-06 15:20:41.162057	2025-07-06 15:20:41.162057	0.42	3234.00
2127	\N	53	2025-03-13	5425.49	1	2025-07-06 15:20:41.40479	2025-07-06 15:20:41.40479	0.55	2984.02
2128	\N	30	2025-03-14	6928.65	1	2025-07-06 15:20:41.62844	2025-07-06 15:20:41.62844	0.70	4850.06
2129	\N	222	2025-03-14	9370.00	1	2025-07-06 15:20:42.015683	2025-07-06 15:20:42.015683	0.60	5622.00
2130	\N	50	2025-03-14	10285.00	1	2025-07-06 15:20:42.214924	2025-07-06 15:20:42.214924	0.50	5142.50
2131	\N	30	2025-03-14	8709.76	1	2025-07-06 15:20:42.461288	2025-07-06 15:20:42.461288	0.63	5485.00
2132	\N	203	2025-03-14	5567.10	1	2025-07-06 15:20:42.812396	2025-07-06 15:20:42.812396	0.45	2505.20
2133	\N	223	2025-03-14	2965.65	1	2025-07-06 15:20:43.147595	2025-07-06 15:20:43.147595	0.50	1482.83
2134	\N	30	2025-03-14	4311.78	1	2025-07-06 15:20:43.349642	2025-07-06 15:20:43.349642	0.60	2587.07
2135	\N	30	2025-03-14	11415.00	1	2025-07-06 15:20:43.612296	2025-07-06 15:20:43.612296	0.63	7200.00
2136	\N	30	2025-03-14	6169.82	1	2025-07-06 15:20:43.849741	2025-07-06 15:20:43.849741	0.30	1836.66
2137	\N	30	2025-03-14	5444.09	1	2025-07-06 15:20:44.058965	2025-07-06 15:20:44.058965	0.48	2590.71
2138	\N	30	2025-03-14	4432.38	1	2025-07-06 15:20:44.299971	2025-07-06 15:20:44.299971	0.46	2020.00
2139	\N	207	2025-03-14	7881.25	1	2025-07-06 15:20:44.628066	2025-07-06 15:20:44.628066	0.51	4000.00
2140	\N	217	2025-03-17	8011.97	1	2025-07-06 15:20:44.963739	2025-07-06 15:20:44.963739	0.68	5415.45
2141	\N	30	2025-03-17	13246.19	1	2025-07-06 15:20:45.208871	2025-07-06 15:20:45.208871	0.47	6167.73
2142	\N	30	2025-03-17	13600.73	1	2025-07-06 15:20:45.548747	2025-07-06 15:20:45.548747	0.29	4000.00
2143	\N	30	2025-03-17	2620.00	1	2025-07-06 15:20:45.753613	2025-07-06 15:20:45.753613	0.62	1628.49
2144	\N	30	2025-03-17	1808.75	1	2025-07-06 15:20:45.967883	2025-07-06 15:20:45.967883	0.39	700.00
2145	\N	46	2025-03-17	5703.52	1	2025-07-06 15:20:46.267838	2025-07-06 15:20:46.267838	0.53	3000.00
2146	\N	30	2025-03-17	1100.00	1	2025-07-06 15:20:46.716654	2025-07-06 15:20:46.716654	0.70	770.00
2147	\N	29	2025-03-17	4500.00	1	2025-07-06 15:20:46.97289	2025-07-06 15:20:46.97289	0.55	2475.00
2148	\N	29	2025-03-17	6139.44	1	2025-07-06 15:20:47.201811	2025-07-06 15:20:47.201811	0.60	3682.46
2149	\N	46	2025-03-17	8441.07	1	2025-07-06 15:20:47.433903	2025-07-06 15:20:47.433903	0.75	6300.00
2150	\N	29	2025-03-17	9725.00	1	2025-07-06 15:20:47.672534	2025-07-06 15:20:47.672534	0.27	2600.00
2151	\N	207	2025-03-18	11535.57	1	2025-07-06 15:20:47.912163	2025-07-06 15:20:47.912163	0.50	5767.79
2152	\N	207	2025-03-18	12617.66	1	2025-07-06 15:20:48.137784	2025-07-06 15:20:48.137784	0.50	6308.83
2153	\N	224	2025-03-18	11807.32	1	2025-07-06 15:20:48.491323	2025-07-06 15:20:48.491323	0.50	5905.00
2154	\N	225	2025-03-18	3950.00	1	2025-07-06 15:20:48.84871	2025-07-06 15:20:48.84871	0.60	2370.00
2155	\N	207	2025-03-18	10070.71	1	2025-07-06 15:20:49.087559	2025-07-06 15:20:49.087559	0.50	5035.36
2156	\N	30	2025-03-18	11563.27	1	2025-07-06 15:20:49.43111	2025-07-06 15:20:49.43111	0.65	7563.27
2157	\N	50	2025-03-18	7711.94	1	2025-07-06 15:20:49.6447	2025-07-06 15:20:49.6447	0.60	4627.16
2158	\N	46	2025-03-18	7241.05	1	2025-07-06 15:20:49.892175	2025-07-06 15:20:49.892175	0.59	4300.00
2159	\N	29	2025-03-19	11639.11	1	2025-07-06 15:20:50.320287	2025-07-06 15:20:50.320287	0.41	4800.00
2160	\N	226	2025-03-19	19302.80	1	2025-07-06 15:20:50.78981	2025-07-06 15:20:50.78981	0.55	10616.54
2161	\N	164	2025-03-19	11620.00	1	2025-07-06 15:20:51.00014	2025-07-06 15:20:51.00014	0.55	6391.00
2162	\N	29	2025-03-19	8787.90	1	2025-07-06 15:20:51.23705	2025-07-06 15:20:51.23705	0.60	5270.00
2163	\N	30	2025-03-19	9446.26	1	2025-07-06 15:20:51.466905	2025-07-06 15:20:51.466905	0.70	6612.38
2164	\N	29	2025-03-19	1810.00	1	2025-07-06 15:20:51.682635	2025-07-06 15:20:51.682635	0.50	905.00
2165	\N	30	2025-03-20	5424.30	1	2025-07-06 15:20:52.059983	2025-07-06 15:20:52.059983	0.60	3254.58
2166	\N	29	2025-03-20	11794.09	1	2025-07-06 15:20:52.313661	2025-07-06 15:20:52.313661	0.56	6569.24
2167	\N	30	2025-03-20	14129.13	1	2025-07-06 15:20:52.53395	2025-07-06 15:20:52.53395	0.50	7064.57
2168	\N	30	2025-03-20	12353.20	1	2025-07-06 15:20:52.759501	2025-07-06 15:20:52.759501	0.39	4801.66
2169	\N	30	2025-03-20	7280.00	1	2025-07-06 15:20:52.964374	2025-07-06 15:20:52.964374	0.18	1307.66
2170	\N	29	2025-03-20	14130.00	1	2025-07-06 15:20:53.22778	2025-07-06 15:20:53.22778	0.50	7064.50
2171	\N	224	2025-03-20	8354.19	1	2025-07-06 15:20:53.464047	2025-07-06 15:20:53.464047	0.40	3344.00
2172	\N	30	2025-03-20	11411.17	1	2025-07-06 15:20:53.841708	2025-07-06 15:20:53.841708	0.33	3791.26
2173	\N	30	2025-03-20	11433.02	1	2025-07-06 15:20:54.100127	2025-07-06 15:20:54.100127	0.39	4415.46
2174	\N	33	2025-03-20	5885.00	1	2025-07-06 15:20:54.311032	2025-07-06 15:20:54.311032	0.50	2942.50
2175	\N	29	2025-03-20	1275.15	1	2025-07-06 15:20:54.546528	2025-07-06 15:20:54.546528	0.72	913.13
2176	\N	30	2025-03-20	1680.00	1	2025-07-06 15:20:54.815683	2025-07-06 15:20:54.815683	0.70	1176.00
2177	\N	227	2025-03-20	2980.00	1	2025-07-06 15:20:55.269132	2025-07-06 15:20:55.269132	0.55	1639.00
2178	\N	228	2025-03-20	8877.01	1	2025-07-06 15:20:55.78199	2025-07-06 15:20:55.78199	0.52	4600.00
2179	\N	30	2025-03-20	9781.08	1	2025-07-06 15:20:55.989269	2025-07-06 15:20:55.989269	0.50	4890.54
2180	\N	50	2025-03-20	2695.00	1	2025-07-06 15:20:56.240924	2025-07-06 15:20:56.240924	0.60	1617.00
2181	\N	30	2025-03-20	13339.77	1	2025-07-06 15:20:56.479551	2025-07-06 15:20:56.479551	0.38	5070.90
2182	\N	30	2025-03-21	3517.82	1	2025-07-06 15:20:56.738806	2025-07-06 15:20:56.738806	0.48	1679.50
2183	\N	30	2025-03-21	7976.42	1	2025-07-06 15:20:57.009696	2025-07-06 15:20:57.009696	0.50	3988.21
2184	\N	32	2025-03-21	5815.86	1	2025-07-06 15:20:57.383042	2025-07-06 15:20:57.383042	0.70	4071.10
2185	\N	29	2025-03-21	6727.38	1	2025-07-06 15:20:57.648084	2025-07-06 15:20:57.648084	0.65	4372.74
2186	\N	30	2025-03-21	6190.00	1	2025-07-06 15:20:57.902901	2025-07-06 15:20:57.902901	0.70	4333.00
2187	\N	46	2025-03-21	7733.56	1	2025-07-06 15:20:58.132151	2025-07-06 15:20:58.132151	0.65	5000.00
2188	\N	30	2025-03-21	1366.80	1	2025-07-06 15:20:58.370168	2025-07-06 15:20:58.370168	0.70	956.67
2189	\N	192	2025-03-21	3980.00	1	2025-07-06 15:20:58.622093	2025-07-06 15:20:58.622093	0.55	2189.00
2190	\N	113	2025-03-21	6972.36	1	2025-07-06 15:20:59.107249	2025-07-06 15:20:59.107249	0.60	4183.42
2191	\N	30	2025-03-21	5444.29	1	2025-07-06 15:20:59.333176	2025-07-06 15:20:59.333176	0.50	2722.15
2192	\N	30	2025-03-21	6335.29	1	2025-07-06 15:20:59.538934	2025-07-06 15:20:59.538934	0.41	2596.67
2193	\N	30	2025-03-21	15417.33	1	2025-07-06 15:20:59.741733	2025-07-06 15:20:59.741733	0.35	5446.67
2194	\N	30	2025-03-21	6733.18	1	2025-07-06 15:20:59.945598	2025-07-06 15:20:59.945598	0.38	2583.33
2195	\N	29	2025-03-21	7750.00	1	2025-07-06 15:21:00.298636	2025-07-06 15:21:00.298636	0.60	4650.00
2196	\N	30	2025-03-21	3246.75	1	2025-07-06 15:21:00.503891	2025-07-06 15:21:00.503891	0.60	1948.05
2197	\N	30	2025-03-21	9406.42	1	2025-07-06 15:21:00.771369	2025-07-06 15:21:00.771369	0.60	5643.86
2198	\N	30	2025-03-21	9725.08	1	2025-07-06 15:21:01.156597	2025-07-06 15:21:01.156597	0.39	3814.66
2199	\N	30	2025-03-21	9655.00	1	2025-07-06 15:21:01.476167	2025-07-06 15:21:01.476167	0.70	6758.50
2200	\N	33	2025-03-21	9490.00	1	2025-07-06 15:21:01.705055	2025-07-06 15:21:01.705055	0.60	5694.00
2201	\N	29	2025-03-21	8775.90	1	2025-07-06 15:21:01.957734	2025-07-06 15:21:01.957734	0.69	6066.13
2202	\N	29	2025-03-21	11225.00	1	2025-07-06 15:21:02.193371	2025-07-06 15:21:02.193371	0.58	6550.00
2203	\N	113	2025-03-21	8365.63	1	2025-07-06 15:21:02.46608	2025-07-06 15:21:02.46608	0.60	5019.38
2204	\N	51	2025-03-21	6475.00	1	2025-07-06 15:21:02.701041	2025-07-06 15:21:02.701041	0.50	3237.50
2205	\N	229	2025-03-24	5356.36	1	2025-07-06 15:21:03.257101	2025-07-06 15:21:03.257101	0.65	3481.00
2206	\N	30	2025-03-24	12107.99	1	2025-07-06 15:21:03.481625	2025-07-06 15:21:03.481625	0.56	6791.33
2207	\N	80	2025-03-24	4630.57	1	2025-07-06 15:21:03.738125	2025-07-06 15:21:03.738125	0.50	2315.29
2208	\N	29	2025-03-24	5170.00	1	2025-07-06 15:21:04.087067	2025-07-06 15:21:04.087067	0.40	2068.00
2209	\N	30	2025-03-24	2276.69	1	2025-07-06 15:21:04.436335	2025-07-06 15:21:04.436335	0.70	1593.69
2210	\N	30	2025-03-24	967.72	1	2025-07-06 15:21:04.653302	2025-07-06 15:21:04.653302	0.70	677.40
2211	\N	230	2025-03-24	9740.00	1	2025-07-06 15:21:05.15828	2025-07-06 15:21:05.15828	0.65	6331.00
2212	\N	29	2025-03-24	10690.00	1	2025-07-06 15:21:05.414541	2025-07-06 15:21:05.414541	0.60	6414.00
2213	\N	30	2025-03-24	12936.99	1	2025-07-06 15:21:05.696126	2025-07-06 15:21:05.696126	0.59	7630.00
2214	\N	30	2025-03-24	8425.00	1	2025-07-06 15:21:05.96552	2025-07-06 15:21:05.96552	0.46	3894.33
2215	\N	30	2025-03-24	11704.79	1	2025-07-06 15:21:06.254231	2025-07-06 15:21:06.254231	0.59	6930.07
2216	\N	30	2025-03-24	10673.32	1	2025-07-06 15:21:06.492662	2025-07-06 15:21:06.492662	0.37	3938.41
2217	\N	39	2025-03-24	8885.00	1	2025-07-06 15:21:06.890559	2025-07-06 15:21:06.890559	0.64	5716.75
2218	\N	31	2025-03-24	9430.00	1	2025-07-06 15:21:07.182463	2025-07-06 15:21:07.182463	0.50	4715.00
2219	\N	30	2025-03-24	5790.00	1	2025-07-06 15:21:07.429648	2025-07-06 15:21:07.429648	0.54	3146.90
2220	\N	30	2025-03-24	10220.21	1	2025-07-06 15:21:07.682127	2025-07-06 15:21:07.682127	0.50	5110.11
2221	\N	50	2025-03-24	10083.63	1	2025-07-06 15:21:07.926569	2025-07-06 15:21:07.926569	0.25	2500.00
2222	\N	80	2025-03-24	12505.00	1	2025-07-06 15:21:08.155503	2025-07-06 15:21:08.155503	0.50	6252.50
2223	\N	37	2025-03-25	2568.00	1	2025-07-06 15:21:08.548296	2025-07-06 15:21:08.548296	0.60	1541.00
2224	\N	29	2025-03-25	4515.00	1	2025-07-06 15:21:08.817649	2025-07-06 15:21:08.817649	0.50	2257.50
2225	\N	31	2025-03-25	2215.27	1	2025-07-06 15:21:09.105441	2025-07-06 15:21:09.105441	0.50	1107.63
2226	\N	36	2025-03-25	2030.00	1	2025-07-06 15:21:09.432552	2025-07-06 15:21:09.432552	0.54	1100.00
2227	\N	146	2025-03-25	615.25	1	2025-07-06 15:21:09.66025	2025-07-06 15:21:09.66025	0.50	308.00
2228	\N	30	2025-03-25	7721.15	1	2025-07-06 15:21:09.9051	2025-07-06 15:21:09.9051	0.60	4632.69
2229	\N	29	2025-03-25	12241.55	1	2025-07-06 15:21:10.157308	2025-07-06 15:21:10.157308	0.60	7344.93
2230	\N	30	2025-03-25	1760.00	1	2025-07-06 15:21:10.552643	2025-07-06 15:21:10.552643	0.60	1056.00
2231	\N	30	2025-03-25	8216.16	1	2025-07-06 15:21:10.807761	2025-07-06 15:21:10.807761	0.57	4658.83
2232	\N	189	2025-03-25	12821.89	1	2025-07-06 15:21:11.065594	2025-07-06 15:21:11.065594	0.62	8000.00
2233	\N	37	2025-03-25	4228.62	1	2025-07-06 15:21:11.429236	2025-07-06 15:21:11.429236	0.60	2538.00
2234	\N	29	2025-03-25	10295.00	1	2025-07-06 15:21:11.639537	2025-07-06 15:21:11.639537	0.59	6100.00
2235	\N	95	2025-03-25	6598.22	1	2025-07-06 15:21:11.882835	2025-07-06 15:21:11.882835	0.49	3218.14
2236	\N	231	2025-03-25	10235.00	1	2025-07-06 15:21:12.363346	2025-07-06 15:21:12.363346	0.40	4094.00
2237	\N	29	2025-03-26	4430.55	1	2025-07-06 15:21:12.652389	2025-07-06 15:21:12.652389	0.60	2658.33
2238	\N	232	2025-03-26	7965.00	1	2025-07-06 15:21:13.171207	2025-07-06 15:21:13.171207	0.50	3982.50
2239	\N	30	2025-03-26	11721.27	1	2025-07-06 15:21:13.396431	2025-07-06 15:21:13.396431	0.49	5764.53
2240	\N	107	2025-03-26	8102.70	1	2025-07-06 15:21:13.66647	2025-07-06 15:21:13.66647	0.40	3241.08
2241	\N	174	2025-03-26	10960.00	1	2025-07-06 15:21:14.019137	2025-07-06 15:21:14.019137	0.45	4932.00
2242	\N	30	2025-03-26	14703.56	1	2025-07-06 15:21:14.248219	2025-07-06 15:21:14.248219	0.70	10292.49
2243	\N	37	2025-03-26	2626.84	1	2025-07-06 15:21:14.481674	2025-07-06 15:21:14.481674	0.60	1576.00
2244	\N	37	2025-03-26	4302.67	1	2025-07-06 15:21:14.872628	2025-07-06 15:21:14.872628	0.50	2151.00
2245	\N	29	2025-03-26	13721.06	1	2025-07-06 15:21:15.05813	2025-07-06 15:21:15.05813	0.54	7413.69
2246	\N	232	2025-03-26	7615.00	1	2025-07-06 15:21:15.328048	2025-07-06 15:21:15.328048	0.50	3807.50
2247	\N	29	2025-03-26	6617.24	1	2025-07-06 15:21:15.598411	2025-07-06 15:21:15.598411	0.45	2977.76
2248	\N	105	2025-03-26	23680.00	1	2025-07-06 15:21:15.808175	2025-07-06 15:21:15.808175	0.45	10656.00
2249	\N	30	2025-03-26	4877.90	1	2025-07-06 15:21:16.253611	2025-07-06 15:21:16.253611	0.40	1946.66
2250	\N	29	2025-03-26	12498.93	1	2025-07-06 15:21:16.481642	2025-07-06 15:21:16.481642	0.50	6249.46
2251	\N	30	2025-03-26	5447.67	1	2025-07-06 15:21:16.842957	2025-07-06 15:21:16.842957	0.34	1875.00
2252	\N	233	2025-03-26	11076.76	1	2025-07-06 15:21:17.432464	2025-07-06 15:21:17.432464	0.45	5038.38
2253	\N	107	2025-03-26	7572.44	1	2025-07-06 15:21:17.684476	2025-07-06 15:21:17.684476	0.45	3407.60
2254	\N	29	2025-03-27	14663.99	1	2025-07-06 15:21:17.972427	2025-07-06 15:21:17.972427	0.65	9531.59
2255	\N	33	2025-03-27	5677.10	1	2025-07-06 15:21:18.253092	2025-07-06 15:21:18.253092	0.55	3122.41
2256	\N	29	2025-03-27	10690.00	1	2025-07-06 15:21:18.504186	2025-07-06 15:21:18.504186	0.62	6639.00
2257	\N	29	2025-03-27	11889.80	1	2025-07-06 15:21:18.907785	2025-07-06 15:21:18.907785	0.55	6550.00
2258	\N	50	2025-03-27	8895.00	1	2025-07-06 15:21:19.199401	2025-07-06 15:21:19.199401	0.67	5917.47
2259	\N	50	2025-03-27	2822.56	1	2025-07-06 15:21:19.528873	2025-07-06 15:21:19.528873	0.50	1411.28
2260	\N	30	2025-03-27	7408.74	1	2025-07-06 15:21:19.763314	2025-07-06 15:21:19.763314	0.56	4131.07
2261	\N	30	2025-03-27	8380.85	1	2025-07-06 15:21:19.985707	2025-07-06 15:21:19.985707	0.56	4731.37
2262	\N	29	2025-03-27	15658.44	1	2025-07-06 15:21:20.220592	2025-07-06 15:21:20.220592	0.50	7850.00
2263	\N	234	2025-03-27	12984.13	1	2025-07-06 15:21:20.831712	2025-07-06 15:21:20.831712	0.46	6000.00
2264	\N	30	2025-03-27	4675.00	1	2025-07-06 15:21:21.052426	2025-07-06 15:21:21.052426	0.58	2727.42
2265	\N	163	2025-03-27	8795.00	1	2025-07-06 15:21:21.285314	2025-07-06 15:21:21.285314	0.55	4837.25
2266	\N	50	2025-03-27	11695.00	1	2025-07-06 15:21:21.520049	2025-07-06 15:21:21.520049	0.50	5847.50
2267	\N	29	2025-03-27	2745.00	1	2025-07-06 15:21:21.79225	2025-07-06 15:21:21.79225	0.62	1700.00
2268	\N	235	2025-03-27	11279.02	1	2025-07-06 15:21:22.194041	2025-07-06 15:21:22.194041	0.50	5639.51
2269	\N	29	2025-03-27	10540.00	1	2025-07-06 15:21:22.561959	2025-07-06 15:21:22.561959	0.55	5782.50
2270	\N	29	2025-03-27	550.00	1	2025-07-06 15:21:22.88105	2025-07-06 15:21:22.88105	0.73	400.00
2271	\N	236	2025-03-27	13935.00	1	2025-07-06 15:21:23.235748	2025-07-06 15:21:23.235748	0.54	7593.01
2272	\N	29	2025-03-28	9471.44	1	2025-07-06 15:21:23.469517	2025-07-06 15:21:23.469517	0.65	6156.44
2273	\N	216	2025-03-28	4640.90	1	2025-07-06 15:21:23.710618	2025-07-06 15:21:23.710618	0.60	2784.54
2274	\N	107	2025-03-28	7572.44	1	2025-07-06 15:21:23.950847	2025-07-06 15:21:23.950847	0.45	3407.60
2275	\N	29	2025-03-28	7441.40	1	2025-07-06 15:21:24.171339	2025-07-06 15:21:24.171339	0.60	4464.84
2276	\N	174	2025-03-28	8580.00	1	2025-07-06 15:21:24.578916	2025-07-06 15:21:24.578916	0.45	3861.00
2277	\N	29	2025-03-28	15700.00	1	2025-07-06 15:21:24.886218	2025-07-06 15:21:24.886218	0.60	9420.00
2278	\N	29	2025-03-28	9398.96	1	2025-07-06 15:21:25.10934	2025-07-06 15:21:25.10934	0.60	5639.37
2279	\N	29	2025-03-28	3545.00	1	2025-07-06 15:21:25.317846	2025-07-06 15:21:25.317846	0.58	2069.75
2280	\N	29	2025-03-28	8105.00	1	2025-07-06 15:21:25.538186	2025-07-06 15:21:25.538186	0.56	4521.50
2281	\N	30	2025-03-28	2611.02	1	2025-07-06 15:21:25.784819	2025-07-06 15:21:25.784819	0.70	1827.71
2282	\N	30	2025-03-28	8152.90	1	2025-07-06 15:21:26.201693	2025-07-06 15:21:26.201693	0.21	1751.50
2283	\N	37	2025-04-01	2472.40	1	2025-07-06 15:21:26.47915	2025-07-06 15:21:26.47915	0.50	1242.00
2284	\N	29	2025-04-01	12703.41	1	2025-07-06 15:21:26.687775	2025-07-06 15:21:26.687775	0.60	7622.04
2285	\N	30	2025-04-01	1660.00	1	2025-07-06 15:21:26.927567	2025-07-06 15:21:26.927567	0.40	661.66
2286	\N	29	2025-04-01	7790.56	1	2025-07-06 15:21:27.203067	2025-07-06 15:21:27.203067	0.50	3895.28
2287	\N	237	2025-04-01	11210.00	1	2025-07-06 15:21:27.690047	2025-07-06 15:21:27.690047	0.20	2242.00
2288	\N	46	2025-04-01	6562.73	1	2025-07-06 15:21:27.935345	2025-07-06 15:21:27.935345	0.70	4600.00
2289	\N	72	2025-04-01	3295.00	1	2025-07-06 15:21:28.335695	2025-07-06 15:21:28.335695	0.60	1977.00
2290	\N	29	2025-04-01	11272.80	1	2025-07-06 15:21:28.529796	2025-07-06 15:21:28.529796	0.62	7033.83
2291	\N	30	2025-04-01	8152.90	1	2025-07-06 15:21:28.75508	2025-07-06 15:21:28.75508	0.22	1777.27
2292	\N	238	2025-04-01	26075.00	1	2025-07-06 15:21:29.102481	2025-07-06 15:21:29.102481	0.52	13639.55
2293	\N	30	2025-04-01	7291.50	1	2025-07-06 15:21:29.302632	2025-07-06 15:21:29.302632	0.50	3645.75
2294	\N	29	2025-04-01	9285.00	1	2025-07-06 15:21:29.564239	2025-07-06 15:21:29.564239	0.71	6585.00
2295	\N	146	2025-04-01	3522.66	1	2025-07-06 15:21:29.822906	2025-07-06 15:21:29.822906	0.45	1585.20
2296	\N	235	2025-04-01	6971.25	1	2025-07-06 15:21:30.27444	2025-07-06 15:21:30.27444	0.50	3485.63
2297	\N	29	2025-04-01	22015.00	1	2025-07-06 15:21:30.54804	2025-07-06 15:21:30.54804	0.63	13925.00
2298	\N	30	2025-04-01	2073.65	1	2025-07-06 15:21:30.786943	2025-07-06 15:21:30.786943	0.57	1191.33
2299	\N	29	2025-04-01	11770.00	1	2025-07-06 15:21:31.034944	2025-07-06 15:21:31.034944	0.60	7062.00
2300	\N	30	2025-04-01	7446.85	1	2025-07-06 15:21:31.275727	2025-07-06 15:21:31.275727	0.46	3410.46
2301	\N	30	2025-04-01	7428.96	1	2025-07-06 15:21:31.564868	2025-07-06 15:21:31.564868	0.60	4457.38
2302	\N	38	2025-04-01	6831.45	1	2025-07-06 15:21:31.980549	2025-07-06 15:21:31.980549	0.65	4440.45
2303	\N	80	2025-04-01	6870.00	1	2025-07-06 15:21:32.223689	2025-07-06 15:21:32.223689	0.50	3435.00
2304	\N	29	2025-04-01	11603.32	1	2025-07-06 15:21:32.541439	2025-07-06 15:21:32.541439	0.50	5801.66
2305	\N	30	2025-04-01	10530.80	1	2025-07-06 15:21:32.738357	2025-07-06 15:21:32.738357	0.52	5465.44
2306	\N	50	2025-04-01	10395.28	1	2025-07-06 15:21:32.958026	2025-07-06 15:21:32.958026	0.50	5197.64
2307	\N	46	2025-04-01	8100.00	1	2025-07-06 15:21:33.178924	2025-07-06 15:21:33.178924	0.56	4500.00
2308	\N	29	2025-04-01	9676.66	1	2025-07-06 15:21:33.381619	2025-07-06 15:21:33.381619	0.50	4838.33
2309	\N	29	2025-04-01	11785.00	1	2025-07-06 15:21:33.617036	2025-07-06 15:21:33.617036	0.60	7071.00
2310	\N	30	2025-04-01	10395.00	1	2025-07-06 15:21:33.979601	2025-07-06 15:21:33.979601	0.50	5197.50
2311	\N	35	2025-04-01	7305.00	1	2025-07-06 15:21:34.355723	2025-07-06 15:21:34.355723	0.59	4300.00
2312	\N	67	2025-04-01	10119.80	1	2025-07-06 15:21:34.556339	2025-07-06 15:21:34.556339	0.73	7387.45
2313	\N	239	2025-04-01	8420.00	1	2025-07-06 15:21:35.0542	2025-07-06 15:21:35.0542	0.55	4631.00
2314	\N	67	2025-04-02	9175.00	1	2025-07-06 15:21:35.298694	2025-07-06 15:21:35.298694	0.17	1559.75
2315	\N	30	2025-04-02	5231.81	1	2025-07-06 15:21:35.520178	2025-07-06 15:21:35.520178	0.52	2743.94
2316	\N	35	2025-04-02	11945.96	1	2025-07-06 15:21:35.729517	2025-07-06 15:21:35.729517	0.59	7000.00
2317	\N	30	2025-04-02	11144.77	1	2025-07-06 15:21:35.995265	2025-07-06 15:21:35.995265	0.60	6686.86
2318	\N	67	2025-04-02	7890.00	1	2025-07-06 15:21:36.482616	2025-07-06 15:21:36.482616	0.21	1656.00
2319	\N	200	2025-04-02	6175.00	1	2025-07-06 15:21:36.706978	2025-07-06 15:21:36.706978	0.50	3087.50
2320	\N	35	2025-04-02	10629.71	1	2025-07-06 15:21:37.041405	2025-07-06 15:21:37.041405	0.59	6300.00
2321	\N	143	2025-04-02	11817.22	1	2025-07-06 15:21:37.228156	2025-07-06 15:21:37.228156	0.40	4726.89
2322	\N	30	2025-04-03	4931.83	1	2025-07-06 15:21:37.44924	2025-07-06 15:21:37.44924	0.60	2959.10
2323	\N	29	2025-04-03	9258.09	1	2025-07-06 15:21:37.688396	2025-07-06 15:21:37.688396	0.56	5146.78
2324	\N	33	2025-04-03	4278.16	1	2025-07-06 15:21:37.869358	2025-07-06 15:21:37.869358	0.65	2780.80
2325	\N	50	2025-04-03	1083.75	1	2025-07-06 15:21:38.103709	2025-07-06 15:21:38.103709	0.60	650.25
2326	\N	240	2025-04-03	10034.20	1	2025-07-06 15:21:38.571447	2025-07-06 15:21:38.571447	0.50	5017.10
2327	\N	46	2025-04-03	4561.00	1	2025-07-06 15:21:38.806315	2025-07-06 15:21:38.806315	0.33	1500.00
2328	\N	29	2025-04-03	12842.37	1	2025-07-06 15:21:39.030283	2025-07-06 15:21:39.030283	0.35	4494.83
2329	\N	50	2025-04-03	6030.00	1	2025-07-06 15:21:39.253137	2025-07-06 15:21:39.253137	0.50	3015.00
2330	\N	105	2025-04-03	6230.00	1	2025-07-06 15:21:39.483761	2025-07-06 15:21:39.483761	0.50	3115.00
2331	\N	30	2025-04-03	8585.00	1	2025-07-06 15:21:39.691634	2025-07-06 15:21:39.691634	0.39	3371.06
2332	\N	30	2025-04-03	2680.00	1	2025-07-06 15:21:39.946332	2025-07-06 15:21:39.946332	0.57	1525.99
2333	\N	29	2025-04-03	950.00	1	2025-07-06 15:21:40.438345	2025-07-06 15:21:40.438345	0.60	570.00
2334	\N	30	2025-04-03	1210.45	1	2025-07-06 15:21:40.654885	2025-07-06 15:21:40.654885	0.60	726.27
2335	\N	32	2025-04-03	7913.64	1	2025-07-06 15:21:40.932466	2025-07-06 15:21:40.932466	0.55	4352.50
2336	\N	50	2025-04-03	2677.92	1	2025-07-06 15:21:41.200943	2025-07-06 15:21:41.200943	0.60	1606.75
2337	\N	101	2025-04-03	3088.14	1	2025-07-06 15:21:41.441057	2025-07-06 15:21:41.441057	0.50	1544.07
2338	\N	37	2025-04-03	3990.64	1	2025-07-06 15:21:41.674026	2025-07-06 15:21:41.674026	0.50	1996.00
2339	\N	29	2025-04-03	6067.92	1	2025-07-06 15:21:42.060319	2025-07-06 15:21:42.060319	0.60	3640.00
2340	\N	50	2025-04-03	6340.00	1	2025-07-06 15:21:42.315849	2025-07-06 15:21:42.315849	0.40	2536.00
2341	\N	50	2025-04-03	6322.63	1	2025-07-06 15:21:42.561981	2025-07-06 15:21:42.561981	0.50	3161.31
2342	\N	29	2025-04-03	5138.55	1	2025-07-06 15:21:42.808217	2025-07-06 15:21:42.808217	0.60	3080.00
2343	\N	85	2025-04-04	8245.00	1	2025-07-06 15:21:43.036191	2025-07-06 15:21:43.036191	0.35	2885.75
2344	\N	29	2025-04-04	10245.00	1	2025-07-06 15:21:43.294751	2025-07-06 15:21:43.294751	0.67	6845.00
2345	\N	29	2025-04-04	11071.99	1	2025-07-06 15:21:43.537583	2025-07-06 15:21:43.537583	0.60	6643.19
2346	\N	29	2025-04-04	15384.70	1	2025-07-06 15:21:43.936517	2025-07-06 15:21:43.936517	0.49	7550.00
2347	\N	30	2025-04-04	11720.64	1	2025-07-06 15:21:44.181453	2025-07-06 15:21:44.181453	0.31	3624.70
2348	\N	85	2025-04-04	7010.00	1	2025-07-06 15:21:44.534559	2025-07-06 15:21:44.534559	0.35	2453.50
2349	\N	91	2025-04-04	5900.00	1	2025-07-06 15:21:44.840288	2025-07-06 15:21:44.840288	0.52	3089.75
2350	\N	30	2025-04-04	14383.58	1	2025-07-06 15:21:45.056275	2025-07-06 15:21:45.056275	0.60	8630.14
2351	\N	30	2025-04-04	6605.40	1	2025-07-06 15:21:45.332019	2025-07-06 15:21:45.332019	0.60	3963.24
2352	\N	30	2025-04-04	11795.46	1	2025-07-06 15:21:45.716657	2025-07-06 15:21:45.716657	0.60	7077.28
2353	\N	33	2025-04-04	6820.00	1	2025-07-06 15:21:45.969192	2025-07-06 15:21:45.969192	0.39	2688.00
2354	\N	30	2025-04-04	9598.76	1	2025-07-06 15:21:46.250471	2025-07-06 15:21:46.250471	0.60	5759.26
2355	\N	37	2025-04-04	4309.50	1	2025-07-06 15:21:46.492663	2025-07-06 15:21:46.492663	0.50	2156.00
2356	\N	35	2025-04-04	8223.08	1	2025-07-06 15:21:46.74162	2025-07-06 15:21:46.74162	0.60	4933.85
2357	\N	240	2025-04-07	1190.00	1	2025-07-06 15:21:46.978359	2025-07-06 15:21:46.978359	0.50	595.00
2358	\N	216	2025-04-07	10171.83	1	2025-07-06 15:21:47.219168	2025-07-06 15:21:47.219168	0.54	5494.51
2359	\N	30	2025-04-07	9085.00	1	2025-07-06 15:21:47.635776	2025-07-06 15:21:47.635776	0.70	6359.50
2360	\N	38	2025-04-07	11687.55	1	2025-07-06 15:21:47.911951	2025-07-06 15:21:47.911951	0.50	5843.78
2361	\N	30	2025-04-07	7732.62	1	2025-07-06 15:21:48.18886	2025-07-06 15:21:48.18886	0.35	2699.29
2362	\N	30	2025-04-07	7581.74	1	2025-07-06 15:21:48.443609	2025-07-06 15:21:48.443609	0.30	2274.53
2363	\N	29	2025-04-07	12770.49	1	2025-07-06 15:21:48.686112	2025-07-06 15:21:48.686112	0.50	6385.24
2364	\N	37	2025-04-07	8845.00	1	2025-07-06 15:21:48.919806	2025-07-06 15:21:48.919806	0.30	2654.00
2365	\N	241	2025-04-07	16950.00	1	2025-07-06 15:21:49.441226	2025-07-06 15:21:49.441226	0.50	8475.00
2366	\N	29	2025-04-07	9289.00	1	2025-07-06 15:21:49.680467	2025-07-06 15:21:49.680467	0.40	3715.60
2367	\N	29	2025-04-07	12890.00	1	2025-07-06 15:21:49.90997	2025-07-06 15:21:49.90997	0.50	6445.00
2368	\N	46	2025-04-07	5554.60	1	2025-07-06 15:21:50.151008	2025-07-06 15:21:50.151008	0.72	4000.00
2369	\N	37	2025-04-07	10934.11	1	2025-07-06 15:21:50.359258	2025-07-06 15:21:50.359258	0.60	6561.00
2370	\N	38	2025-04-07	4620.00	1	2025-07-06 15:21:50.591788	2025-07-06 15:21:50.591788	0.50	2310.00
2371	\N	29	2025-04-08	7557.31	1	2025-07-06 15:21:50.865364	2025-07-06 15:21:50.865364	0.50	3778.65
2372	\N	242	2025-04-08	10976.59	1	2025-07-06 15:21:51.376104	2025-07-06 15:21:51.376104	0.70	7738.00
2373	\N	29	2025-04-08	5138.55	1	2025-07-06 15:21:51.592968	2025-07-06 15:21:51.592968	0.60	3080.00
2374	\N	243	2025-04-08	717.95	1	2025-07-06 15:21:52.066158	2025-07-06 15:21:52.066158	0.60	430.05
2375	\N	37	2025-04-08	15322.05	1	2025-07-06 15:21:52.275875	2025-07-06 15:21:52.275875	0.50	7662.00
2376	\N	33	2025-04-08	685.00	1	2025-07-06 15:21:52.52131	2025-07-06 15:21:52.52131	0.60	411.00
2377	\N	216	2025-04-08	16450.19	1	2025-07-06 15:21:52.747681	2025-07-06 15:21:52.747681	0.50	8225.10
2378	\N	29	2025-04-08	905.00	1	2025-07-06 15:21:53.018162	2025-07-06 15:21:53.018162	0.60	543.00
2379	\N	240	2025-04-08	7465.00	1	2025-07-06 15:21:53.410662	2025-07-06 15:21:53.410662	0.50	3732.50
2380	\N	38	2025-04-08	5689.10	1	2025-07-06 15:21:53.644209	2025-07-06 15:21:53.644209	0.65	3697.92
2381	\N	216	2025-04-08	8778.45	1	2025-07-06 15:21:53.882121	2025-07-06 15:21:53.882121	0.55	4828.15
2382	\N	29	2025-04-09	10945.00	1	2025-07-06 15:21:54.128123	2025-07-06 15:21:54.128123	0.50	5472.50
2383	\N	30	2025-04-09	7308.15	1	2025-07-06 15:21:54.345957	2025-07-06 15:21:54.345957	0.47	3444.56
2384	\N	29	2025-04-09	9194.49	1	2025-07-06 15:21:54.589604	2025-07-06 15:21:54.589604	0.60	5525.00
2385	\N	29	2025-04-09	12682.83	1	2025-07-06 15:21:55.113845	2025-07-06 15:21:55.113845	0.58	7410.00
2386	\N	30	2025-04-09	5254.95	1	2025-07-06 15:21:55.31623	2025-07-06 15:21:55.31623	0.70	3678.46
2387	\N	244	2025-04-09	7584.45	1	2025-07-06 15:21:55.676751	2025-07-06 15:21:55.676751	0.35	2654.00
2388	\N	80	2025-04-09	11448.94	1	2025-07-06 15:21:55.893454	2025-07-06 15:21:55.893454	0.75	8586.00
2389	\N	29	2025-04-10	10155.00	1	2025-07-06 15:21:56.156952	2025-07-06 15:21:56.156952	0.39	4000.00
2390	\N	29	2025-04-10	11347.95	1	2025-07-06 15:21:56.390739	2025-07-06 15:21:56.390739	0.42	4709.97
2391	\N	30	2025-04-10	9946.06	1	2025-07-06 15:21:56.728906	2025-07-06 15:21:56.728906	0.64	6360.00
2392	\N	50	2025-04-10	5195.00	1	2025-07-06 15:21:56.979362	2025-07-06 15:21:56.979362	0.50	2597.50
2393	\N	30	2025-04-10	3272.60	1	2025-07-06 15:21:57.391038	2025-07-06 15:21:57.391038	0.41	1345.00
2394	\N	29	2025-04-10	10353.11	1	2025-07-06 15:21:57.586819	2025-07-06 15:21:57.586819	0.50	5176.55
2395	\N	245	2025-04-10	7440.00	1	2025-07-06 15:21:57.975819	2025-07-06 15:21:57.975819	0.81	6000.00
2396	\N	30	2025-04-10	5577.25	1	2025-07-06 15:21:58.204791	2025-07-06 15:21:58.204791	0.60	3346.35
2397	\N	29	2025-04-10	13945.00	1	2025-07-06 15:21:58.465583	2025-07-06 15:21:58.465583	0.50	6972.50
2398	\N	50	2025-04-10	7036.90	1	2025-07-06 15:21:58.68875	2025-07-06 15:21:58.68875	0.50	3518.45
2399	\N	29	2025-04-10	11269.17	1	2025-07-06 15:21:59.190965	2025-07-06 15:21:59.190965	0.55	6168.00
2400	\N	29	2025-04-10	5523.69	1	2025-07-06 15:21:59.489687	2025-07-06 15:21:59.489687	0.60	3314.21
2401	\N	107	2025-04-10	1490.00	1	2025-07-06 15:21:59.69583	2025-07-06 15:21:59.69583	0.55	819.50
2402	\N	30	2025-04-10	7755.00	1	2025-07-06 15:21:59.938995	2025-07-06 15:21:59.938995	0.48	3711.13
2403	\N	50	2025-04-10	4430.00	1	2025-07-06 15:22:00.181739	2025-07-06 15:22:00.181739	0.50	2215.00
2404	\N	29	2025-04-10	7974.25	1	2025-07-06 15:22:00.415553	2025-07-06 15:22:00.415553	0.40	3189.70
2405	\N	29	2025-04-10	15188.81	1	2025-07-06 15:22:00.653137	2025-07-06 15:22:00.653137	0.60	9109.48
2406	\N	50	2025-04-10	6272.47	1	2025-07-06 15:22:01.050074	2025-07-06 15:22:01.050074	0.50	3136.23
2407	\N	50	2025-04-10	2983.97	1	2025-07-06 15:22:01.324123	2025-07-06 15:22:01.324123	0.50	1491.99
2408	\N	128	2025-04-10	7085.00	1	2025-07-06 15:22:01.588045	2025-07-06 15:22:01.588045	0.50	3542.50
2409	\N	128	2025-04-10	5945.00	1	2025-07-06 15:22:01.805416	2025-07-06 15:22:01.805416	0.50	2972.50
2410	\N	50	2025-04-10	5419.39	1	2025-07-06 15:22:02.137565	2025-07-06 15:22:02.137565	0.30	1625.82
2411	\N	29	2025-04-10	17909.74	1	2025-07-06 15:22:02.444563	2025-07-06 15:22:02.444563	0.60	10745.84
2412	\N	87	2025-04-10	8030.00	1	2025-07-06 15:22:02.661112	2025-07-06 15:22:02.661112	0.50	4015.00
2413	\N	33	2025-04-10	11775.00	1	2025-07-06 15:22:03.036127	2025-07-06 15:22:03.036127	0.65	7653.75
2414	\N	29	2025-04-10	6045.75	1	2025-07-06 15:22:03.467439	2025-07-06 15:22:03.467439	0.61	3714.95
2415	\N	30	2025-04-10	6478.71	1	2025-07-06 15:22:03.681993	2025-07-06 15:22:03.681993	0.44	2833.33
2416	\N	87	2025-04-11	7215.00	1	2025-07-06 15:22:03.920557	2025-07-06 15:22:03.920557	0.40	2886.00
2417	\N	29	2025-04-11	2863.13	1	2025-07-06 15:22:04.276626	2025-07-06 15:22:04.276626	0.25	715.78
2418	\N	128	2025-04-11	6325.00	1	2025-07-06 15:22:04.596174	2025-07-06 15:22:04.596174	0.50	3162.50
2419	\N	29	2025-04-11	5805.00	1	2025-07-06 15:22:04.802458	2025-07-06 15:22:04.802458	0.17	1000.00
2420	\N	33	2025-04-11	1630.00	1	2025-07-06 15:22:05.052669	2025-07-06 15:22:05.052669	0.80	1304.00
2421	\N	29	2025-04-11	12100.00	1	2025-07-06 15:22:05.477889	2025-07-06 15:22:05.477889	0.59	7100.00
2422	\N	246	2025-04-11	9886.96	1	2025-07-06 15:22:05.824775	2025-07-06 15:22:05.824775	0.40	3954.76
2423	\N	30	2025-04-14	9234.17	1	2025-07-06 15:22:06.048683	2025-07-06 15:22:06.048683	0.50	4617.08
2424	\N	29	2025-04-14	12910.00	1	2025-07-06 15:22:06.279343	2025-07-06 15:22:06.279343	0.59	7670.00
2425	\N	247	2025-04-14	7146.30	1	2025-07-06 15:22:06.635469	2025-07-06 15:22:06.635469	0.59	4200.00
2426	\N	203	2025-04-14	15110.00	1	2025-07-06 15:22:06.895278	2025-07-06 15:22:06.895278	0.50	7555.00
2427	\N	192	2025-04-14	733.25	1	2025-07-06 15:22:07.099913	2025-07-06 15:22:07.099913	0.00	0.00
2428	\N	248	2025-04-14	3965.00	1	2025-07-06 15:22:07.676518	2025-07-06 15:22:07.676518	0.50	1982.50
2429	\N	247	2025-04-14	11950.83	1	2025-07-06 15:22:07.99623	2025-07-06 15:22:07.99623	0.57	6800.00
2430	\N	29	2025-04-15	11430.01	1	2025-07-06 15:22:08.279244	2025-07-06 15:22:08.279244	0.34	3900.00
2431	\N	249	2025-04-15	6785.00	1	2025-07-06 15:22:08.706697	2025-07-06 15:22:08.706697	0.50	3392.50
2432	\N	250	2025-04-15	12119.32	1	2025-07-06 15:22:09.107094	2025-07-06 15:22:09.107094	0.72	8722.07
2433	\N	87	2025-04-15	7440.00	1	2025-07-06 15:22:09.315913	2025-07-06 15:22:09.315913	0.65	4836.00
2434	\N	251	2025-04-15	10451.47	1	2025-07-06 15:22:09.96459	2025-07-06 15:22:09.96459	0.55	5748.31
2435	\N	252	2025-04-15	6223.89	1	2025-07-06 15:22:10.302121	2025-07-06 15:22:10.302121	0.50	3111.95
2436	\N	250	2025-04-15	14611.03	1	2025-07-06 15:22:10.496628	2025-07-06 15:22:10.496628	0.50	7305.51
2437	\N	35	2025-04-15	2877.24	1	2025-07-06 15:22:10.849104	2025-07-06 15:22:10.849104	0.65	1870.21
2438	\N	253	2025-04-15	7330.00	1	2025-07-06 15:22:11.25916	2025-07-06 15:22:11.25916	0.00	0.00
2439	\N	30	2025-04-15	5465.56	1	2025-07-06 15:22:11.947947	2025-07-06 15:22:11.947947	0.70	3825.90
2440	\N	254	2025-04-15	4680.20	1	2025-07-06 15:22:12.336016	2025-07-06 15:22:12.336016	0.60	2808.12
2441	\N	30	2025-04-15	11810.65	1	2025-07-06 15:22:12.561445	2025-07-06 15:22:12.561445	0.49	5831.80
2442	\N	87	2025-04-15	3715.00	1	2025-07-06 15:22:12.977793	2025-07-06 15:22:12.977793	0.60	2229.00
2443	\N	29	2025-04-16	14785.21	1	2025-07-06 15:22:13.246903	2025-07-06 15:22:13.246903	0.50	7392.61
2444	\N	240	2025-04-16	7500.00	1	2025-07-06 15:22:13.588162	2025-07-06 15:22:13.588162	0.50	3750.00
2445	\N	50	2025-04-16	6120.00	1	2025-07-06 15:22:13.802828	2025-07-06 15:22:13.802828	0.50	3060.00
2446	\N	50	2025-04-16	6635.00	1	2025-07-06 15:22:14.197259	2025-07-06 15:22:14.197259	0.35	2322.25
2447	\N	50	2025-04-16	7700.00	1	2025-07-06 15:22:14.463893	2025-07-06 15:22:14.463893	0.45	3465.00
2448	\N	29	2025-04-16	700.00	1	2025-07-06 15:22:14.787659	2025-07-06 15:22:14.787659	0.64	450.00
2449	\N	29	2025-04-16	4040.00	1	2025-07-06 15:22:15.049039	2025-07-06 15:22:15.049039	0.45	1820.00
2450	\N	35	2025-04-16	12292.75	1	2025-07-06 15:22:15.447476	2025-07-06 15:22:15.447476	0.57	7000.00
2451	\N	29	2025-04-16	10580.89	1	2025-07-06 15:22:15.688208	2025-07-06 15:22:15.688208	0.56	5917.63
2452	\N	35	2025-04-16	9467.37	1	2025-07-06 15:22:15.954375	2025-07-06 15:22:15.954375	0.60	5680.42
2453	\N	56	2025-04-16	12545.16	1	2025-07-06 15:22:16.316991	2025-07-06 15:22:16.316991	0.50	6272.58
2454	\N	29	2025-04-16	7165.10	1	2025-07-06 15:22:16.50751	2025-07-06 15:22:16.50751	0.55	3940.46
2455	\N	29	2025-05-13	16053.65	1	2025-07-06 15:22:16.771821	2025-07-06 15:22:16.771821	0.52	8316.32
2456	\N	30	2025-04-16	14681.63	1	2025-07-06 15:22:17.194912	2025-07-06 15:22:17.194912	0.31	4560.54
2457	\N	255	2025-04-16	10369.82	1	2025-07-06 15:22:17.586014	2025-07-06 15:22:17.586014	0.56	5760.98
2458	\N	32	2025-04-17	9802.63	1	2025-07-06 15:22:17.800207	2025-07-06 15:22:17.800207	0.61	6000.00
2459	\N	32	2025-04-17	3543.92	1	2025-07-06 15:22:18.038061	2025-07-06 15:22:18.038061	0.56	2000.00
2460	\N	32	2025-04-17	4186.45	1	2025-07-06 15:22:18.250549	2025-07-06 15:22:18.250549	0.64	2700.00
2461	\N	69	2025-04-17	11790.00	1	2025-07-06 15:22:18.665075	2025-07-06 15:22:18.665075	0.33	3918.34
2462	\N	139	2025-04-17	10745.00	1	2025-07-06 15:22:18.883321	2025-07-06 15:22:18.883321	0.55	5909.75
2463	\N	115	2025-04-17	1125.00	1	2025-07-06 15:22:19.095038	2025-07-06 15:22:19.095038	0.55	618.75
2464	\N	29	2025-04-17	10609.00	1	2025-07-06 15:22:19.448838	2025-07-06 15:22:19.448838	0.60	6364.80
2465	\N	29	2025-04-17	700.00	1	2025-07-06 15:22:19.683619	2025-07-06 15:22:19.683619	0.50	350.00
2466	\N	53	2025-04-18	11795.00	1	2025-07-06 15:22:19.930612	2025-07-06 15:22:19.930612	0.60	7077.00
2467	\N	29	2025-04-18	17745.00	1	2025-07-06 15:22:20.379232	2025-07-06 15:22:20.379232	0.50	8872.50
2468	\N	50	2025-04-18	3880.00	1	2025-07-06 15:22:20.741881	2025-07-06 15:22:20.741881	0.50	1940.00
2469	\N	29	2025-04-18	15204.14	1	2025-07-06 15:22:21.06435	2025-07-06 15:22:21.06435	0.60	9121.00
2470	\N	38	2025-04-18	3735.00	1	2025-07-06 15:22:21.247033	2025-07-06 15:22:21.247033	0.75	2801.25
2471	\N	37	2025-04-18	9034.48	1	2025-07-06 15:22:21.4705	2025-07-06 15:22:21.4705	0.50	4518.00
2472	\N	30	2025-04-18	7896.63	1	2025-07-06 15:22:21.69381	2025-07-06 15:22:21.69381	0.40	3158.65
2473	\N	38	2025-04-18	10933.73	1	2025-07-06 15:22:22.00096	2025-07-06 15:22:22.00096	0.50	5466.87
2474	\N	67	2025-04-18	7700.00	1	2025-07-06 15:22:22.310827	2025-07-06 15:22:22.310827	0.42	3234.00
2475	\N	33	2025-04-18	2501.60	1	2025-07-06 15:22:22.69806	2025-07-06 15:22:22.69806	0.65	1626.04
2476	\N	256	2025-04-21	3235.00	1	2025-07-06 15:22:23.02904	2025-07-06 15:22:23.02904	0.51	1660.50
2477	\N	80	2025-04-21	2455.00	1	2025-07-06 15:22:23.225174	2025-07-06 15:22:23.225174	0.75	1841.25
2478	\N	38	2025-04-21	13575.33	1	2025-07-06 15:22:23.589337	2025-07-06 15:22:23.589337	0.50	6787.67
2479	\N	38	2025-04-21	10453.24	1	2025-07-06 15:22:23.787068	2025-07-06 15:22:23.787068	0.50	5226.62
2480	\N	30	2025-04-21	8960.00	1	2025-07-06 15:22:24.022158	2025-07-06 15:22:24.022158	0.59	5281.66
2481	\N	30	2025-04-21	8484.69	1	2025-07-06 15:22:24.283206	2025-07-06 15:22:24.283206	0.22	1906.66
2482	\N	30	2025-04-21	3032.15	1	2025-07-06 15:22:24.716632	2025-07-06 15:22:24.716632	0.60	1819.29
2483	\N	30	2025-04-21	914.15	1	2025-07-06 15:22:24.94231	2025-07-06 15:22:24.94231	0.50	457.06
2484	\N	29	2025-04-21	12210.00	1	2025-07-06 15:22:25.220199	2025-07-06 15:22:25.220199	0.49	6000.00
2485	\N	69	2025-04-21	7995.00	1	2025-07-06 15:22:25.442277	2025-07-06 15:22:25.442277	0.50	3997.50
2486	\N	30	2025-04-21	6811.70	1	2025-07-06 15:22:25.692809	2025-07-06 15:22:25.692809	0.54	3691.82
2487	\N	257	2025-04-21	9082.33	1	2025-07-06 15:22:26.261465	2025-07-06 15:22:26.261465	0.40	3600.00
2488	\N	29	2025-04-21	19155.60	1	2025-07-06 15:22:26.575822	2025-07-06 15:22:26.575822	0.65	12451.14
2489	\N	30	2025-04-21	11730.85	1	2025-07-06 15:22:26.814126	2025-07-06 15:22:26.814126	0.60	7038.51
2490	\N	216	2025-04-22	2055.00	1	2025-07-06 15:22:27.053809	2025-07-06 15:22:27.053809	0.49	1000.00
2491	\N	29	2025-04-22	13115.00	1	2025-07-06 15:22:27.281119	2025-07-06 15:22:27.281119	0.53	6965.00
2492	\N	30	2025-04-22	7447.52	1	2025-07-06 15:22:27.489604	2025-07-06 15:22:27.489604	0.38	2800.00
2493	\N	46	2025-04-22	6499.76	1	2025-07-06 15:22:27.908698	2025-07-06 15:22:27.908698	0.59	3850.00
2494	\N	29	2025-04-22	1773.50	1	2025-07-06 15:22:28.249069	2025-07-06 15:22:28.249069	0.55	975.42
2495	\N	33	2025-04-22	8430.00	1	2025-07-06 15:22:28.4509	2025-07-06 15:22:28.4509	0.65	5479.50
2496	\N	171	2025-04-22	15965.00	1	2025-07-06 15:22:28.671139	2025-07-06 15:22:28.671139	0.44	7000.00
2497	\N	35	2025-04-22	6945.00	1	2025-07-06 15:22:28.950705	2025-07-06 15:22:28.950705	0.55	3800.00
2498	\N	35	2025-04-22	7185.00	1	2025-07-06 15:22:29.198291	2025-07-06 15:22:29.198291	0.58	4200.00
2499	\N	30	2025-04-22	9876.09	1	2025-07-06 15:22:29.4629	2025-07-06 15:22:29.4629	0.65	6419.46
2500	\N	29	2025-04-22	10180.00	1	2025-07-06 15:22:29.710726	2025-07-06 15:22:29.710726	0.55	5599.00
2501	\N	46	2025-04-22	8881.64	1	2025-07-06 15:22:30.16226	2025-07-06 15:22:30.16226	0.51	4500.00
2502	\N	29	2025-04-22	14756.10	1	2025-07-06 15:22:30.35167	2025-07-06 15:22:30.35167	0.55	8115.85
2503	\N	32	2025-04-22	14182.03	1	2025-07-06 15:22:30.632729	2025-07-06 15:22:30.632729	0.67	9500.00
2504	\N	29	2025-04-22	11706.75	1	2025-07-06 15:22:30.893127	2025-07-06 15:22:30.893127	0.60	7024.05
2505	\N	31	2025-04-22	8420.00	1	2025-07-06 15:22:31.197491	2025-07-06 15:22:31.197491	0.50	4210.00
2506	\N	33	2025-04-22	3941.96	1	2025-07-06 15:22:31.477676	2025-07-06 15:22:31.477676	0.65	2562.27
2507	\N	30	2025-05-12	11448.93	1	2025-07-06 15:22:31.897579	2025-07-06 15:22:31.897579	0.50	5724.46
2508	\N	258	2025-04-22	5321.22	1	2025-07-06 15:22:32.263389	2025-07-06 15:22:32.263389	0.56	3000.00
2509	\N	29	2025-04-23	18439.25	1	2025-07-06 15:22:32.505642	2025-07-06 15:22:32.505642	0.55	10141.59
2510	\N	29	2025-04-23	9661.87	1	2025-07-06 15:22:32.733319	2025-07-06 15:22:32.733319	0.55	5314.03
2511	\N	259	2025-04-23	5373.45	1	2025-07-06 15:22:33.125468	2025-07-06 15:22:33.125468	0.26	1400.00
2512	\N	30	2025-04-23	14014.15	1	2025-07-06 15:22:33.360776	2025-07-06 15:22:33.360776	0.40	5605.66
2513	\N	34	2025-04-23	4270.00	1	2025-07-06 15:22:33.569435	2025-07-06 15:22:33.569435	0.30	1281.00
2514	\N	35	2025-04-23	10133.50	1	2025-07-06 15:22:34.016261	2025-07-06 15:22:34.016261	0.59	6000.00
2515	\N	37	2025-04-23	7135.00	1	2025-07-06 15:22:34.312064	2025-07-06 15:22:34.312064	0.50	3567.50
2516	\N	37	2025-04-23	9486.45	1	2025-07-06 15:22:34.555642	2025-07-06 15:22:34.555642	0.50	4744.00
2517	\N	37	2025-04-23	11680.00	1	2025-07-06 15:22:34.780924	2025-07-06 15:22:34.780924	0.40	4672.00
2518	\N	37	2025-04-23	17885.00	1	2025-07-06 15:22:35.021798	2025-07-06 15:22:35.021798	0.40	7154.00
2519	\N	38	2025-04-23	6306.27	1	2025-07-06 15:22:35.319544	2025-07-06 15:22:35.319544	0.50	3153.14
2520	\N	30	2025-04-23	1680.00	1	2025-07-06 15:22:35.744091	2025-07-06 15:22:35.744091	0.50	840.00
2521	\N	30	2025-04-23	12467.47	1	2025-07-06 15:22:35.953471	2025-07-06 15:22:35.953471	0.40	4986.99
2522	\N	30	2025-04-24	11418.04	1	2025-07-06 15:22:36.20909	2025-07-06 15:22:36.20909	0.57	6500.00
2523	\N	238	2025-04-24	17028.70	1	2025-07-06 15:22:36.44819	2025-07-06 15:22:36.44819	0.50	8514.35
2524	\N	30	2025-04-24	645.00	1	2025-07-06 15:22:36.687811	2025-07-06 15:22:36.687811	0.60	387.00
2525	\N	29	2025-04-24	11705.00	1	2025-07-06 15:22:36.934684	2025-07-06 15:22:36.934684	0.10	1170.50
2526	\N	31	2025-04-24	2491.72	1	2025-07-06 15:22:37.194497	2025-07-06 15:22:37.194497	0.50	1245.86
2527	\N	35	2025-04-24	10452.96	1	2025-07-06 15:22:37.476138	2025-07-06 15:22:37.476138	0.60	6271.78
2528	\N	146	2025-04-24	5295.90	1	2025-07-06 15:22:37.715166	2025-07-06 15:22:37.715166	0.60	3166.66
2529	\N	259	2025-04-24	8640.75	1	2025-07-06 15:22:37.940923	2025-07-06 15:22:37.940923	0.71	6125.00
2530	\N	30	2025-04-24	21770.83	1	2025-07-06 15:22:38.188422	2025-07-06 15:22:38.188422	0.37	8000.00
2531	\N	46	2025-04-25	4501.68	1	2025-07-06 15:22:38.539958	2025-07-06 15:22:38.539958	0.67	3000.00
2532	\N	29	2025-04-25	12494.23	1	2025-07-06 15:22:38.89839	2025-07-06 15:22:38.89839	0.60	7496.54
2533	\N	65	2025-04-25	4800.00	1	2025-07-06 15:22:39.160299	2025-07-06 15:22:39.160299	0.50	2400.00
2534	\N	29	2025-04-25	1005.00	1	2025-07-06 15:22:39.407789	2025-07-06 15:22:39.407789	0.65	653.25
2535	\N	31	2025-04-25	11450.32	1	2025-07-06 15:22:39.697422	2025-07-06 15:22:39.697422	0.52	6000.00
2536	\N	37	2025-04-25	3105.85	1	2025-07-06 15:22:39.940523	2025-07-06 15:22:39.940523	0.50	1553.00
2537	\N	29	2025-04-25	13385.00	1	2025-07-06 15:22:40.225412	2025-07-06 15:22:40.225412	0.30	4015.50
2538	\N	260	2025-04-25	9734.23	1	2025-07-06 15:22:40.651008	2025-07-06 15:22:40.651008	0.65	6327.23
2539	\N	58	2025-04-25	3080.02	1	2025-07-06 15:22:40.914879	2025-07-06 15:22:40.914879	0.50	1540.01
2540	\N	101	2025-04-25	2994.24	1	2025-07-06 15:22:41.144112	2025-07-06 15:22:41.144112	0.50	1497.12
2541	\N	261	2025-04-25	5940.00	1	2025-07-06 15:22:41.531931	2025-07-06 15:22:41.531931	0.60	3564.00
2542	\N	29	2025-04-28	8885.00	1	2025-07-06 15:22:41.772719	2025-07-06 15:22:41.772719	0.36	3242.50
2543	\N	29	2025-04-28	12953.56	1	2025-07-06 15:22:41.978352	2025-07-06 15:22:41.978352	0.40	5181.42
2544	\N	33	2025-04-28	7220.00	1	2025-07-06 15:22:42.475467	2025-07-06 15:22:42.475467	0.55	3971.00
2545	\N	30	2025-04-28	15707.01	1	2025-07-06 15:22:42.762224	2025-07-06 15:22:42.762224	0.51	7969.69
2546	\N	107	2025-04-28	12014.21	1	2025-07-06 15:22:43.058868	2025-07-06 15:22:43.058868	0.50	6007.11
2547	\N	30	2025-04-28	2940.00	1	2025-07-06 15:22:43.339291	2025-07-06 15:22:43.339291	0.70	2058.00
2548	\N	30	2025-04-28	8616.74	1	2025-07-06 15:22:43.622034	2025-07-06 15:22:43.622034	0.70	6031.72
2549	\N	33	2025-04-28	6185.00	1	2025-07-06 15:22:43.894254	2025-07-06 15:22:43.894254	0.45	2792.59
2550	\N	46	2025-04-28	10079.36	1	2025-07-06 15:22:44.151816	2025-07-06 15:22:44.151816	0.58	5800.00
2551	\N	63	2025-04-28	4919.81	1	2025-07-06 15:22:44.53225	2025-07-06 15:22:44.53225	0.50	2460.00
2552	\N	29	2025-04-28	9216.18	1	2025-07-06 15:22:44.781647	2025-07-06 15:22:44.781647	0.59	5450.00
2553	\N	30	2025-04-28	4992.52	1	2025-07-06 15:22:45.187087	2025-07-06 15:22:45.187087	0.64	3196.66
2554	\N	46	2025-04-28	7278.33	1	2025-07-06 15:22:45.403976	2025-07-06 15:22:45.403976	0.41	3000.00
2555	\N	29	2025-04-29	12640.00	1	2025-07-06 15:22:45.766449	2025-07-06 15:22:45.766449	0.60	7584.00
2556	\N	29	2025-04-29	4330.00	1	2025-07-06 15:22:46.00862	2025-07-06 15:22:46.00862	0.50	2165.00
2557	\N	29	2025-04-29	9873.10	1	2025-07-06 15:22:46.261509	2025-07-06 15:22:46.261509	0.55	5400.00
2558	\N	29	2025-04-29	13575.25	1	2025-07-06 15:22:46.554237	2025-07-06 15:22:46.554237	0.43	5800.00
2559	\N	29	2025-04-29	4570.00	1	2025-07-06 15:22:46.932294	2025-07-06 15:22:46.932294	0.50	2285.00
2560	\N	101	2025-04-29	6040.27	1	2025-07-06 15:22:47.16494	2025-07-06 15:22:47.16494	0.65	3926.18
2561	\N	29	2025-04-29	11570.00	1	2025-07-06 15:22:47.448401	2025-07-06 15:22:47.448401	0.58	6750.00
2562	\N	192	2025-04-29	9688.33	1	2025-07-06 15:22:47.695352	2025-07-06 15:22:47.695352	0.54	5231.68
2563	\N	262	2025-04-29	3785.00	1	2025-07-06 15:22:48.027411	2025-07-06 15:22:48.027411	0.50	1892.50
2564	\N	29	2025-04-29	5335.00	1	2025-07-06 15:22:48.259406	2025-07-06 15:22:48.259406	0.55	2910.00
2565	\N	29	2025-04-29	15027.78	1	2025-07-06 15:22:48.640558	2025-07-06 15:22:48.640558	0.58	8750.00
2566	\N	29	2025-04-29	15000.00	1	2025-07-06 15:22:48.923674	2025-07-06 15:22:48.923674	0.55	8250.00
2567	\N	29	2025-04-29	2421.57	1	2025-07-06 15:22:49.162488	2025-07-06 15:22:49.162488	0.52	1250.78
2568	\N	29	2025-04-29	11833.77	1	2025-07-06 15:22:49.395586	2025-07-06 15:22:49.395586	0.67	7892.00
2569	\N	29	2025-04-29	8687.36	1	2025-07-06 15:22:49.614389	2025-07-06 15:22:49.614389	0.57	4952.94
2570	\N	29	2025-04-29	3409.52	1	2025-07-06 15:22:49.883095	2025-07-06 15:22:49.883095	0.50	1704.75
2571	\N	29	2025-04-30	5939.27	1	2025-07-06 15:22:50.112357	2025-07-06 15:22:50.112357	0.51	3050.40
2572	\N	36	2025-04-30	3550.00	1	2025-07-06 15:22:50.511383	2025-07-06 15:22:50.511383	0.31	1100.00
2573	\N	36	2025-04-30	3740.00	1	2025-07-06 15:22:50.84516	2025-07-06 15:22:50.84516	0.29	1100.00
2574	\N	36	2025-04-30	3515.00	1	2025-07-06 15:22:51.01563	2025-07-06 15:22:51.01563	0.31	1100.00
2575	\N	46	2025-04-30	8030.31	1	2025-07-06 15:22:51.240655	2025-07-06 15:22:51.240655	0.40	3200.00
2576	\N	101	2025-04-30	745.00	1	2025-07-06 15:22:51.446704	2025-07-06 15:22:51.446704	0.65	484.25
2577	\N	221	2025-04-30	12160.00	1	2025-07-06 15:22:51.689829	2025-07-06 15:22:51.689829	0.65	7904.00
2578	\N	29	2025-04-30	16646.52	1	2025-07-06 15:22:51.928242	2025-07-06 15:22:51.928242	0.60	9905.00
2579	\N	29	2025-04-30	5925.00	1	2025-07-06 15:22:52.214541	2025-07-06 15:22:52.214541	0.15	904.08
2580	\N	143	2025-04-30	12177.76	1	2025-07-06 15:22:52.556482	2025-07-06 15:22:52.556482	0.50	6088.88
2581	\N	50	2025-04-30	8099.65	1	2025-07-06 15:22:52.804271	2025-07-06 15:22:52.804271	0.35	2834.88
2582	\N	29	2025-04-30	9310.00	1	2025-07-06 15:22:53.033884	2025-07-06 15:22:53.033884	0.57	5350.00
2583	\N	263	2025-04-30	6103.06	1	2025-07-06 15:22:53.421865	2025-07-06 15:22:53.421865	0.50	3051.53
2584	\N	50	2025-04-30	10297.51	1	2025-07-06 15:22:53.637854	2025-07-06 15:22:53.637854	0.50	5148.75
2585	\N	30	2025-04-30	10164.70	1	2025-07-06 15:22:54.08557	2025-07-06 15:22:54.08557	0.42	4223.47
2586	\N	36	2025-04-30	7400.00	1	2025-07-06 15:22:54.261074	2025-07-06 15:22:54.261074	0.66	4906.00
2587	\N	31	2025-04-30	10257.26	1	2025-07-06 15:22:54.463699	2025-07-06 15:22:54.463699	0.50	5128.63
2588	\N	31	2025-04-30	10176.20	1	2025-07-06 15:22:54.697549	2025-07-06 15:22:54.697549	0.50	5088.10
2589	\N	37	2025-04-30	8310.57	1	2025-07-06 15:22:54.931468	2025-07-06 15:22:54.931468	0.50	4155.00
2590	\N	29	2025-04-30	11449.32	1	2025-07-06 15:22:55.187565	2025-07-06 15:22:55.187565	0.60	6840.00
2591	\N	30	2025-04-30	10162.95	1	2025-07-06 15:22:55.422919	2025-07-06 15:22:55.422919	0.34	3480.66
2592	\N	50	2025-04-30	8285.24	1	2025-07-06 15:22:55.63072	2025-07-06 15:22:55.63072	0.35	2899.83
2593	\N	30	2025-05-01	8111.40	1	2025-07-06 15:22:56.059742	2025-07-06 15:22:56.059742	0.38	3097.33
2594	\N	264	2025-05-01	12850.00	1	2025-07-06 15:22:56.554729	2025-07-06 15:22:56.554729	0.60	7710.00
2595	\N	29	2025-05-01	720.40	1	2025-07-06 15:22:56.772186	2025-07-06 15:22:56.772186	0.46	330.00
2596	\N	30	2025-05-01	10110.88	1	2025-07-06 15:22:57.030174	2025-07-06 15:22:57.030174	0.39	3904.50
2597	\N	30	2025-05-01	7997.30	1	2025-07-06 15:22:57.293355	2025-07-06 15:22:57.293355	0.35	2794.00
2598	\N	265	2025-05-01	3166.31	1	2025-07-06 15:22:57.654354	2025-07-06 15:22:57.654354	0.54	1700.00
2599	\N	29	2025-05-01	12703.60	1	2025-07-06 15:22:58.000654	2025-07-06 15:22:58.000654	0.61	7792.16
2600	\N	46	2025-05-01	4255.00	1	2025-07-06 15:22:58.382995	2025-07-06 15:22:58.382995	0.75	3200.00
2601	\N	216	2025-05-01	10625.00	1	2025-07-06 15:22:58.645288	2025-07-06 15:22:58.645288	0.50	5312.50
2602	\N	30	2025-05-01	9216.60	1	2025-07-06 15:22:58.9775	2025-07-06 15:22:58.9775	0.31	2833.92
2603	\N	259	2025-05-01	9717.07	1	2025-07-06 15:22:59.195517	2025-07-06 15:22:59.195517	0.27	2625.00
2604	\N	29	2025-05-01	12626.89	1	2025-07-06 15:22:59.455681	2025-07-06 15:22:59.455681	0.40	5050.75
2605	\N	30	2025-05-01	3245.47	1	2025-07-06 15:22:59.680935	2025-07-06 15:22:59.680935	0.00	0.00
2606	\N	67	2025-05-01	8030.00	1	2025-07-06 15:22:59.979789	2025-07-06 15:22:59.979789	0.55	4416.50
2607	\N	266	2025-05-02	6705.00	1	2025-07-06 15:23:00.562034	2025-07-06 15:23:00.562034	0.65	4325.51
2608	\N	29	2025-05-02	6930.21	1	2025-07-06 15:23:00.757036	2025-07-06 15:23:00.757036	0.54	3750.00
2609	\N	30	2025-05-02	17916.18	1	2025-07-06 15:23:00.997198	2025-07-06 15:23:00.997198	0.26	4729.14
2610	\N	30	2025-05-02	12196.59	1	2025-07-06 15:23:01.245935	2025-07-06 15:23:01.245935	0.70	8537.62
2611	\N	267	2025-05-02	6850.80	1	2025-07-06 15:23:01.604875	2025-07-06 15:23:01.604875	0.50	3425.40
2612	\N	29	2025-05-05	1559.65	1	2025-07-06 15:23:02.016912	2025-07-06 15:23:02.016912	0.50	779.82
2613	\N	29	2025-05-05	1559.65	1	2025-07-06 15:23:02.392163	2025-07-06 15:23:02.392163	0.50	779.82
2614	\N	30	2025-05-05	15777.99	1	2025-07-06 15:23:02.785266	2025-07-06 15:23:02.785266	0.31	4891.16
2615	\N	268	2025-05-09	10870.66	1	2025-07-06 15:23:03.165136	2025-07-06 15:23:03.165136	0.49	5300.00
2616	\N	233	2025-05-05	10803.96	1	2025-07-06 15:23:03.368588	2025-07-06 15:23:03.368588	0.60	6482.38
2617	\N	30	2025-05-05	14731.35	1	2025-07-06 15:23:03.602211	2025-07-06 15:23:03.602211	0.37	5499.43
2618	\N	30	2025-05-06	14162.33	1	2025-07-06 15:23:03.820331	2025-07-06 15:23:03.820331	0.39	5515.44
2619	\N	30	2025-05-06	8850.04	1	2025-07-06 15:23:04.037746	2025-07-06 15:23:04.037746	0.62	5487.00
2620	\N	30	2025-05-06	8591.20	1	2025-07-06 15:23:04.277579	2025-07-06 15:23:04.277579	0.29	2500.00
2621	\N	29	2025-05-06	8486.85	1	2025-07-06 15:23:04.633728	2025-07-06 15:23:04.633728	0.55	4667.76
2622	\N	30	2025-05-06	5479.05	1	2025-07-06 15:23:04.950016	2025-07-06 15:23:04.950016	0.39	2159.50
2623	\N	29	2025-05-06	11652.15	1	2025-07-06 15:23:05.178499	2025-07-06 15:23:05.178499	0.55	6408.62
2624	\N	30	2025-05-06	5620.41	1	2025-07-06 15:23:05.403851	2025-07-06 15:23:05.403851	0.50	2810.21
2625	\N	29	2025-05-06	2705.00	1	2025-07-06 15:23:05.683384	2025-07-06 15:23:05.683384	0.57	1544.00
2626	\N	30	2025-05-06	4564.37	1	2025-07-06 15:23:05.89905	2025-07-06 15:23:05.89905	0.60	2738.63
2627	\N	46	2025-05-06	3621.35	1	2025-07-06 15:23:06.307684	2025-07-06 15:23:06.307684	0.75	2700.00
2628	\N	63	2025-05-06	12816.45	1	2025-07-06 15:23:06.52407	2025-07-06 15:23:06.52407	0.60	7690.00
2629	\N	113	2025-05-06	7842.24	1	2025-07-06 15:23:06.770138	2025-07-06 15:23:06.770138	0.50	3921.12
2630	\N	113	2025-05-06	6975.00	1	2025-07-06 15:23:06.990978	2025-07-06 15:23:06.990978	0.60	4185.00
2631	\N	46	2025-05-06	6383.08	1	2025-07-06 15:23:07.220019	2025-07-06 15:23:07.220019	0.78	5000.00
2632	\N	30	2025-05-06	9462.52	1	2025-07-06 15:23:07.456674	2025-07-06 15:23:07.456674	0.70	6623.76
2633	\N	46	2025-05-06	9356.92	1	2025-07-06 15:23:07.686498	2025-07-06 15:23:07.686498	0.74	6900.00
2634	\N	259	2025-05-06	12565.68	1	2025-07-06 15:23:08.125644	2025-07-06 15:23:08.125644	0.39	4894.67
2635	\N	69	2025-05-06	17350.65	1	2025-07-06 15:23:08.377262	2025-07-06 15:23:08.377262	0.29	5000.00
2636	\N	113	2025-05-06	7585.00	1	2025-07-06 15:23:08.599591	2025-07-06 15:23:08.599591	0.60	4551.00
2637	\N	50	2025-05-07	5090.00	1	2025-07-06 15:23:08.868303	2025-07-06 15:23:08.868303	0.60	3054.00
2638	\N	50	2025-05-07	3905.00	1	2025-07-06 15:23:09.086235	2025-07-06 15:23:09.086235	0.60	2343.00
2639	\N	30	2025-05-07	9249.61	1	2025-07-06 15:23:09.333615	2025-07-06 15:23:09.333615	0.60	5549.76
2640	\N	269	2025-05-07	930.00	1	2025-07-06 15:23:09.848249	2025-07-06 15:23:09.848249	0.50	465.00
2641	\N	91	2025-05-07	710.00	1	2025-07-06 15:23:10.266217	2025-07-06 15:23:10.266217	0.55	390.50
2642	\N	270	2025-05-07	6345.00	1	2025-07-06 15:23:10.724988	2025-07-06 15:23:10.724988	0.50	3172.50
2643	\N	30	2025-05-07	4960.00	1	2025-07-06 15:23:10.96401	2025-07-06 15:23:10.96401	0.60	2976.00
2644	\N	29	2025-05-07	11245.00	1	2025-07-06 15:23:11.211282	2025-07-06 15:23:11.211282	0.55	6184.75
2645	\N	29	2025-05-07	14750.00	1	2025-07-06 15:23:11.438639	2025-07-06 15:23:11.438639	0.50	7435.00
2646	\N	29	2025-05-07	11550.00	1	2025-07-06 15:23:11.646772	2025-07-06 15:23:11.646772	0.58	6725.00
2647	\N	29	2025-05-07	4470.00	1	2025-07-06 15:23:11.872676	2025-07-06 15:23:11.872676	0.70	3145.00
2648	\N	113	2025-05-08	8231.92	1	2025-07-06 15:23:12.284648	2025-07-06 15:23:12.284648	0.50	4115.95
2649	\N	35	2025-05-08	6985.00	1	2025-07-06 15:23:12.523358	2025-07-06 15:23:12.523358	0.40	2800.00
2650	\N	46	2025-05-08	7633.69	1	2025-07-06 15:23:12.731966	2025-07-06 15:23:12.731966	0.65	5000.00
2651	\N	29	2025-05-08	5317.07	1	2025-07-06 15:23:12.976398	2025-07-06 15:23:12.976398	0.55	2924.39
2652	\N	30	2025-05-08	8275.96	1	2025-07-06 15:23:13.219394	2025-07-06 15:23:13.219394	0.42	3440.13
2653	\N	30	2025-05-08	6835.90	1	2025-07-06 15:23:13.506637	2025-07-06 15:23:13.506637	0.36	2431.30
2654	\N	30	2025-05-08	11079.50	1	2025-07-06 15:23:13.88722	2025-07-06 15:23:13.88722	0.47	5193.89
2655	\N	30	2025-05-08	17842.98	1	2025-07-06 15:23:14.146962	2025-07-06 15:23:14.146962	0.41	7300.80
2656	\N	46	2025-05-08	9296.08	1	2025-07-06 15:23:14.376313	2025-07-06 15:23:14.376313	0.54	5000.00
2657	\N	29	2025-05-08	11088.95	1	2025-07-06 15:23:14.643583	2025-07-06 15:23:14.643583	0.60	6653.37
2658	\N	59	2025-05-08	14464.73	1	2025-07-06 15:23:14.87258	2025-07-06 15:23:14.87258	0.50	7232.36
2659	\N	37	2025-05-08	11139.70	1	2025-07-06 15:23:15.086443	2025-07-06 15:23:15.086443	0.50	5570.00
2660	\N	29	2025-05-08	12553.57	1	2025-07-06 15:23:15.340861	2025-07-06 15:23:15.340861	0.55	6920.00
2661	\N	30	2025-05-08	7055.00	1	2025-07-06 15:23:15.680334	2025-07-06 15:23:15.680334	0.60	4233.00
2662	\N	30	2025-05-08	13900.11	1	2025-07-06 15:23:15.904389	2025-07-06 15:23:15.904389	0.34	4719.76
2663	\N	29	2025-05-09	19866.07	1	2025-07-06 15:23:16.171815	2025-07-06 15:23:16.171815	0.58	11550.00
2664	\N	233	2025-05-09	10868.45	1	2025-07-06 15:23:16.383116	2025-07-06 15:23:16.383116	0.68	7400.00
2665	\N	30	2025-05-09	11518.25	1	2025-07-06 15:23:16.604342	2025-07-06 15:23:16.604342	0.60	6910.89
2666	\N	29	2025-05-09	8250.87	1	2025-07-06 15:23:17.013439	2025-07-06 15:23:17.013439	0.47	3900.00
2667	\N	91	2025-05-09	8177.37	1	2025-07-06 15:23:17.263664	2025-07-06 15:23:17.263664	0.40	3270.95
2668	\N	46	2025-05-09	8320.00	1	2025-07-06 15:23:17.506834	2025-07-06 15:23:17.506834	0.60	5000.00
2669	\N	50	2025-05-09	6449.92	1	2025-07-06 15:23:17.749756	2025-07-06 15:23:17.749756	0.50	3224.96
2670	\N	37	2025-05-09	8540.80	1	2025-07-06 15:23:18.077467	2025-07-06 15:23:18.077467	0.50	4271.00
2671	\N	37	2025-05-09	5051.76	1	2025-07-06 15:23:18.312792	2025-07-06 15:23:18.312792	0.60	3031.00
2672	\N	37	2025-05-09	6243.57	1	2025-07-06 15:23:18.545694	2025-07-06 15:23:18.545694	0.60	3746.00
2673	\N	37	2025-05-09	14143.94	1	2025-07-06 15:23:18.951537	2025-07-06 15:23:18.951537	0.44	6272.00
2674	\N	30	2025-05-09	6190.67	1	2025-07-06 15:23:19.183448	2025-07-06 15:23:19.183448	0.31	1932.33
2675	\N	29	2025-05-09	11565.00	1	2025-07-06 15:23:19.422311	2025-07-06 15:23:19.422311	0.58	6700.00
2676	\N	271	2025-05-12	1900.00	1	2025-07-06 15:23:19.912339	2025-07-06 15:23:19.912339	0.60	1140.00
2677	\N	53	2025-05-12	3665.00	1	2025-07-06 15:23:20.146763	2025-07-06 15:23:20.146763	0.40	1466.00
2678	\N	126	2025-05-12	10910.00	1	2025-07-06 15:23:20.47824	2025-07-06 15:23:20.47824	0.50	5455.00
2679	\N	146	2025-05-12	10197.91	1	2025-07-06 15:23:20.819705	2025-07-06 15:23:20.819705	0.29	3000.00
2680	\N	30	2025-05-12	5554.80	1	2025-07-06 15:23:21.078514	2025-07-06 15:23:21.078514	0.41	2267.61
2681	\N	72	2025-05-12	5865.00	1	2025-07-06 15:23:21.314007	2025-07-06 15:23:21.314007	0.50	2932.50
2682	\N	29	2025-05-12	11310.00	1	2025-07-06 15:23:21.52753	2025-07-06 15:23:21.52753	0.55	6220.50
2683	\N	29	2025-05-12	2100.00	1	2025-07-06 15:23:21.76943	2025-07-06 15:23:21.76943	0.73	1532.00
2684	\N	29	2025-05-13	7106.27	1	2025-07-06 15:23:22.032461	2025-07-06 15:23:22.032461	0.60	4260.00
2685	\N	29	2025-05-13	3990.73	1	2025-07-06 15:23:22.351725	2025-07-06 15:23:22.351725	0.60	2390.00
2686	\N	80	2025-05-13	1530.00	1	2025-07-06 15:23:22.628281	2025-07-06 15:23:22.628281	0.75	1147.50
2687	\N	126	2025-05-13	11935.00	1	2025-07-06 15:23:22.859248	2025-07-06 15:23:22.859248	0.51	6135.83
2688	\N	29	2025-05-13	9782.55	1	2025-07-06 15:23:23.067384	2025-07-06 15:23:23.067384	0.50	4891.27
2689	\N	29	2025-05-13	1377.00	1	2025-07-06 15:23:23.299762	2025-07-06 15:23:23.299762	0.55	757.34
2690	\N	29	2025-05-13	7596.48	1	2025-07-06 15:23:23.506918	2025-07-06 15:23:23.506918	0.53	4027.42
2691	\N	29	2025-05-13	10997.31	1	2025-07-06 15:23:23.763561	2025-07-06 15:23:23.763561	0.20	2199.46
2692	\N	72	2025-05-13	5695.00	1	2025-07-06 15:23:24.138698	2025-07-06 15:23:24.138698	0.48	2745.00
2693	\N	192	2025-05-13	3803.55	1	2025-07-06 15:23:24.36541	2025-07-06 15:23:24.36541	0.55	2091.68
2694	\N	29	2025-05-14	5010.00	1	2025-07-06 15:23:24.633536	2025-07-06 15:23:24.633536	0.56	2783.90
2695	\N	126	2025-05-14	5975.00	1	2025-07-06 15:23:24.881077	2025-07-06 15:23:24.881077	0.61	3617.75
2696	\N	38	2025-05-14	1785.00	1	2025-07-06 15:23:25.252998	2025-07-06 15:23:25.252998	0.65	1160.25
2697	\N	37	2025-05-14	6503.71	1	2025-07-06 15:23:25.472838	2025-07-06 15:23:25.472838	0.50	3252.00
2698	\N	30	2025-05-14	11752.01	1	2025-07-06 15:23:25.987319	2025-07-06 15:23:25.987319	0.58	6850.98
2699	\N	233	2025-05-14	11774.14	1	2025-07-06 15:23:26.243304	2025-07-06 15:23:26.243304	0.60	7053.19
2700	\N	29	2025-05-14	4642.40	1	2025-07-06 15:23:26.508033	2025-07-06 15:23:26.508033	0.60	2785.00
2701	\N	30	2025-05-15	4974.81	1	2025-07-06 15:23:26.753103	2025-07-06 15:23:26.753103	0.45	2227.36
2702	\N	216	2025-05-15	2640.00	1	2025-07-06 15:23:26.962104	2025-07-06 15:23:26.962104	0.33	880.00
2703	\N	50	2025-05-15	3130.00	1	2025-07-06 15:23:27.215733	2025-07-06 15:23:27.215733	0.22	700.08
2704	\N	50	2025-05-15	2829.30	1	2025-07-06 15:23:27.558667	2025-07-06 15:23:27.558667	0.60	1697.58
2705	\N	50	2025-05-15	2698.50	1	2025-07-06 15:23:27.897137	2025-07-06 15:23:27.897137	0.15	404.77
2706	\N	107	2025-05-15	9095.51	1	2025-07-06 15:23:28.104308	2025-07-06 15:23:28.104308	0.40	3638.20
2707	\N	272	2025-05-15	1706.05	1	2025-07-06 15:23:28.463143	2025-07-06 15:23:28.463143	0.94	1600.00
2708	\N	50	2025-05-15	7411.56	1	2025-07-06 15:23:28.677893	2025-07-06 15:23:28.677893	0.35	2594.05
2709	\N	29	2025-05-15	12789.45	1	2025-07-06 15:23:28.916275	2025-07-06 15:23:28.916275	0.20	2557.89
\.


--
-- TOC entry 4987 (class 0 OID 0)
-- Dependencies: 219
-- Name: attornies_id_seq; Type: SEQUENCE SET; Schema: public; Owner: postgres
--

SELECT pg_catalog.setval('public.attornies_id_seq', 272, true);


--
-- TOC entry 4988 (class 0 OID 0)
-- Dependencies: 223
-- Name: bills_id_seq; Type: SEQUENCE SET; Schema: public; Owner: postgres
--

SELECT pg_catalog.setval('public.bills_id_seq', 1, false);


--
-- TOC entry 4989 (class 0 OID 0)
-- Dependencies: 217
-- Name: locations_id_seq; Type: SEQUENCE SET; Schema: public; Owner: postgres
--

SELECT pg_catalog.setval('public.locations_id_seq', 24, true);


--
-- TOC entry 4990 (class 0 OID 0)
-- Dependencies: 227
-- Name: patient_attorny_log_id_seq; Type: SEQUENCE SET; Schema: public; Owner: postgres
--

SELECT pg_catalog.setval('public.patient_attorny_log_id_seq', 216, true);


--
-- TOC entry 4991 (class 0 OID 0)
-- Dependencies: 225
-- Name: patient_location_log_id_seq; Type: SEQUENCE SET; Schema: public; Owner: postgres
--

SELECT pg_catalog.setval('public.patient_location_log_id_seq', 130, true);


--
-- TOC entry 4992 (class 0 OID 0)
-- Dependencies: 221
-- Name: patients_id_seq; Type: SEQUENCE SET; Schema: public; Owner: postgres
--

SELECT pg_catalog.setval('public.patients_id_seq', 270, true);


--
-- TOC entry 4993 (class 0 OID 0)
-- Dependencies: 229
-- Name: selttlements_id_seq; Type: SEQUENCE SET; Schema: public; Owner: postgres
--

SELECT pg_catalog.setval('public.selttlements_id_seq', 2709, true);


--
-- TOC entry 4793 (class 2606 OID 49171)
-- Name: attornies attornies_name_key; Type: CONSTRAINT; Schema: public; Owner: postgres
--

ALTER TABLE ONLY public.attornies
    ADD CONSTRAINT attornies_name_key UNIQUE (name);


--
-- TOC entry 4795 (class 2606 OID 49169)
-- Name: attornies attornies_pkey; Type: CONSTRAINT; Schema: public; Owner: postgres
--

ALTER TABLE ONLY public.attornies
    ADD CONSTRAINT attornies_pkey PRIMARY KEY (id);


--
-- TOC entry 4799 (class 2606 OID 49191)
-- Name: bills bills_pkey; Type: CONSTRAINT; Schema: public; Owner: postgres
--

ALTER TABLE ONLY public.bills
    ADD CONSTRAINT bills_pkey PRIMARY KEY (id);


--
-- TOC entry 4789 (class 2606 OID 49161)
-- Name: locations locations_name_key; Type: CONSTRAINT; Schema: public; Owner: postgres
--

ALTER TABLE ONLY public.locations
    ADD CONSTRAINT locations_name_key UNIQUE (name);


--
-- TOC entry 4791 (class 2606 OID 49159)
-- Name: locations locations_pkey; Type: CONSTRAINT; Schema: public; Owner: postgres
--

ALTER TABLE ONLY public.locations
    ADD CONSTRAINT locations_pkey PRIMARY KEY (id);


--
-- TOC entry 4803 (class 2606 OID 49234)
-- Name: patient_attorny_log patient_attorny_log_pkey; Type: CONSTRAINT; Schema: public; Owner: postgres
--

ALTER TABLE ONLY public.patient_attorny_log
    ADD CONSTRAINT patient_attorny_log_pkey PRIMARY KEY (id);


--
-- TOC entry 4801 (class 2606 OID 49215)
-- Name: patient_location_log patient_location_log_pkey; Type: CONSTRAINT; Schema: public; Owner: postgres
--

ALTER TABLE ONLY public.patient_location_log
    ADD CONSTRAINT patient_location_log_pkey PRIMARY KEY (id);


--
-- TOC entry 4797 (class 2606 OID 49181)
-- Name: patients patients_pkey; Type: CONSTRAINT; Schema: public; Owner: postgres
--

ALTER TABLE ONLY public.patients
    ADD CONSTRAINT patients_pkey PRIMARY KEY (id);


--
-- TOC entry 4805 (class 2606 OID 57354)
-- Name: settlements selttlements_pkey; Type: CONSTRAINT; Schema: public; Owner: postgres
--

ALTER TABLE ONLY public.settlements
    ADD CONSTRAINT selttlements_pkey PRIMARY KEY (id);


--
-- TOC entry 4806 (class 2606 OID 49197)
-- Name: bills bills_attorney_id_fkey; Type: FK CONSTRAINT; Schema: public; Owner: postgres
--

ALTER TABLE ONLY public.bills
    ADD CONSTRAINT bills_attorney_id_fkey FOREIGN KEY (attorney_id) REFERENCES public.attornies(id);


--
-- TOC entry 4807 (class 2606 OID 49202)
-- Name: bills bills_location_id_fkey; Type: FK CONSTRAINT; Schema: public; Owner: postgres
--

ALTER TABLE ONLY public.bills
    ADD CONSTRAINT bills_location_id_fkey FOREIGN KEY (location_id) REFERENCES public.locations(id);


--
-- TOC entry 4808 (class 2606 OID 49192)
-- Name: bills bills_patient_id_fkey; Type: FK CONSTRAINT; Schema: public; Owner: postgres
--

ALTER TABLE ONLY public.bills
    ADD CONSTRAINT bills_patient_id_fkey FOREIGN KEY (patient_id) REFERENCES public.patients(id);


--
-- TOC entry 4811 (class 2606 OID 49235)
-- Name: patient_attorny_log patient_attorny_log_attorney_id_fkey; Type: FK CONSTRAINT; Schema: public; Owner: postgres
--

ALTER TABLE ONLY public.patient_attorny_log
    ADD CONSTRAINT patient_attorny_log_attorney_id_fkey FOREIGN KEY (attorney_id) REFERENCES public.attornies(id);


--
-- TOC entry 4812 (class 2606 OID 49245)
-- Name: patient_attorny_log patient_attorny_log_location_id_fkey; Type: FK CONSTRAINT; Schema: public; Owner: postgres
--

ALTER TABLE ONLY public.patient_attorny_log
    ADD CONSTRAINT patient_attorny_log_location_id_fkey FOREIGN KEY (location_id) REFERENCES public.locations(id);


--
-- TOC entry 4813 (class 2606 OID 49240)
-- Name: patient_attorny_log patient_attorny_log_patient_id_fkey; Type: FK CONSTRAINT; Schema: public; Owner: postgres
--

ALTER TABLE ONLY public.patient_attorny_log
    ADD CONSTRAINT patient_attorny_log_patient_id_fkey FOREIGN KEY (patient_id) REFERENCES public.patients(id);


--
-- TOC entry 4809 (class 2606 OID 49216)
-- Name: patient_location_log patient_location_log_location_id_fkey; Type: FK CONSTRAINT; Schema: public; Owner: postgres
--

ALTER TABLE ONLY public.patient_location_log
    ADD CONSTRAINT patient_location_log_location_id_fkey FOREIGN KEY (location_id) REFERENCES public.locations(id);


--
-- TOC entry 4810 (class 2606 OID 49221)
-- Name: patient_location_log patient_location_log_patient_id_fkey; Type: FK CONSTRAINT; Schema: public; Owner: postgres
--

ALTER TABLE ONLY public.patient_location_log
    ADD CONSTRAINT patient_location_log_patient_id_fkey FOREIGN KEY (patient_id) REFERENCES public.patients(id);


--
-- TOC entry 4814 (class 2606 OID 57360)
-- Name: settlements selttlements_attorney_id_fkey; Type: FK CONSTRAINT; Schema: public; Owner: postgres
--

ALTER TABLE ONLY public.settlements
    ADD CONSTRAINT selttlements_attorney_id_fkey FOREIGN KEY (attorney_id) REFERENCES public.attornies(id);


--
-- TOC entry 4815 (class 2606 OID 57355)
-- Name: settlements selttlements_patient_id_fkey; Type: FK CONSTRAINT; Schema: public; Owner: postgres
--

ALTER TABLE ONLY public.settlements
    ADD CONSTRAINT selttlements_patient_id_fkey FOREIGN KEY (patient_id) REFERENCES public.patients(id);


-- Completed on 2025-07-08 01:52:42

--
-- PostgreSQL database dump complete
--

CREATE TABLE IF NOT EXISTS doctors (
    id VARCHAR(255) PRIMARY KEY,
    rule_name VARCHAR(255) NOT NULL,
    doctor_name VARCHAR(255) NOT NULL,
    bonus_percentage DECIMAL(5,2) NOT NULL,
    attorneys JSONB NOT NULL DEFAULT '[]',
    created_at TIMESTAMPTZ DEFAULT CURRENT_TIMESTAMP,
    updated_at TIMESTAMPTZ DEFAULT CURRENT_TIMESTAMP
);

-- Create index on doctor_name for faster searches
CREATE INDEX IF NOT EXISTS idx_doctors_doctor_name ON doctors(doctor_name);

-- Create index on rule_name for faster searches
CREATE INDEX IF NOT EXISTS idx_doctors_rule_name ON doctors(rule_name);


-- Insert sample doctors data
INSERT INTO doctors (id, rule_name, doctor_name, bonus_percentage, attorneys) VALUES
("1" 'Orthopedic Rule', 'Dr. John Smith', 15.50, '["Attorney A", "Attorney B"]'),
("2", 'Cardiology Rule', 'Dr. Sarah Johnson', 12.75, '["Attorney C", "Attorney D", "Attorney E"]'),
("3", 'Neurology Rule', 'Dr. Michael Brown', 18.00, '["Attorney F"]')
ON CONFLICT (id) DO NOTHING;
